sample_id,pair_id,attack,model,pretrained,source_name,target_name,epsilon,alpha,steps,threshold,similarity_before,attack_index_similarity_after_attack,attack_index_accepted_after_attack,attack_index_attack_success_before_defense,accepted_before,accepted_after_attack,attack_success_before_defense,defense,defense_kind,defense_params,evaluation_basis,defense_input_similarity_after_attack,similarity_after_defense,accepted_after_defense,attack_success_after_defense,defense_success,defense_bypassed,defense_time_sec,source_file,target_enroll_file,adv_file,perturbation_file,defended_file,source_result_file,defense_result_id,schema_version,status,error_code
vf_ea54843f0264,pair_000002,targeted_pgd_facenet_verification,facenet-pytorch/InceptionResnetV1,vggface2,source_4008c321c1f3,target_03259d71c4a4,0.005,0.001,10,0.47966246581077576,0.25670093297958374,0.518316924571991,True,True,False,false,false,jpeg,transform,"{""quality"":75}",artifact_reload,0.4593991,0.45854035,false,false,false,false,0.0023,artifact_de913d8d0d0ae7ab,artifact_3d7ecf7dde9c6776,artifact_295bacbdaae1e4e0,artifact_16a7154ad79ce2ec,artifact_f5195707bd353162,artifact_31043febf295e8f5,def_2d9cda5a8ff5fdc9f26d,1.0,ok,
vf_ea54843f0264,pair_000002,targeted_pgd_facenet_verification,facenet-pytorch/InceptionResnetV1,vggface2,source_4008c321c1f3,target_03259d71c4a4,0.005,0.001,10,0.47966246581077576,0.25670093297958374,0.518316924571991,True,True,False,false,false,smoothing,transform,"{""radius"":3.0}",artifact_reload,0.4593991,0.1025261,false,false,false,false,0.0027,artifact_de913d8d0d0ae7ab,artifact_3d7ecf7dde9c6776,artifact_295bacbdaae1e4e0,artifact_16a7154ad79ce2ec,artifact_f590be1f57475d18,artifact_31043febf295e8f5,def_92d44ffa3ae7794369b7,1.0,ok,
vf_ea54843f0264,pair_000002,targeted_pgd_facenet_verification,facenet-pytorch/InceptionResnetV1,vggface2,source_4008c321c1f3,target_03259d71c4a4,0.005,0.001,10,0.47966246581077576,0.25670093297958374,0.518316924571991,True,True,False,false,false,bitdepth,transform,"{""bits"":4}",artifact_reload,0.4593991,0.41163933,false,false,false,false,0.0027,artifact_de913d8d0d0ae7ab,artifact_3d7ecf7dde9c6776,artifact_295bacbdaae1e4e0,artifact_16a7154ad79ce2ec,artifact_50e2889bd85cb34f,artifact_31043febf295e8f5,def_a244429713bf96a04096,1.0,ok,
vf_ea54843f0264,pair_000002,targeted_pgd_facenet_verification,facenet-pytorch/InceptionResnetV1,vggface2,source_4008c321c1f3,target_03259d71c4a4,0.005,0.001,10,0.47966246581077576,0.25670093297958374,0.518316924571991,True,True,False,true,true,adv_training,trained,"{""epochs"":5,""lr"":1e-05,""margin"":0.15}",legacy_record,0.518316924571991,0.0127609,false,false,true,false,,artifact_de913d8d0d0ae7ab,artifact_3d7ecf7dde9c6776,artifact_295bacbdaae1e4e0,artifact_16a7154ad79ce2ec,,artifact_ea7152eddc5ff20e,def_cd91bac202b3436b170f,1.0,ok,
vf_7d3bb72dda48,pair_000004,targeted_pgd_facenet_verification,facenet-pytorch/InceptionResnetV1,vggface2,source_3b3b33593a36,target_3b63f0fe705d,0.005,0.001,10,0.47966246581077576,0.3230995237827301,0.5578899383544922,True,True,False,true,true,jpeg,transform,"{""quality"":75}",artifact_reload,0.52593017,0.52597201,true,true,false,true,0.0012,artifact_da9e87f6ecbe5257,artifact_171801e384f394b9,artifact_42dc1d0cfe38b84c,artifact_7fecdce5aee380e6,artifact_6c474ae3a0395999,artifact_31043febf295e8f5,def_91958790a18d8ae54a31,1.0,ok,
vf_7d3bb72dda48,pair_000004,targeted_pgd_facenet_verification,facenet-pytorch/InceptionResnetV1,vggface2,source_3b3b33593a36,target_3b63f0fe705d,0.005,0.001,10,0.47966246581077576,0.3230995237827301,0.5578899383544922,True,True,False,true,true,smoothing,transform,"{""radius"":3.0}",artifact_reload,0.52593017,0.42311728,false,false,true,false,0.0013,artifact_da9e87f6ecbe5257,artifact_171801e384f394b9,artifact_42dc1d0cfe38b84c,artifact_7fecdce5aee380e6,artifact_6f44cbbfc430814c,artifact_31043febf295e8f5,def_439c5eb76ef51602d9d6,1.0,ok,
vf_7d3bb72dda48,pair_000004,targeted_pgd_facenet_verification,facenet-pytorch/InceptionResnetV1,vggface2,source_3b3b33593a36,target_3b63f0fe705d,0.005,0.001,10,0.47966246581077576,0.3230995237827301,0.5578899383544922,True,True,False,true,true,bitdepth,transform,"{""bits"":4}",artifact_reload,0.52593017,0.49408603,true,true,false,true,0.0007,artifact_da9e87f6ecbe5257,artifact_171801e384f394b9,artifact_42dc1d0cfe38b84c,artifact_7fecdce5aee380e6,artifact_df94bb8643bea80e,artifact_31043febf295e8f5,def_ece7b2fcd93ae6dafd4a,1.0,ok,
vf_7d3bb72dda48,pair_000004,targeted_pgd_facenet_verification,facenet-pytorch/InceptionResnetV1,vggface2,source_3b3b33593a36,target_3b63f0fe705d,0.005,0.001,10,0.47966246581077576,0.3230995237827301,0.5578899383544922,True,True,False,true,true,adv_training,trained,"{""epochs"":5,""lr"":1e-05,""margin"":0.15}",legacy_record,0.5578899383544922,0.08263589,false,false,true,false,,artifact_da9e87f6ecbe5257,artifact_171801e384f394b9,artifact_42dc1d0cfe38b84c,artifact_7fecdce5aee380e6,,artifact_ea7152eddc5ff20e,def_c8903b48ea3721bb857e,1.0,ok,
vf_b5633cd5a05d,pair_000007,targeted_pgd_facenet_verification,facenet-pytorch/InceptionResnetV1,vggface2,source_b82940bb25ca,target_bbb0daa338ba,0.005,0.001,10,0.47966246581077576,0.3100721538066864,0.7450315952301025,True,True,False,true,true,jpeg,transform,"{""quality"":75}",artifact_reload,0.69783604,0.69835806,true,true,false,true,0.0013,artifact_9c856e92c37cf757,artifact_ab7f5e80e3063181,artifact_fcb66a31eed0e045,artifact_ac48cd93b3ce0d8d,artifact_3353c261e8a0f335,artifact_31043febf295e8f5,def_182172a6b4a97f4f7f66,1.0,ok,
vf_b5633cd5a05d,pair_000007,targeted_pgd_facenet_verification,facenet-pytorch/InceptionResnetV1,vggface2,source_b82940bb25ca,target_bbb0daa338ba,0.005,0.001,10,0.47966246581077576,0.3100721538066864,0.7450315952301025,True,True,False,true,true,smoothing,transform,"{""radius"":3.0}",artifact_reload,0.69783604,0.00167822,false,false,true,false,0.0014,artifact_9c856e92c37cf757,artifact_ab7f5e80e3063181,artifact_fcb66a31eed0e045,artifact_ac48cd93b3ce0d8d,artifact_5099ad68f00fc254,artifact_31043febf295e8f5,def_342e19ae12609e4eac28,1.0,ok,
vf_b5633cd5a05d,pair_000007,targeted_pgd_facenet_verification,facenet-pytorch/InceptionResnetV1,vggface2,source_b82940bb25ca,target_bbb0daa338ba,0.005,0.001,10,0.47966246581077576,0.3100721538066864,0.7450315952301025,True,True,False,true,true,bitdepth,transform,"{""bits"":4}",artifact_reload,0.69783604,0.65499949,true,true,false,true,0.0008,artifact_9c856e92c37cf757,artifact_ab7f5e80e3063181,artifact_fcb66a31eed0e045,artifact_ac48cd93b3ce0d8d,artifact_83b1eb1f74abedf9,artifact_31043febf295e8f5,def_95c0e9385af260c41de8,1.0,ok,
vf_b5633cd5a05d,pair_000007,targeted_pgd_facenet_verification,facenet-pytorch/InceptionResnetV1,vggface2,source_b82940bb25ca,target_bbb0daa338ba,0.005,0.001,10,0.47966246581077576,0.3100721538066864,0.7450315952301025,True,True,False,true,true,adv_training,trained,"{""epochs"":5,""lr"":1e-05,""margin"":0.15}",legacy_record,0.7450315952301025,0.21742415,false,false,true,false,,artifact_9c856e92c37cf757,artifact_ab7f5e80e3063181,artifact_fcb66a31eed0e045,artifact_ac48cd93b3ce0d8d,,artifact_ea7152eddc5ff20e,def_cfbff90cd6ec5a56ec18,1.0,ok,
vf_4321f23cd7aa,pair_000009,targeted_pgd_facenet_verification,facenet-pytorch/InceptionResnetV1,vggface2,source_3b3b33593a36,target_952b25972fe5,0.005,0.001,10,0.47966246581077576,0.23096619546413422,0.49428918957710266,True,True,False,false,false,jpeg,transform,"{""quality"":75}",artifact_reload,0.46160468,0.45950171,false,false,false,false,0.0012,artifact_b5b7b77629af1cb0,artifact_5748dc30dd2fec7a,artifact_2fb0498ef42c8e7e,artifact_be9872b31c529f6b,artifact_83167efc71989015,artifact_31043febf295e8f5,def_92e16e4c5d82ac06cfa3,1.0,ok,
vf_4321f23cd7aa,pair_000009,targeted_pgd_facenet_verification,facenet-pytorch/InceptionResnetV1,vggface2,source_3b3b33593a36,target_952b25972fe5,0.005,0.001,10,0.47966246581077576,0.23096619546413422,0.49428918957710266,True,True,False,false,false,smoothing,transform,"{""radius"":3.0}",artifact_reload,0.46160468,0.09552124,false,false,false,false,0.0013,artifact_b5b7b77629af1cb0,artifact_5748dc30dd2fec7a,artifact_2fb0498ef42c8e7e,artifact_be9872b31c529f6b,artifact_760babfd2278bc03,artifact_31043febf295e8f5,def_5e1b3b74c356fc1d7551,1.0,ok,
vf_4321f23cd7aa,pair_000009,targeted_pgd_facenet_verification,facenet-pytorch/InceptionResnetV1,vggface2,source_3b3b33593a36,target_952b25972fe5,0.005,0.001,10,0.47966246581077576,0.23096619546413422,0.49428918957710266,True,True,False,false,false,bitdepth,transform,"{""bits"":4}",artifact_reload,0.46160468,0.39943665,false,false,false,false,0.0007,artifact_b5b7b77629af1cb0,artifact_5748dc30dd2fec7a,artifact_2fb0498ef42c8e7e,artifact_be9872b31c529f6b,artifact_351366de7d0cb902,artifact_31043febf295e8f5,def_06af673f9c009c9d64ef,1.0,ok,
vf_4321f23cd7aa,pair_000009,targeted_pgd_facenet_verification,facenet-pytorch/InceptionResnetV1,vggface2,source_3b3b33593a36,target_952b25972fe5,0.005,0.001,10,0.47966246581077576,0.23096619546413422,0.49428918957710266,True,True,False,true,true,adv_training,trained,"{""epochs"":5,""lr"":1e-05,""margin"":0.15}",legacy_record,0.49428918957710266,0.09313954,false,false,true,false,,artifact_b5b7b77629af1cb0,artifact_5748dc30dd2fec7a,artifact_2fb0498ef42c8e7e,artifact_be9872b31c529f6b,,artifact_ea7152eddc5ff20e,def_354c1fdd2d49e2828f17,1.0,ok,
vf_de3be2e27d53,pair_000017,targeted_pgd_facenet_verification,facenet-pytorch/InceptionResnetV1,vggface2,source_16254f944d43,target_5356319edd8e,0.005,0.001,10,0.47966246581077576,0.2069093883037567,0.5090257525444031,True,True,False,true,true,jpeg,transform,"{""quality"":75}",artifact_reload,0.47983536,0.47980666,true,true,false,true,0.0013,artifact_6c1858dca5f5539e,artifact_70a5cd601d02614a,artifact_c36601a6a87b9d41,artifact_66b3febd494a64db,artifact_5c1047859af68287,artifact_31043febf295e8f5,def_25c04661dfca0699e557,1.0,ok,
vf_de3be2e27d53,pair_000017,targeted_pgd_facenet_verification,facenet-pytorch/InceptionResnetV1,vggface2,source_16254f944d43,target_5356319edd8e,0.005,0.001,10,0.47966246581077576,0.2069093883037567,0.5090257525444031,True,True,False,true,true,smoothing,transform,"{""radius"":3.0}",artifact_reload,0.47983536,0.09801713,false,false,true,false,0.0013,artifact_6c1858dca5f5539e,artifact_70a5cd601d02614a,artifact_c36601a6a87b9d41,artifact_66b3febd494a64db,artifact_4c1d1f849625cf4b,artifact_31043febf295e8f5,def_ca398a58e384eb9dee31,1.0,ok,
vf_de3be2e27d53,pair_000017,targeted_pgd_facenet_verification,facenet-pytorch/InceptionResnetV1,vggface2,source_16254f944d43,target_5356319edd8e,0.005,0.001,10,0.47966246581077576,0.2069093883037567,0.5090257525444031,True,True,False,true,true,bitdepth,transform,"{""bits"":4}",artifact_reload,0.47983536,0.45326683,false,false,true,false,0.0007,artifact_6c1858dca5f5539e,artifact_70a5cd601d02614a,artifact_c36601a6a87b9d41,artifact_66b3febd494a64db,artifact_7cea4ab5e8378583,artifact_31043febf295e8f5,def_717eb90825e4dea8ad59,1.0,ok,
vf_de3be2e27d53,pair_000017,targeted_pgd_facenet_verification,facenet-pytorch/InceptionResnetV1,vggface2,source_16254f944d43,target_5356319edd8e,0.005,0.001,10,0.47966246581077576,0.2069093883037567,0.5090257525444031,True,True,False,true,true,adv_training,trained,"{""epochs"":5,""lr"":1e-05,""margin"":0.15}",legacy_record,0.5090257525444031,0.22009265,false,false,true,false,,artifact_6c1858dca5f5539e,artifact_70a5cd601d02614a,artifact_c36601a6a87b9d41,artifact_66b3febd494a64db,,artifact_ea7152eddc5ff20e,def_e65c3c18665816dbdbe8,1.0,ok,
vf_090fcb274067,pair_000023,targeted_pgd_facenet_verification,facenet-pytorch/InceptionResnetV1,vggface2,source_ea9c6f198674,target_3b63f0fe705d,0.005,0.001,10,0.47966246581077576,0.28864219784736633,0.5326390266418457,True,True,False,true,true,jpeg,transform,"{""quality"":75}",artifact_reload,0.50400639,0.50434089,true,true,false,true,0.0012,artifact_f169e6ebdd9ad503,artifact_e054e0512abc6d4f,artifact_8ffa82c44368e2ef,artifact_cd3060a629c2d3a1,artifact_4dfba39b30fa62e1,artifact_31043febf295e8f5,def_ef468c21161c97a4ee74,1.0,ok,
vf_090fcb274067,pair_000023,targeted_pgd_facenet_verification,facenet-pytorch/InceptionResnetV1,vggface2,source_ea9c6f198674,target_3b63f0fe705d,0.005,0.001,10,0.47966246581077576,0.28864219784736633,0.5326390266418457,True,True,False,true,true,smoothing,transform,"{""radius"":3.0}",artifact_reload,0.50400639,0.22634196,false,false,true,false,0.0014,artifact_f169e6ebdd9ad503,artifact_e054e0512abc6d4f,artifact_8ffa82c44368e2ef,artifact_cd3060a629c2d3a1,artifact_136b370be716f216,artifact_31043febf295e8f5,def_05a95897b25c53ec29fc,1.0,ok,
vf_090fcb274067,pair_000023,targeted_pgd_facenet_verification,facenet-pytorch/InceptionResnetV1,vggface2,source_ea9c6f198674,target_3b63f0fe705d,0.005,0.001,10,0.47966246581077576,0.28864219784736633,0.5326390266418457,True,True,False,true,true,bitdepth,transform,"{""bits"":4}",artifact_reload,0.50400639,0.46671608,false,false,true,false,0.0007,artifact_f169e6ebdd9ad503,artifact_e054e0512abc6d4f,artifact_8ffa82c44368e2ef,artifact_cd3060a629c2d3a1,artifact_51a3ffaed99c8084,artifact_31043febf295e8f5,def_098e97e73ee572056168,1.0,ok,
vf_090fcb274067,pair_000023,targeted_pgd_facenet_verification,facenet-pytorch/InceptionResnetV1,vggface2,source_ea9c6f198674,target_3b63f0fe705d,0.005,0.001,10,0.47966246581077576,0.28864219784736633,0.5326390266418457,True,True,False,true,true,adv_training,trained,"{""epochs"":5,""lr"":1e-05,""margin"":0.15}",legacy_record,0.5326390266418457,0.277684,false,false,true,false,,artifact_f169e6ebdd9ad503,artifact_e054e0512abc6d4f,artifact_8ffa82c44368e2ef,artifact_cd3060a629c2d3a1,,artifact_ea7152eddc5ff20e,def_6c8373959069d88c269c,1.0,ok,
vf_72be6e8889a8,pair_000029,targeted_pgd_facenet_verification,facenet-pytorch/InceptionResnetV1,vggface2,source_ebc43d3edd78,target_03259d71c4a4,0.005,0.001,10,0.47966246581077576,0.2958222031593323,0.5673611164093018,True,True,False,true,true,jpeg,transform,"{""quality"":75}",artifact_reload,0.53382748,0.53398561,true,true,false,true,0.0012,artifact_e92b606d4404d551,artifact_1e69815015ae5f50,artifact_b3f262ac52b00bfa,artifact_4a030d9ea3cf758a,artifact_e97ff30d9cf8afbc,artifact_31043febf295e8f5,def_5cc50042934029ef3c24,1.0,ok,
vf_72be6e8889a8,pair_000029,targeted_pgd_facenet_verification,facenet-pytorch/InceptionResnetV1,vggface2,source_ebc43d3edd78,target_03259d71c4a4,0.005,0.001,10,0.47966246581077576,0.2958222031593323,0.5673611164093018,True,True,False,true,true,smoothing,transform,"{""radius"":3.0}",artifact_reload,0.53382748,0.27850908,false,false,true,false,0.0013,artifact_e92b606d4404d551,artifact_1e69815015ae5f50,artifact_b3f262ac52b00bfa,artifact_4a030d9ea3cf758a,artifact_0637c66f43b69fb9,artifact_31043febf295e8f5,def_245145aafdebba3374b1,1.0,ok,
vf_72be6e8889a8,pair_000029,targeted_pgd_facenet_verification,facenet-pytorch/InceptionResnetV1,vggface2,source_ebc43d3edd78,target_03259d71c4a4,0.005,0.001,10,0.47966246581077576,0.2958222031593323,0.5673611164093018,True,True,False,true,true,bitdepth,transform,"{""bits"":4}",artifact_reload,0.53382748,0.48242965,true,true,false,true,0.0008,artifact_e92b606d4404d551,artifact_1e69815015ae5f50,artifact_b3f262ac52b00bfa,artifact_4a030d9ea3cf758a,artifact_341f6d0d488432c1,artifact_31043febf295e8f5,def_452fad243d891a0374e5,1.0,ok,
vf_72be6e8889a8,pair_000029,targeted_pgd_facenet_verification,facenet-pytorch/InceptionResnetV1,vggface2,source_ebc43d3edd78,target_03259d71c4a4,0.005,0.001,10,0.47966246581077576,0.2958222031593323,0.5673611164093018,True,True,False,true,true,adv_training,trained,"{""epochs"":5,""lr"":1e-05,""margin"":0.15}",legacy_record,0.5673611164093018,0.15801354,false,false,true,false,,artifact_e92b606d4404d551,artifact_1e69815015ae5f50,artifact_b3f262ac52b00bfa,artifact_4a030d9ea3cf758a,,artifact_ea7152eddc5ff20e,def_d625d1f8d3dda50db374,1.0,ok,
vf_3229b831cddf,pair_000030,targeted_pgd_facenet_verification,facenet-pytorch/InceptionResnetV1,vggface2,source_ebc43d3edd78,target_6d0d6f90d03e,0.005,0.001,10,0.47966246581077576,0.21223020553588867,0.5459588766098022,True,True,False,true,true,jpeg,transform,"{""quality"":75}",artifact_reload,0.48770806,0.48770806,true,true,false,true,0.0012,artifact_6216890156283f15,artifact_d5a3024acd9831dc,artifact_8b2065cb67ae2862,artifact_0d586d70058fb244,artifact_1bc730c49f13360c,artifact_31043febf295e8f5,def_41cd4e8b35fa771ce563,1.0,ok,
vf_3229b831cddf,pair_000030,targeted_pgd_facenet_verification,facenet-pytorch/InceptionResnetV1,vggface2,source_ebc43d3edd78,target_6d0d6f90d03e,0.005,0.001,10,0.47966246581077576,0.21223020553588867,0.5459588766098022,True,True,False,true,true,smoothing,transform,"{""radius"":3.0}",artifact_reload,0.48770806,0.20930034,false,false,true,false,0.0013,artifact_6216890156283f15,artifact_d5a3024acd9831dc,artifact_8b2065cb67ae2862,artifact_0d586d70058fb244,artifact_fbf5f71d5b899677,artifact_31043febf295e8f5,def_d916d31a9b45f7240afa,1.0,ok,
vf_3229b831cddf,pair_000030,targeted_pgd_facenet_verification,facenet-pytorch/InceptionResnetV1,vggface2,source_ebc43d3edd78,target_6d0d6f90d03e,0.005,0.001,10,0.47966246581077576,0.21223020553588867,0.5459588766098022,True,True,False,true,true,bitdepth,transform,"{""bits"":4}",artifact_reload,0.48770806,0.45284981,false,false,true,false,0.0008,artifact_6216890156283f15,artifact_d5a3024acd9831dc,artifact_8b2065cb67ae2862,artifact_0d586d70058fb244,artifact_7577cd57337b538c,artifact_31043febf295e8f5,def_2bb5eb740247b0a7cbf6,1.0,ok,
vf_3229b831cddf,pair_000030,targeted_pgd_facenet_verification,facenet-pytorch/InceptionResnetV1,vggface2,source_ebc43d3edd78,target_6d0d6f90d03e,0.005,0.001,10,0.47966246581077576,0.21223020553588867,0.5459588766098022,True,True,False,true,true,adv_training,trained,"{""epochs"":5,""lr"":1e-05,""margin"":0.15}",legacy_record,0.5459588766098022,0.09254382,false,false,true,false,,artifact_6216890156283f15,artifact_d5a3024acd9831dc,artifact_8b2065cb67ae2862,artifact_0d586d70058fb244,,artifact_ea7152eddc5ff20e,def_24b97789e61e7bed359f,1.0,ok,
vf_c5bf893fcfcd,pair_000032,targeted_pgd_facenet_verification,facenet-pytorch/InceptionResnetV1,vggface2,source_c65c3c2f694d,target_952b25972fe5,0.005,0.001,10,0.47966246581077576,0.19210177659988403,0.5011372566223145,True,True,False,false,false,jpeg,transform,"{""quality"":75}",artifact_reload,0.47344941,0.47362912,false,false,false,false,0.0013,artifact_00ef974cec449b1b,artifact_6af0ffbb46303aab,artifact_254c68cc1f0469ca,artifact_8af88d537bd6f881,artifact_4418f6df1e37cde8,artifact_31043febf295e8f5,def_f80e89a41e20c7ffc233,1.0,ok,
vf_c5bf893fcfcd,pair_000032,targeted_pgd_facenet_verification,facenet-pytorch/InceptionResnetV1,vggface2,source_c65c3c2f694d,target_952b25972fe5,0.005,0.001,10,0.47966246581077576,0.19210177659988403,0.5011372566223145,True,True,False,false,false,smoothing,transform,"{""radius"":3.0}",artifact_reload,0.47344941,0.23054568,false,false,false,false,0.0014,artifact_00ef974cec449b1b,artifact_6af0ffbb46303aab,artifact_254c68cc1f0469ca,artifact_8af88d537bd6f881,artifact_408c0677f14749fa,artifact_31043febf295e8f5,def_70b15d8c17b0e54759f8,1.0,ok,
vf_c5bf893fcfcd,pair_000032,targeted_pgd_facenet_verification,facenet-pytorch/InceptionResnetV1,vggface2,source_c65c3c2f694d,target_952b25972fe5,0.005,0.001,10,0.47966246581077576,0.19210177659988403,0.5011372566223145,True,True,False,false,false,bitdepth,transform,"{""bits"":4}",artifact_reload,0.47344941,0.44055265,false,false,false,false,0.0007,artifact_00ef974cec449b1b,artifact_6af0ffbb46303aab,artifact_254c68cc1f0469ca,artifact_8af88d537bd6f881,artifact_ad162328e2704391,artifact_31043febf295e8f5,def_2d7d43a9893490670b8d,1.0,ok,
vf_c5bf893fcfcd,pair_000032,targeted_pgd_facenet_verification,facenet-pytorch/InceptionResnetV1,vggface2,source_c65c3c2f694d,target_952b25972fe5,0.005,0.001,10,0.47966246581077576,0.19210177659988403,0.5011372566223145,True,True,False,true,true,adv_training,trained,"{""epochs"":5,""lr"":1e-05,""margin"":0.15}",legacy_record,0.5011372566223145,0.05235644,false,false,true,false,,artifact_00ef974cec449b1b,artifact_6af0ffbb46303aab,artifact_254c68cc1f0469ca,artifact_8af88d537bd6f881,,artifact_ea7152eddc5ff20e,def_09a5fd72d8e33435ae0d,1.0,ok,
vf_c4edf24d3517,pair_000036,targeted_pgd_facenet_verification,facenet-pytorch/InceptionResnetV1,vggface2,source_16254f944d43,target_f279b767b25d,0.005,0.001,10,0.47966246581077576,0.1922152042388916,0.5024973154067993,True,True,False,false,false,jpeg,transform,"{""quality"":75}",artifact_reload,0.46921083,0.46903288,false,false,false,false,0.0014,artifact_0d5b0d4b782dc6e0,artifact_a08b7d0817e18912,artifact_fa5999707f03bed4,artifact_ef4637162ecc808b,artifact_e47628fef9261045,artifact_31043febf295e8f5,def_2b10d01508ec48743f1c,1.0,ok,
vf_c4edf24d3517,pair_000036,targeted_pgd_facenet_verification,facenet-pytorch/InceptionResnetV1,vggface2,source_16254f944d43,target_f279b767b25d,0.005,0.001,10,0.47966246581077576,0.1922152042388916,0.5024973154067993,True,True,False,false,false,smoothing,transform,"{""radius"":3.0}",artifact_reload,0.46921083,0.05323651,false,false,false,false,0.0013,artifact_0d5b0d4b782dc6e0,artifact_a08b7d0817e18912,artifact_fa5999707f03bed4,artifact_ef4637162ecc808b,artifact_450e5a330e9cdbfc,artifact_31043febf295e8f5,def_6128a967a706dfbf8e6f,1.0,ok,
vf_c4edf24d3517,pair_000036,targeted_pgd_facenet_verification,facenet-pytorch/InceptionResnetV1,vggface2,source_16254f944d43,target_f279b767b25d,0.005,0.001,10,0.47966246581077576,0.1922152042388916,0.5024973154067993,True,True,False,false,false,bitdepth,transform,"{""bits"":4}",artifact_reload,0.46921083,0.43248981,false,false,false,false,0.0007,artifact_0d5b0d4b782dc6e0,artifact_a08b7d0817e18912,artifact_fa5999707f03bed4,artifact_ef4637162ecc808b,artifact_2b74da78a0d55276,artifact_31043febf295e8f5,def_0d2c282d40abdd156210,1.0,ok,
vf_c4edf24d3517,pair_000036,targeted_pgd_facenet_verification,facenet-pytorch/InceptionResnetV1,vggface2,source_16254f944d43,target_f279b767b25d,0.005,0.001,10,0.47966246581077576,0.1922152042388916,0.5024973154067993,True,True,False,true,true,adv_training,trained,"{""epochs"":5,""lr"":1e-05,""margin"":0.15}",legacy_record,0.5024973154067993,-0.03550798,false,false,true,false,,artifact_0d5b0d4b782dc6e0,artifact_a08b7d0817e18912,artifact_fa5999707f03bed4,artifact_ef4637162ecc808b,,artifact_ea7152eddc5ff20e,def_b5721bf3a0e35e5fd86e,1.0,ok,
vf_b2ec962e2326,pair_000054,targeted_pgd_facenet_verification,facenet-pytorch/InceptionResnetV1,vggface2,source_6eda93227392,target_6d0d6f90d03e,0.005,0.001,10,0.47966246581077576,0.22119750082492828,0.49572163820266724,True,True,False,false,false,jpeg,transform,"{""quality"":75}",artifact_reload,0.44046399,0.44019255,false,false,false,false,0.0014,artifact_8e318035d86b5084,artifact_df3a6d13c62a5ab3,artifact_1d6ea72d2917ec58,artifact_d22ccf4ed7993cc1,artifact_726466849a741ae0,artifact_31043febf295e8f5,def_23ec65b44ab7415b7d5d,1.0,ok,
vf_b2ec962e2326,pair_000054,targeted_pgd_facenet_verification,facenet-pytorch/InceptionResnetV1,vggface2,source_6eda93227392,target_6d0d6f90d03e,0.005,0.001,10,0.47966246581077576,0.22119750082492828,0.49572163820266724,True,True,False,false,false,smoothing,transform,"{""radius"":3.0}",artifact_reload,0.44046399,0.26984909,false,false,false,false,0.0013,artifact_8e318035d86b5084,artifact_df3a6d13c62a5ab3,artifact_1d6ea72d2917ec58,artifact_d22ccf4ed7993cc1,artifact_17bbe1f042fd583e,artifact_31043febf295e8f5,def_f0a9b9fa0919f0353b4d,1.0,ok,
vf_b2ec962e2326,pair_000054,targeted_pgd_facenet_verification,facenet-pytorch/InceptionResnetV1,vggface2,source_6eda93227392,target_6d0d6f90d03e,0.005,0.001,10,0.47966246581077576,0.22119750082492828,0.49572163820266724,True,True,False,false,false,bitdepth,transform,"{""bits"":4}",artifact_reload,0.44046399,0.42244333,false,false,false,false,0.0009,artifact_8e318035d86b5084,artifact_df3a6d13c62a5ab3,artifact_1d6ea72d2917ec58,artifact_d22ccf4ed7993cc1,artifact_7d061c159399e270,artifact_31043febf295e8f5,def_fdeda23084e8b0669e3c,1.0,ok,
vf_b2ec962e2326,pair_000054,targeted_pgd_facenet_verification,facenet-pytorch/InceptionResnetV1,vggface2,source_6eda93227392,target_6d0d6f90d03e,0.005,0.001,10,0.47966246581077576,0.22119750082492828,0.49572163820266724,True,True,False,true,true,adv_training,trained,"{""epochs"":5,""lr"":1e-05,""margin"":0.15}",legacy_record,0.49572163820266724,-0.10440147,false,false,true,false,,artifact_8e318035d86b5084,artifact_df3a6d13c62a5ab3,artifact_1d6ea72d2917ec58,artifact_d22ccf4ed7993cc1,,artifact_ea7152eddc5ff20e,def_ef50ae90bb22b7b9c155,1.0,ok,
vf_cc42d41730d5,pair_000057,targeted_pgd_facenet_verification,facenet-pytorch/InceptionResnetV1,vggface2,source_16254f944d43,target_f279b767b25d,0.005,0.001,10,0.47966246581077576,0.3084094226360321,0.6383804082870483,True,True,False,true,true,jpeg,transform,"{""quality"":75}",artifact_reload,0.59594476,0.59619838,true,true,false,true,0.0012,artifact_d5889746835fd032,artifact_df15611dfb3b3fe0,artifact_6e89d4a2336edabe,artifact_e2bf181c610a5857,artifact_6495b0533f983bd6,artifact_31043febf295e8f5,def_49432dfcdc72a230c967,1.0,ok,
vf_cc42d41730d5,pair_000057,targeted_pgd_facenet_verification,facenet-pytorch/InceptionResnetV1,vggface2,source_16254f944d43,target_f279b767b25d,0.005,0.001,10,0.47966246581077576,0.3084094226360321,0.6383804082870483,True,True,False,true,true,smoothing,transform,"{""radius"":3.0}",artifact_reload,0.59594476,0.31389755,false,false,true,false,0.0014,artifact_d5889746835fd032,artifact_df15611dfb3b3fe0,artifact_6e89d4a2336edabe,artifact_e2bf181c610a5857,artifact_390627135a4a11e5,artifact_31043febf295e8f5,def_62654817cbfdbdd1f81e,1.0,ok,
vf_cc42d41730d5,pair_000057,targeted_pgd_facenet_verification,facenet-pytorch/InceptionResnetV1,vggface2,source_16254f944d43,target_f279b767b25d,0.005,0.001,10,0.47966246581077576,0.3084094226360321,0.6383804082870483,True,True,False,true,true,bitdepth,transform,"{""bits"":4}",artifact_reload,0.59594476,0.55508107,true,true,false,true,0.0007,artifact_d5889746835fd032,artifact_df15611dfb3b3fe0,artifact_6e89d4a2336edabe,artifact_e2bf181c610a5857,artifact_9670b1b4da9a6eeb,artifact_31043febf295e8f5,def_8ce1de311d0815281a2e,1.0,ok,
vf_cc42d41730d5,pair_000057,targeted_pgd_facenet_verification,facenet-pytorch/InceptionResnetV1,vggface2,source_16254f944d43,target_f279b767b25d,0.005,0.001,10,0.47966246581077576,0.3084094226360321,0.6383804082870483,True,True,False,true,true,adv_training,trained,"{""epochs"":5,""lr"":1e-05,""margin"":0.15}",legacy_record,0.6383804082870483,0.30757439,false,false,true,false,,artifact_d5889746835fd032,artifact_df15611dfb3b3fe0,artifact_6e89d4a2336edabe,artifact_e2bf181c610a5857,,artifact_ea7152eddc5ff20e,def_9edaf3bc478ee1edf466,1.0,ok,
vf_8b68c1bd8551,pair_000063,targeted_pgd_facenet_verification,facenet-pytorch/InceptionResnetV1,vggface2,source_4008c321c1f3,target_f279b767b25d,0.005,0.001,10,0.47966246581077576,0.29493123292922974,0.6265308260917664,True,True,False,true,true,jpeg,transform,"{""quality"":75}",artifact_reload,0.58052814,0.5813756,true,true,false,true,0.0012,artifact_29fdd155fff4459f,artifact_cf1e97cdf24cac9c,artifact_3b7a3a0726681545,artifact_c4481d778ce49558,artifact_3ac681f86ed00302,artifact_31043febf295e8f5,def_94b0b8b98c71ca1bd9ec,1.0,ok,
vf_8b68c1bd8551,pair_000063,targeted_pgd_facenet_verification,facenet-pytorch/InceptionResnetV1,vggface2,source_4008c321c1f3,target_f279b767b25d,0.005,0.001,10,0.47966246581077576,0.29493123292922974,0.6265308260917664,True,True,False,true,true,smoothing,transform,"{""radius"":3.0}",artifact_reload,0.58052814,0.27338365,false,false,true,false,0.0014,artifact_29fdd155fff4459f,artifact_cf1e97cdf24cac9c,artifact_3b7a3a0726681545,artifact_c4481d778ce49558,artifact_de734d35fa21ed36,artifact_31043febf295e8f5,def_c3f64c815a1fa6fdf8fe,1.0,ok,
vf_8b68c1bd8551,pair_000063,targeted_pgd_facenet_verification,facenet-pytorch/InceptionResnetV1,vggface2,source_4008c321c1f3,target_f279b767b25d,0.005,0.001,10,0.47966246581077576,0.29493123292922974,0.6265308260917664,True,True,False,true,true,bitdepth,transform,"{""bits"":4}",artifact_reload,0.58052814,0.57626784,true,true,false,true,0.0007,artifact_29fdd155fff4459f,artifact_cf1e97cdf24cac9c,artifact_3b7a3a0726681545,artifact_c4481d778ce49558,artifact_ce8c8c83a6939ee7,artifact_31043febf295e8f5,def_5dffdfeee49ac56efcd9,1.0,ok,
vf_8b68c1bd8551,pair_000063,targeted_pgd_facenet_verification,facenet-pytorch/InceptionResnetV1,vggface2,source_4008c321c1f3,target_f279b767b25d,0.005,0.001,10,0.47966246581077576,0.29493123292922974,0.6265308260917664,True,True,False,true,true,adv_training,trained,"{""epochs"":5,""lr"":1e-05,""margin"":0.15}",legacy_record,0.6265308260917664,0.47243792,false,false,true,false,,artifact_29fdd155fff4459f,artifact_cf1e97cdf24cac9c,artifact_3b7a3a0726681545,artifact_c4481d778ce49558,,artifact_ea7152eddc5ff20e,def_08e246acc90a0f36e7a7,1.0,ok,
vf_1580f37c8bca,pair_000064,targeted_pgd_facenet_verification,facenet-pytorch/InceptionResnetV1,vggface2,source_27656f3b65b8,target_056bbd32291f,0.005,0.001,10,0.47966246581077576,0.36480143666267395,0.6045866012573242,True,True,False,true,true,jpeg,transform,"{""quality"":75}",artifact_reload,0.56809038,0.56730986,true,true,false,true,0.0012,artifact_b4eef504916baba6,artifact_909f05be7d6f93e5,artifact_a796d7f577c36627,artifact_1b26968b129086d0,artifact_ea1e8d4b28a3ea8a,artifact_31043febf295e8f5,def_03fe66fb4c56ac4b8076,1.0,ok,
vf_1580f37c8bca,pair_000064,targeted_pgd_facenet_verification,facenet-pytorch/InceptionResnetV1,vggface2,source_27656f3b65b8,target_056bbd32291f,0.005,0.001,10,0.47966246581077576,0.36480143666267395,0.6045866012573242,True,True,False,true,true,smoothing,transform,"{""radius"":3.0}",artifact_reload,0.56809038,0.08936198,false,false,true,false,0.0014,artifact_b4eef504916baba6,artifact_909f05be7d6f93e5,artifact_a796d7f577c36627,artifact_1b26968b129086d0,artifact_027c2a1691f0f0a0,artifact_31043febf295e8f5,def_1896a2111eddf0d9f8c6,1.0,ok,
vf_1580f37c8bca,pair_000064,targeted_pgd_facenet_verification,facenet-pytorch/InceptionResnetV1,vggface2,source_27656f3b65b8,target_056bbd32291f,0.005,0.001,10,0.47966246581077576,0.36480143666267395,0.6045866012573242,True,True,False,true,true,bitdepth,transform,"{""bits"":4}",artifact_reload,0.56809038,0.53646976,true,true,false,true,0.0007,artifact_b4eef504916baba6,artifact_909f05be7d6f93e5,artifact_a796d7f577c36627,artifact_1b26968b129086d0,artifact_5983ae4b5a78f887,artifact_31043febf295e8f5,def_7a363273353fdadd329e,1.0,ok,
vf_1580f37c8bca,pair_000064,targeted_pgd_facenet_verification,facenet-pytorch/InceptionResnetV1,vggface2,source_27656f3b65b8,target_056bbd32291f,0.005,0.001,10,0.47966246581077576,0.36480143666267395,0.6045866012573242,True,True,False,true,true,adv_training,trained,"{""epochs"":5,""lr"":1e-05,""margin"":0.15}",legacy_record,0.6045866012573242,0.34734797,false,false,true,false,,artifact_b4eef504916baba6,artifact_909f05be7d6f93e5,artifact_a796d7f577c36627,artifact_1b26968b129086d0,,artifact_ea7152eddc5ff20e,def_76953c8ffd4ef0af3732,1.0,ok,
vf_5192e29fd3b4,pair_000065,targeted_pgd_facenet_verification,facenet-pytorch/InceptionResnetV1,vggface2,source_16254f944d43,target_6d0d6f90d03e,0.005,0.001,10,0.47966246581077576,0.27380460500717163,0.5203720927238464,True,True,False,true,true,jpeg,transform,"{""quality"":75}",artifact_reload,0.49430415,0.4928579,true,true,false,true,0.0012,artifact_86236a20b4ffbb45,artifact_82e5f8447f6d06b0,artifact_2adebe69826b7082,artifact_d5768ab04282a6a9,artifact_a222918572049eed,artifact_31043febf295e8f5,def_c8720776e8c9661b83e0,1.0,ok,
vf_5192e29fd3b4,pair_000065,targeted_pgd_facenet_verification,facenet-pytorch/InceptionResnetV1,vggface2,source_16254f944d43,target_6d0d6f90d03e,0.005,0.001,10,0.47966246581077576,0.27380460500717163,0.5203720927238464,True,True,False,true,true,smoothing,transform,"{""radius"":3.0}",artifact_reload,0.49430415,0.2654196,false,false,true,false,0.0014,artifact_86236a20b4ffbb45,artifact_82e5f8447f6d06b0,artifact_2adebe69826b7082,artifact_d5768ab04282a6a9,artifact_9eb318b86aa421ba,artifact_31043febf295e8f5,def_e6c2ddf24a6ba7f7513c,1.0,ok,
vf_5192e29fd3b4,pair_000065,targeted_pgd_facenet_verification,facenet-pytorch/InceptionResnetV1,vggface2,source_16254f944d43,target_6d0d6f90d03e,0.005,0.001,10,0.47966246581077576,0.27380460500717163,0.5203720927238464,True,True,False,true,true,bitdepth,transform,"{""bits"":4}",artifact_reload,0.49430415,0.4537077,false,false,true,false,0.0007,artifact_86236a20b4ffbb45,artifact_82e5f8447f6d06b0,artifact_2adebe69826b7082,artifact_d5768ab04282a6a9,artifact_c2f0cc8a30896fcd,artifact_31043febf295e8f5,def_7cbf5e0dbac4060be621,1.0,ok,
vf_5192e29fd3b4,pair_000065,targeted_pgd_facenet_verification,facenet-pytorch/InceptionResnetV1,vggface2,source_16254f944d43,target_6d0d6f90d03e,0.005,0.001,10,0.47966246581077576,0.27380460500717163,0.5203720927238464,True,True,False,true,true,adv_training,trained,"{""epochs"":5,""lr"":1e-05,""margin"":0.15}",legacy_record,0.5203720927238464,-0.05608413,false,false,true,false,,artifact_86236a20b4ffbb45,artifact_82e5f8447f6d06b0,artifact_2adebe69826b7082,artifact_d5768ab04282a6a9,,artifact_ea7152eddc5ff20e,def_ec24ce1a98d9f4bd9bd3,1.0,ok,
vf_256d41087135,pair_000068,targeted_pgd_facenet_verification,facenet-pytorch/InceptionResnetV1,vggface2,source_ebc43d3edd78,target_a5eaf0f7d6ad,0.005,0.001,10,0.47966246581077576,0.1892942488193512,0.4979594945907593,True,True,False,false,false,jpeg,transform,"{""quality"":75}",artifact_reload,0.47399145,0.4740473,false,false,false,false,0.0015,artifact_80c4ca0089b1e18e,artifact_da7a177ae1240901,artifact_cc02840ce6e5e174,artifact_7c00b5a60fb0280d,artifact_c69da75b531e1b15,artifact_31043febf295e8f5,def_306c121d0851478f371e,1.0,ok,
vf_256d41087135,pair_000068,targeted_pgd_facenet_verification,facenet-pytorch/InceptionResnetV1,vggface2,source_ebc43d3edd78,target_a5eaf0f7d6ad,0.005,0.001,10,0.47966246581077576,0.1892942488193512,0.4979594945907593,True,True,False,false,false,smoothing,transform,"{""radius"":3.0}",artifact_reload,0.47399145,0.3240256,false,false,false,false,0.0013,artifact_80c4ca0089b1e18e,artifact_da7a177ae1240901,artifact_cc02840ce6e5e174,artifact_7c00b5a60fb0280d,artifact_f6121ab63f3072db,artifact_31043febf295e8f5,def_c590b7c6aec3f0f824ae,1.0,ok,
vf_256d41087135,pair_000068,targeted_pgd_facenet_verification,facenet-pytorch/InceptionResnetV1,vggface2,source_ebc43d3edd78,target_a5eaf0f7d6ad,0.005,0.001,10,0.47966246581077576,0.1892942488193512,0.4979594945907593,True,True,False,false,false,bitdepth,transform,"{""bits"":4}",artifact_reload,0.47399145,0.41771626,false,false,false,false,0.0007,artifact_80c4ca0089b1e18e,artifact_da7a177ae1240901,artifact_cc02840ce6e5e174,artifact_7c00b5a60fb0280d,artifact_38853db498a12e03,artifact_31043febf295e8f5,def_1f9bc98e611f93a08778,1.0,ok,
vf_256d41087135,pair_000068,targeted_pgd_facenet_verification,facenet-pytorch/InceptionResnetV1,vggface2,source_ebc43d3edd78,target_a5eaf0f7d6ad,0.005,0.001,10,0.47966246581077576,0.1892942488193512,0.4979594945907593,True,True,False,true,true,adv_training,trained,"{""epochs"":5,""lr"":1e-05,""margin"":0.15}",legacy_record,0.4979594945907593,0.14737026,false,false,true,false,,artifact_80c4ca0089b1e18e,artifact_da7a177ae1240901,artifact_cc02840ce6e5e174,artifact_7c00b5a60fb0280d,,artifact_ea7152eddc5ff20e,def_93e6e482334b5d4689d3,1.0,ok,
vf_75286422bc69,pair_000070,targeted_pgd_facenet_verification,facenet-pytorch/InceptionResnetV1,vggface2,source_4008c321c1f3,target_03259d71c4a4,0.005,0.001,10,0.47966246581077576,0.4787027835845947,0.6968218684196472,True,True,False,true,true,jpeg,transform,"{""quality"":75}",artifact_reload,0.65036035,0.64839482,true,true,false,true,0.0012,artifact_05ddf0326b85a8b6,artifact_320ef0a30a5cada1,artifact_bda1390ec3c8b955,artifact_041ea0089732b2d4,artifact_dc0b9101f148506e,artifact_31043febf295e8f5,def_e14dac16f92d728fe1e8,1.0,ok,
vf_75286422bc69,pair_000070,targeted_pgd_facenet_verification,facenet-pytorch/InceptionResnetV1,vggface2,source_4008c321c1f3,target_03259d71c4a4,0.005,0.001,10,0.47966246581077576,0.4787027835845947,0.6968218684196472,True,True,False,true,true,smoothing,transform,"{""radius"":3.0}",artifact_reload,0.65036035,0.28142273,false,false,true,false,0.0014,artifact_05ddf0326b85a8b6,artifact_320ef0a30a5cada1,artifact_bda1390ec3c8b955,artifact_041ea0089732b2d4,artifact_ca80bc6d2022a30f,artifact_31043febf295e8f5,def_57988801ec0062146b07,1.0,ok,
vf_75286422bc69,pair_000070,targeted_pgd_facenet_verification,facenet-pytorch/InceptionResnetV1,vggface2,source_4008c321c1f3,target_03259d71c4a4,0.005,0.001,10,0.47966246581077576,0.4787027835845947,0.6968218684196472,True,True,False,true,true,bitdepth,transform,"{""bits"":4}",artifact_reload,0.65036035,0.61217862,true,true,false,true,0.0007,artifact_05ddf0326b85a8b6,artifact_320ef0a30a5cada1,artifact_bda1390ec3c8b955,artifact_041ea0089732b2d4,artifact_cfe8cbc6dd949881,artifact_31043febf295e8f5,def_156d785e31ea749850d8,1.0,ok,
vf_75286422bc69,pair_000070,targeted_pgd_facenet_verification,facenet-pytorch/InceptionResnetV1,vggface2,source_4008c321c1f3,target_03259d71c4a4,0.005,0.001,10,0.47966246581077576,0.4787027835845947,0.6968218684196472,True,True,False,true,true,adv_training,trained,"{""epochs"":5,""lr"":1e-05,""margin"":0.15}",legacy_record,0.6968218684196472,0.04135576,false,false,true,false,,artifact_05ddf0326b85a8b6,artifact_320ef0a30a5cada1,artifact_bda1390ec3c8b955,artifact_041ea0089732b2d4,,artifact_ea7152eddc5ff20e,def_9df6dbb5807e562fcb4b,1.0,ok,
vf_d0571873a360,pair_000078,targeted_pgd_facenet_verification,facenet-pytorch/InceptionResnetV1,vggface2,source_3b3b33593a36,target_3b63f0fe705d,0.005,0.001,10,0.47966246581077576,0.39863404631614685,0.6717525124549866,True,True,False,true,true,jpeg,transform,"{""quality"":75}",artifact_reload,0.64960194,0.65207791,true,true,false,true,0.0013,artifact_f6686f087382f52c,artifact_b4d6234810c17f9d,artifact_2011fcfd39238a89,artifact_d9535283f1678f69,artifact_9f1c1c50323233b9,artifact_31043febf295e8f5,def_570274ddad45fee0f06e,1.0,ok,
vf_d0571873a360,pair_000078,targeted_pgd_facenet_verification,facenet-pytorch/InceptionResnetV1,vggface2,source_3b3b33593a36,target_3b63f0fe705d,0.005,0.001,10,0.47966246581077576,0.39863404631614685,0.6717525124549866,True,True,False,true,true,smoothing,transform,"{""radius"":3.0}",artifact_reload,0.64960194,0.3453877,false,false,true,false,0.0014,artifact_f6686f087382f52c,artifact_b4d6234810c17f9d,artifact_2011fcfd39238a89,artifact_d9535283f1678f69,artifact_8709908bb414564e,artifact_31043febf295e8f5,def_4343c733937263d5213f,1.0,ok,
vf_d0571873a360,pair_000078,targeted_pgd_facenet_verification,facenet-pytorch/InceptionResnetV1,vggface2,source_3b3b33593a36,target_3b63f0fe705d,0.005,0.001,10,0.47966246581077576,0.39863404631614685,0.6717525124549866,True,True,False,true,true,bitdepth,transform,"{""bits"":4}",artifact_reload,0.64960194,0.6227324,true,true,false,true,0.0007,artifact_f6686f087382f52c,artifact_b4d6234810c17f9d,artifact_2011fcfd39238a89,artifact_d9535283f1678f69,artifact_a7893077905dc7da,artifact_31043febf295e8f5,def_2ca979a9559c02c1e931,1.0,ok,
vf_d0571873a360,pair_000078,targeted_pgd_facenet_verification,facenet-pytorch/InceptionResnetV1,vggface2,source_3b3b33593a36,target_3b63f0fe705d,0.005,0.001,10,0.47966246581077576,0.39863404631614685,0.6717525124549866,True,True,False,true,true,adv_training,trained,"{""epochs"":5,""lr"":1e-05,""margin"":0.15}",legacy_record,0.6717525124549866,0.22685073,false,false,true,false,,artifact_f6686f087382f52c,artifact_b4d6234810c17f9d,artifact_2011fcfd39238a89,artifact_d9535283f1678f69,,artifact_ea7152eddc5ff20e,def_c2aaf23dfdd06517e099,1.0,ok,
vf_d131f35b4897,pair_000093,targeted_pgd_facenet_verification,facenet-pytorch/InceptionResnetV1,vggface2,source_9a4dba119416,target_b750d1d78860,0.005,0.001,10,0.47966246581077576,0.39783260226249695,0.6315828561782837,True,True,False,true,true,jpeg,transform,"{""quality"":75}",artifact_reload,0.59173751,0.59203321,true,true,false,true,0.0016,artifact_dc326ec1fabcd6fe,artifact_48c05abae3e6ae56,artifact_199345ab86494430,artifact_d9027e79dc744335,artifact_4d82ecec9df025bb,artifact_31043febf295e8f5,def_6a786ead0343b4bdb9fa,1.0,ok,
vf_d131f35b4897,pair_000093,targeted_pgd_facenet_verification,facenet-pytorch/InceptionResnetV1,vggface2,source_9a4dba119416,target_b750d1d78860,0.005,0.001,10,0.47966246581077576,0.39783260226249695,0.6315828561782837,True,True,False,true,true,smoothing,transform,"{""radius"":3.0}",artifact_reload,0.59173751,0.22209409,false,false,true,false,0.0013,artifact_dc326ec1fabcd6fe,artifact_48c05abae3e6ae56,artifact_199345ab86494430,artifact_d9027e79dc744335,artifact_c485e5d9747b7622,artifact_31043febf295e8f5,def_b770094919f2c9107fcb,1.0,ok,
vf_d131f35b4897,pair_000093,targeted_pgd_facenet_verification,facenet-pytorch/InceptionResnetV1,vggface2,source_9a4dba119416,target_b750d1d78860,0.005,0.001,10,0.47966246581077576,0.39783260226249695,0.6315828561782837,True,True,False,true,true,bitdepth,transform,"{""bits"":4}",artifact_reload,0.59173751,0.55386984,true,true,false,true,0.0007,artifact_dc326ec1fabcd6fe,artifact_48c05abae3e6ae56,artifact_199345ab86494430,artifact_d9027e79dc744335,artifact_70636c3782dd7f1d,artifact_31043febf295e8f5,def_1e24986a6b255316a93b,1.0,ok,
vf_d131f35b4897,pair_000093,targeted_pgd_facenet_verification,facenet-pytorch/InceptionResnetV1,vggface2,source_9a4dba119416,target_b750d1d78860,0.005,0.001,10,0.47966246581077576,0.39783260226249695,0.6315828561782837,True,True,False,true,true,adv_training,trained,"{""epochs"":5,""lr"":1e-05,""margin"":0.15}",legacy_record,0.6315828561782837,0.26350608,false,false,true,false,,artifact_dc326ec1fabcd6fe,artifact_48c05abae3e6ae56,artifact_199345ab86494430,artifact_d9027e79dc744335,,artifact_ea7152eddc5ff20e,def_43462c17adf678a8dd37,1.0,ok,
vf_527d834a90c9,pair_000094,targeted_pgd_facenet_verification,facenet-pytorch/InceptionResnetV1,vggface2,source_6eda93227392,target_bbb0daa338ba,0.005,0.001,10,0.47966246581077576,0.18950439989566803,0.5881280303001404,True,True,False,true,true,jpeg,transform,"{""quality"":75}",artifact_reload,0.54064083,0.54053831,true,true,false,true,0.0013,artifact_8354bcd686c5b9f2,artifact_3eefacd28a87ef97,artifact_6c416034ae40671c,artifact_971c4bf3d174fdd7,artifact_3dd99cd545f3be98,artifact_31043febf295e8f5,def_e706b890a38c57e19f38,1.0,ok,
vf_527d834a90c9,pair_000094,targeted_pgd_facenet_verification,facenet-pytorch/InceptionResnetV1,vggface2,source_6eda93227392,target_bbb0daa338ba,0.005,0.001,10,0.47966246581077576,0.18950439989566803,0.5881280303001404,True,True,False,true,true,smoothing,transform,"{""radius"":3.0}",artifact_reload,0.54064083,0.24643567,false,false,true,false,0.0014,artifact_8354bcd686c5b9f2,artifact_3eefacd28a87ef97,artifact_6c416034ae40671c,artifact_971c4bf3d174fdd7,artifact_002483db14dd0d12,artifact_31043febf295e8f5,def_bf46e6f29293bf4121ab,1.0,ok,
vf_527d834a90c9,pair_000094,targeted_pgd_facenet_verification,facenet-pytorch/InceptionResnetV1,vggface2,source_6eda93227392,target_bbb0daa338ba,0.005,0.001,10,0.47966246581077576,0.18950439989566803,0.5881280303001404,True,True,False,true,true,bitdepth,transform,"{""bits"":4}",artifact_reload,0.54064083,0.51200402,true,true,false,true,0.0007,artifact_8354bcd686c5b9f2,artifact_3eefacd28a87ef97,artifact_6c416034ae40671c,artifact_971c4bf3d174fdd7,artifact_0b763198413457d9,artifact_31043febf295e8f5,def_9bd18bacb0d3f3b9b210,1.0,ok,
vf_527d834a90c9,pair_000094,targeted_pgd_facenet_verification,facenet-pytorch/InceptionResnetV1,vggface2,source_6eda93227392,target_bbb0daa338ba,0.005,0.001,10,0.47966246581077576,0.18950439989566803,0.5881280303001404,True,True,False,true,true,adv_training,trained,"{""epochs"":5,""lr"":1e-05,""margin"":0.15}",legacy_record,0.5881280303001404,0.33576778,false,false,true,false,,artifact_8354bcd686c5b9f2,artifact_3eefacd28a87ef97,artifact_6c416034ae40671c,artifact_971c4bf3d174fdd7,,artifact_ea7152eddc5ff20e,def_ca2edb1cc5dc30f4ea86,1.0,ok,
vf_b5a935500105,pair_000103,targeted_pgd_facenet_verification,facenet-pytorch/InceptionResnetV1,vggface2,source_3b3b33593a36,target_952b25972fe5,0.005,0.001,10,0.47966246581077576,0.36310362815856934,0.5978468060493469,True,True,False,true,true,jpeg,transform,"{""quality"":75}",artifact_reload,0.55387908,0.55387115,true,true,false,true,0.0012,artifact_d704a024263dd8c9,artifact_d38a886b70591cbb,artifact_c5ca0b54ef5d36b2,artifact_1b019f90c17e56e9,artifact_c0c9fa4c39f42ea6,artifact_31043febf295e8f5,def_9a9bcf578eb756346fdc,1.0,ok,
vf_b5a935500105,pair_000103,targeted_pgd_facenet_verification,facenet-pytorch/InceptionResnetV1,vggface2,source_3b3b33593a36,target_952b25972fe5,0.005,0.001,10,0.47966246581077576,0.36310362815856934,0.5978468060493469,True,True,False,true,true,smoothing,transform,"{""radius"":3.0}",artifact_reload,0.55387908,0.22179495,false,false,true,false,0.0014,artifact_d704a024263dd8c9,artifact_d38a886b70591cbb,artifact_c5ca0b54ef5d36b2,artifact_1b019f90c17e56e9,artifact_d96fca9b185de0d4,artifact_31043febf295e8f5,def_dc15605ceca171b07ade,1.0,ok,
vf_b5a935500105,pair_000103,targeted_pgd_facenet_verification,facenet-pytorch/InceptionResnetV1,vggface2,source_3b3b33593a36,target_952b25972fe5,0.005,0.001,10,0.47966246581077576,0.36310362815856934,0.5978468060493469,True,True,False,true,true,bitdepth,transform,"{""bits"":4}",artifact_reload,0.55387908,0.49671489,true,true,false,true,0.0007,artifact_d704a024263dd8c9,artifact_d38a886b70591cbb,artifact_c5ca0b54ef5d36b2,artifact_1b019f90c17e56e9,artifact_2e6666648606245b,artifact_31043febf295e8f5,def_f4cb3a2bca4a51f3593f,1.0,ok,
vf_b5a935500105,pair_000103,targeted_pgd_facenet_verification,facenet-pytorch/InceptionResnetV1,vggface2,source_3b3b33593a36,target_952b25972fe5,0.005,0.001,10,0.47966246581077576,0.36310362815856934,0.5978468060493469,True,True,False,true,true,adv_training,trained,"{""epochs"":5,""lr"":1e-05,""margin"":0.15}",legacy_record,0.5978468060493469,0.18385099,false,false,true,false,,artifact_d704a024263dd8c9,artifact_d38a886b70591cbb,artifact_c5ca0b54ef5d36b2,artifact_1b019f90c17e56e9,,artifact_ea7152eddc5ff20e,def_f30f10a8bd83ace1c515,1.0,ok,
vf_de0f6061f493,pair_000108,targeted_pgd_facenet_verification,facenet-pytorch/InceptionResnetV1,vggface2,source_6eda93227392,target_5356319edd8e,0.005,0.001,10,0.47966246581077576,0.23002798855304718,0.5575147867202759,True,True,False,true,true,jpeg,transform,"{""quality"":75}",artifact_reload,0.49679407,0.49697751,true,true,false,true,0.0015,artifact_79e28d1080e5fb85,artifact_8659a09bb0d88cc9,artifact_abfd134e59a800c6,artifact_a1c798fe614f0b50,artifact_8d0d6adbf336d76c,artifact_31043febf295e8f5,def_bf3da8623ab324666e5a,1.0,ok,
vf_de0f6061f493,pair_000108,targeted_pgd_facenet_verification,facenet-pytorch/InceptionResnetV1,vggface2,source_6eda93227392,target_5356319edd8e,0.005,0.001,10,0.47966246581077576,0.23002798855304718,0.5575147867202759,True,True,False,true,true,smoothing,transform,"{""radius"":3.0}",artifact_reload,0.49679407,0.25149012,false,false,true,false,0.0013,artifact_79e28d1080e5fb85,artifact_8659a09bb0d88cc9,artifact_abfd134e59a800c6,artifact_a1c798fe614f0b50,artifact_054037895d4b3742,artifact_31043febf295e8f5,def_0b596b83ab85754a033c,1.0,ok,
vf_de0f6061f493,pair_000108,targeted_pgd_facenet_verification,facenet-pytorch/InceptionResnetV1,vggface2,source_6eda93227392,target_5356319edd8e,0.005,0.001,10,0.47966246581077576,0.23002798855304718,0.5575147867202759,True,True,False,true,true,bitdepth,transform,"{""bits"":4}",artifact_reload,0.49679407,0.48971361,true,true,false,true,0.0007,artifact_79e28d1080e5fb85,artifact_8659a09bb0d88cc9,artifact_abfd134e59a800c6,artifact_a1c798fe614f0b50,artifact_15889168c5539430,artifact_31043febf295e8f5,def_916b75ce5e02441dfd60,1.0,ok,
vf_de0f6061f493,pair_000108,targeted_pgd_facenet_verification,facenet-pytorch/InceptionResnetV1,vggface2,source_6eda93227392,target_5356319edd8e,0.005,0.001,10,0.47966246581077576,0.23002798855304718,0.5575147867202759,True,True,False,true,true,adv_training,trained,"{""epochs"":5,""lr"":1e-05,""margin"":0.15}",legacy_record,0.5575147867202759,0.4391008,false,false,true,false,,artifact_79e28d1080e5fb85,artifact_8659a09bb0d88cc9,artifact_abfd134e59a800c6,artifact_a1c798fe614f0b50,,artifact_ea7152eddc5ff20e,def_257f8b641ab0decd38fb,1.0,ok,
vf_6663921a6626,pair_000113,targeted_pgd_facenet_verification,facenet-pytorch/InceptionResnetV1,vggface2,source_4008c321c1f3,target_bbb0daa338ba,0.005,0.001,10,0.47966246581077576,0.2551112174987793,0.5548455715179443,True,True,False,true,true,jpeg,transform,"{""quality"":75}",artifact_reload,0.53202081,0.53203398,true,true,false,true,0.0013,artifact_b9d6d006b766e67b,artifact_85ae54dca31fd5b4,artifact_174e6917dd256782,artifact_7bc109bc8f57240b,artifact_819c32303b2a54d1,artifact_31043febf295e8f5,def_5061adcc1594e8136e46,1.0,ok,
vf_6663921a6626,pair_000113,targeted_pgd_facenet_verification,facenet-pytorch/InceptionResnetV1,vggface2,source_4008c321c1f3,target_bbb0daa338ba,0.005,0.001,10,0.47966246581077576,0.2551112174987793,0.5548455715179443,True,True,False,true,true,smoothing,transform,"{""radius"":3.0}",artifact_reload,0.53202081,0.36159396,false,false,true,false,0.0014,artifact_b9d6d006b766e67b,artifact_85ae54dca31fd5b4,artifact_174e6917dd256782,artifact_7bc109bc8f57240b,artifact_94453872d062aaaa,artifact_31043febf295e8f5,def_2e3c084bf1bba685f386,1.0,ok,
vf_6663921a6626,pair_000113,targeted_pgd_facenet_verification,facenet-pytorch/InceptionResnetV1,vggface2,source_4008c321c1f3,target_bbb0daa338ba,0.005,0.001,10,0.47966246581077576,0.2551112174987793,0.5548455715179443,True,True,False,true,true,bitdepth,transform,"{""bits"":4}",artifact_reload,0.53202081,0.50242531,true,true,false,true,0.0007,artifact_b9d6d006b766e67b,artifact_85ae54dca31fd5b4,artifact_174e6917dd256782,artifact_7bc109bc8f57240b,artifact_978bf66090d7621c,artifact_31043febf295e8f5,def_a89c984be719686bb7ad,1.0,ok,
vf_6663921a6626,pair_000113,targeted_pgd_facenet_verification,facenet-pytorch/InceptionResnetV1,vggface2,source_4008c321c1f3,target_bbb0daa338ba,0.005,0.001,10,0.47966246581077576,0.2551112174987793,0.5548455715179443,True,True,False,true,true,adv_training,trained,"{""epochs"":5,""lr"":1e-05,""margin"":0.15}",legacy_record,0.5548455715179443,-0.20659849,false,false,true,false,,artifact_b9d6d006b766e67b,artifact_85ae54dca31fd5b4,artifact_174e6917dd256782,artifact_7bc109bc8f57240b,,artifact_ea7152eddc5ff20e,def_516aa9c43d443802524e,1.0,ok,
vf_41c6973c03e0,pair_000117,targeted_pgd_facenet_verification,facenet-pytorch/InceptionResnetV1,vggface2,source_4008c321c1f3,target_b750d1d78860,0.005,0.001,10,0.47966246581077576,0.23801392316818237,0.5112009644508362,True,True,False,true,true,jpeg,transform,"{""quality"":75}",artifact_reload,0.48298448,0.48300242,true,true,false,true,0.0012,artifact_ae6256e4a79c32b2,artifact_402e8c31add40a19,artifact_c5272eb3cc0bce3e,artifact_63268b564f709ef7,artifact_ab15e661ca8e45cb,artifact_31043febf295e8f5,def_3f5dfd0a261ee87dc85f,1.0,ok,
vf_41c6973c03e0,pair_000117,targeted_pgd_facenet_verification,facenet-pytorch/InceptionResnetV1,vggface2,source_4008c321c1f3,target_b750d1d78860,0.005,0.001,10,0.47966246581077576,0.23801392316818237,0.5112009644508362,True,True,False,true,true,smoothing,transform,"{""radius"":3.0}",artifact_reload,0.48298448,0.16814959,false,false,true,false,0.0013,artifact_ae6256e4a79c32b2,artifact_402e8c31add40a19,artifact_c5272eb3cc0bce3e,artifact_63268b564f709ef7,artifact_467e55c17495b5e2,artifact_31043febf295e8f5,def_1690d2fde6d2cb8038b0,1.0,ok,
vf_41c6973c03e0,pair_000117,targeted_pgd_facenet_verification,facenet-pytorch/InceptionResnetV1,vggface2,source_4008c321c1f3,target_b750d1d78860,0.005,0.001,10,0.47966246581077576,0.23801392316818237,0.5112009644508362,True,True,False,true,true,bitdepth,transform,"{""bits"":4}",artifact_reload,0.48298448,0.43728891,false,false,true,false,0.0007,artifact_ae6256e4a79c32b2,artifact_402e8c31add40a19,artifact_c5272eb3cc0bce3e,artifact_63268b564f709ef7,artifact_30d970a9d889885e,artifact_31043febf295e8f5,def_fd1bb436f8b57c667550,1.0,ok,
vf_41c6973c03e0,pair_000117,targeted_pgd_facenet_verification,facenet-pytorch/InceptionResnetV1,vggface2,source_4008c321c1f3,target_b750d1d78860,0.005,0.001,10,0.47966246581077576,0.23801392316818237,0.5112009644508362,True,True,False,true,true,adv_training,trained,"{""epochs"":5,""lr"":1e-05,""margin"":0.15}",legacy_record,0.5112009644508362,0.2671704,false,false,true,false,,artifact_ae6256e4a79c32b2,artifact_402e8c31add40a19,artifact_c5272eb3cc0bce3e,artifact_63268b564f709ef7,,artifact_ea7152eddc5ff20e,def_01ce0135f38fd2e69d45,1.0,ok,
vf_9acfe905916e,pair_000118,targeted_pgd_facenet_verification,facenet-pytorch/InceptionResnetV1,vggface2,source_ebc43d3edd78,target_03259d71c4a4,0.005,0.001,10,0.47966246581077576,0.2625645697116852,0.5474027395248413,True,True,False,true,true,jpeg,transform,"{""quality"":75}",artifact_reload,0.52045453,0.52058893,true,true,false,true,0.0012,artifact_9596e5ff3a054859,artifact_162b9ce8121aed6c,artifact_35236595f3588aba,artifact_391b9c39dbfcbead,artifact_7f3e3cc9d9d52ad3,artifact_31043febf295e8f5,def_29cc8d63adcc53ef344f,1.0,ok,
vf_9acfe905916e,pair_000118,targeted_pgd_facenet_verification,facenet-pytorch/InceptionResnetV1,vggface2,source_ebc43d3edd78,target_03259d71c4a4,0.005,0.001,10,0.47966246581077576,0.2625645697116852,0.5474027395248413,True,True,False,true,true,smoothing,transform,"{""radius"":3.0}",artifact_reload,0.52045453,0.50198942,true,true,false,true,0.0014,artifact_9596e5ff3a054859,artifact_162b9ce8121aed6c,artifact_35236595f3588aba,artifact_391b9c39dbfcbead,artifact_537f9dbbea0a635d,artifact_31043febf295e8f5,def_90eeaf3a2f98635bd69c,1.0,ok,
vf_9acfe905916e,pair_000118,targeted_pgd_facenet_verification,facenet-pytorch/InceptionResnetV1,vggface2,source_ebc43d3edd78,target_03259d71c4a4,0.005,0.001,10,0.47966246581077576,0.2625645697116852,0.5474027395248413,True,True,False,true,true,bitdepth,transform,"{""bits"":4}",artifact_reload,0.52045453,0.49238187,true,true,false,true,0.0008,artifact_9596e5ff3a054859,artifact_162b9ce8121aed6c,artifact_35236595f3588aba,artifact_391b9c39dbfcbead,artifact_cc8a700f1e259010,artifact_31043febf295e8f5,def_3f835a78eca6213bf13a,1.0,ok,
vf_9acfe905916e,pair_000118,targeted_pgd_facenet_verification,facenet-pytorch/InceptionResnetV1,vggface2,source_ebc43d3edd78,target_03259d71c4a4,0.005,0.001,10,0.47966246581077576,0.2625645697116852,0.5474027395248413,True,True,False,true,true,adv_training,trained,"{""epochs"":5,""lr"":1e-05,""margin"":0.15}",legacy_record,0.5474027395248413,0.05644657,false,false,true,false,,artifact_9596e5ff3a054859,artifact_162b9ce8121aed6c,artifact_35236595f3588aba,artifact_391b9c39dbfcbead,,artifact_ea7152eddc5ff20e,def_e896b13cb02a346fb72c,1.0,ok,
vf_2f6130d35090,pair_000125,targeted_pgd_facenet_verification,facenet-pytorch/InceptionResnetV1,vggface2,source_ebc43d3edd78,target_a5eaf0f7d6ad,0.005,0.001,10,0.47966246581077576,0.2838618755340576,0.6281880140304565,True,True,False,true,true,jpeg,transform,"{""quality"":75}",artifact_reload,0.57751894,0.5782243,true,true,false,true,0.0013,artifact_b86ddf078e49787e,artifact_c61076382cddb035,artifact_ccea077b2cd9e30d,artifact_bbb49b3716387a1d,artifact_4d5bbe4ed59b8dfb,artifact_31043febf295e8f5,def_7ff0fea37a8baf4e6c30,1.0,ok,
vf_2f6130d35090,pair_000125,targeted_pgd_facenet_verification,facenet-pytorch/InceptionResnetV1,vggface2,source_ebc43d3edd78,target_a5eaf0f7d6ad,0.005,0.001,10,0.47966246581077576,0.2838618755340576,0.6281880140304565,True,True,False,true,true,smoothing,transform,"{""radius"":3.0}",artifact_reload,0.57751894,0.45684186,false,false,true,false,0.0014,artifact_b86ddf078e49787e,artifact_c61076382cddb035,artifact_ccea077b2cd9e30d,artifact_bbb49b3716387a1d,artifact_bbc7511701fe579e,artifact_31043febf295e8f5,def_aa8a5cb2c5d020963c5d,1.0,ok,
vf_2f6130d35090,pair_000125,targeted_pgd_facenet_verification,facenet-pytorch/InceptionResnetV1,vggface2,source_ebc43d3edd78,target_a5eaf0f7d6ad,0.005,0.001,10,0.47966246581077576,0.2838618755340576,0.6281880140304565,True,True,False,true,true,bitdepth,transform,"{""bits"":4}",artifact_reload,0.57751894,0.54157817,true,true,false,true,0.0008,artifact_b86ddf078e49787e,artifact_c61076382cddb035,artifact_ccea077b2cd9e30d,artifact_bbb49b3716387a1d,artifact_d6b212eb4b2df3fd,artifact_31043febf295e8f5,def_d4e3472082a6a592b456,1.0,ok,
vf_2f6130d35090,pair_000125,targeted_pgd_facenet_verification,facenet-pytorch/InceptionResnetV1,vggface2,source_ebc43d3edd78,target_a5eaf0f7d6ad,0.005,0.001,10,0.47966246581077576,0.2838618755340576,0.6281880140304565,True,True,False,true,true,adv_training,trained,"{""epochs"":5,""lr"":1e-05,""margin"":0.15}",legacy_record,0.6281880140304565,0.12039377,false,false,true,false,,artifact_b86ddf078e49787e,artifact_c61076382cddb035,artifact_ccea077b2cd9e30d,artifact_bbb49b3716387a1d,,artifact_ea7152eddc5ff20e,def_a76ff764b3811e385830,1.0,ok,
vf_03b510d57c63,pair_000128,targeted_pgd_facenet_verification,facenet-pytorch/InceptionResnetV1,vggface2,source_3b3b33593a36,target_3b63f0fe705d,0.005,0.001,10,0.47966246581077576,0.4402514696121216,0.7228025197982788,True,True,False,true,true,jpeg,transform,"{""quality"":75}",artifact_reload,0.6847592,0.68477863,true,true,false,true,0.0012,artifact_ec339329d5a41411,artifact_00793cbc0cd30e2c,artifact_c2ab7c001e2da402,artifact_9b65f54caaa769ea,artifact_7643f3f436582ec0,artifact_31043febf295e8f5,def_6b42d4a80a95e248d7c9,1.0,ok,
vf_03b510d57c63,pair_000128,targeted_pgd_facenet_verification,facenet-pytorch/InceptionResnetV1,vggface2,source_3b3b33593a36,target_3b63f0fe705d,0.005,0.001,10,0.47966246581077576,0.4402514696121216,0.7228025197982788,True,True,False,true,true,smoothing,transform,"{""radius"":3.0}",artifact_reload,0.6847592,0.24993649,false,false,true,false,0.0013,artifact_ec339329d5a41411,artifact_00793cbc0cd30e2c,artifact_c2ab7c001e2da402,artifact_9b65f54caaa769ea,artifact_f919f853f0697fd7,artifact_31043febf295e8f5,def_4931e9647ccc8161f45e,1.0,ok,
vf_03b510d57c63,pair_000128,targeted_pgd_facenet_verification,facenet-pytorch/InceptionResnetV1,vggface2,source_3b3b33593a36,target_3b63f0fe705d,0.005,0.001,10,0.47966246581077576,0.4402514696121216,0.7228025197982788,True,True,False,true,true,bitdepth,transform,"{""bits"":4}",artifact_reload,0.6847592,0.66834176,true,true,false,true,0.0007,artifact_ec339329d5a41411,artifact_00793cbc0cd30e2c,artifact_c2ab7c001e2da402,artifact_9b65f54caaa769ea,artifact_69f86d2ad87dc8c1,artifact_31043febf295e8f5,def_b422d119d8ea925d0264,1.0,ok,
vf_03b510d57c63,pair_000128,targeted_pgd_facenet_verification,facenet-pytorch/InceptionResnetV1,vggface2,source_3b3b33593a36,target_3b63f0fe705d,0.005,0.001,10,0.47966246581077576,0.4402514696121216,0.7228025197982788,True,True,False,true,true,adv_training,trained,"{""epochs"":5,""lr"":1e-05,""margin"":0.15}",legacy_record,0.7228025197982788,0.13156816,false,false,true,false,,artifact_ec339329d5a41411,artifact_00793cbc0cd30e2c,artifact_c2ab7c001e2da402,artifact_9b65f54caaa769ea,,artifact_ea7152eddc5ff20e,def_d71ef7e6628d38d919ea,1.0,ok,
vf_46e08db5e071,pair_000132,targeted_pgd_facenet_verification,facenet-pytorch/InceptionResnetV1,vggface2,source_6eda93227392,target_056bbd32291f,0.005,0.001,10,0.47966246581077576,0.22481846809387207,0.5473970770835876,True,True,False,true,true,jpeg,transform,"{""quality"":75}",artifact_reload,0.51011944,0.50982535,true,true,false,true,0.0014,artifact_5f09d131914be162,artifact_240826a470ca35cb,artifact_bd646117eb1d1ed7,artifact_aa586ecf3606f5e7,artifact_545f1b8a26a10659,artifact_31043febf295e8f5,def_92fce1c8bed6d8d6488b,1.0,ok,
vf_46e08db5e071,pair_000132,targeted_pgd_facenet_verification,facenet-pytorch/InceptionResnetV1,vggface2,source_6eda93227392,target_056bbd32291f,0.005,0.001,10,0.47966246581077576,0.22481846809387207,0.5473970770835876,True,True,False,true,true,smoothing,transform,"{""radius"":3.0}",artifact_reload,0.51011944,0.34650999,false,false,true,false,0.0014,artifact_5f09d131914be162,artifact_240826a470ca35cb,artifact_bd646117eb1d1ed7,artifact_aa586ecf3606f5e7,artifact_c8323a4fd83e0de5,artifact_31043febf295e8f5,def_5f15c57ca3c85d50a000,1.0,ok,
vf_46e08db5e071,pair_000132,targeted_pgd_facenet_verification,facenet-pytorch/InceptionResnetV1,vggface2,source_6eda93227392,target_056bbd32291f,0.005,0.001,10,0.47966246581077576,0.22481846809387207,0.5473970770835876,True,True,False,true,true,bitdepth,transform,"{""bits"":4}",artifact_reload,0.51011944,0.50017565,true,true,false,true,0.0007,artifact_5f09d131914be162,artifact_240826a470ca35cb,artifact_bd646117eb1d1ed7,artifact_aa586ecf3606f5e7,artifact_ccc1cf1cdaee1ea3,artifact_31043febf295e8f5,def_268eeb65e248e63fad05,1.0,ok,
vf_46e08db5e071,pair_000132,targeted_pgd_facenet_verification,facenet-pytorch/InceptionResnetV1,vggface2,source_6eda93227392,target_056bbd32291f,0.005,0.001,10,0.47966246581077576,0.22481846809387207,0.5473970770835876,True,True,False,true,true,adv_training,trained,"{""epochs"":5,""lr"":1e-05,""margin"":0.15}",legacy_record,0.5473970770835876,0.03159706,false,false,true,false,,artifact_5f09d131914be162,artifact_240826a470ca35cb,artifact_bd646117eb1d1ed7,artifact_aa586ecf3606f5e7,,artifact_ea7152eddc5ff20e,def_5360d00cd94a2bb04a48,1.0,ok,
vf_f26efc3bb6c7,pair_000147,targeted_pgd_facenet_verification,facenet-pytorch/InceptionResnetV1,vggface2,source_27656f3b65b8,target_03259d71c4a4,0.005,0.001,10,0.47966246581077576,0.3366205096244812,0.6033846139907837,True,True,False,true,true,jpeg,transform,"{""quality"":75}",artifact_reload,0.55842996,0.55842805,true,true,false,true,0.0013,artifact_2b2b9ccdf6e6b578,artifact_9c85dd05a2cdf30a,artifact_5f59987dbcd524b3,artifact_40ec919fc995f275,artifact_51a3d4934b57b25a,artifact_31043febf295e8f5,def_95c62eb75f16756a661b,1.0,ok,
vf_f26efc3bb6c7,pair_000147,targeted_pgd_facenet_verification,facenet-pytorch/InceptionResnetV1,vggface2,source_27656f3b65b8,target_03259d71c4a4,0.005,0.001,10,0.47966246581077576,0.3366205096244812,0.6033846139907837,True,True,False,true,true,smoothing,transform,"{""radius"":3.0}",artifact_reload,0.55842996,0.21866877,false,false,true,false,0.0013,artifact_2b2b9ccdf6e6b578,artifact_9c85dd05a2cdf30a,artifact_5f59987dbcd524b3,artifact_40ec919fc995f275,artifact_d771bcb80623732c,artifact_31043febf295e8f5,def_a10082525927cf88a5c1,1.0,ok,
vf_f26efc3bb6c7,pair_000147,targeted_pgd_facenet_verification,facenet-pytorch/InceptionResnetV1,vggface2,source_27656f3b65b8,target_03259d71c4a4,0.005,0.001,10,0.47966246581077576,0.3366205096244812,0.6033846139907837,True,True,False,true,true,bitdepth,transform,"{""bits"":4}",artifact_reload,0.55842996,0.53775316,true,true,false,true,0.0007,artifact_2b2b9ccdf6e6b578,artifact_9c85dd05a2cdf30a,artifact_5f59987dbcd524b3,artifact_40ec919fc995f275,artifact_23ed0869c63da4ea,artifact_31043febf295e8f5,def_0d567a2f72f56f4a9713,1.0,ok,
vf_f26efc3bb6c7,pair_000147,targeted_pgd_facenet_verification,facenet-pytorch/InceptionResnetV1,vggface2,source_27656f3b65b8,target_03259d71c4a4,0.005,0.001,10,0.47966246581077576,0.3366205096244812,0.6033846139907837,True,True,False,true,true,adv_training,trained,"{""epochs"":5,""lr"":1e-05,""margin"":0.15}",legacy_record,0.6033846139907837,-0.02111626,false,false,true,false,,artifact_2b2b9ccdf6e6b578,artifact_9c85dd05a2cdf30a,artifact_5f59987dbcd524b3,artifact_40ec919fc995f275,,artifact_ea7152eddc5ff20e,def_c2328c86d21ba8e60f6e,1.0,ok,
vf_e671675ac227,pair_000150,targeted_pgd_facenet_verification,facenet-pytorch/InceptionResnetV1,vggface2,source_4008c321c1f3,target_056bbd32291f,0.005,0.001,10,0.47966246581077576,0.21702134609222412,0.5276951789855957,True,True,False,true,true,jpeg,transform,"{""quality"":75}",artifact_reload,0.49051306,0.48970363,true,true,false,true,0.0012,artifact_0542444416b1157c,artifact_d1c1adfd9d11981d,artifact_0f889b0e2a81b70a,artifact_2df4be81dfc7b4b5,artifact_17210906397f46c1,artifact_31043febf295e8f5,def_a7f27f18612b2f034cd0,1.0,ok,
vf_e671675ac227,pair_000150,targeted_pgd_facenet_verification,facenet-pytorch/InceptionResnetV1,vggface2,source_4008c321c1f3,target_056bbd32291f,0.005,0.001,10,0.47966246581077576,0.21702134609222412,0.5276951789855957,True,True,False,true,true,smoothing,transform,"{""radius"":3.0}",artifact_reload,0.49051306,0.13454258,false,false,true,false,0.0014,artifact_0542444416b1157c,artifact_d1c1adfd9d11981d,artifact_0f889b0e2a81b70a,artifact_2df4be81dfc7b4b5,artifact_b4b065145817db65,artifact_31043febf295e8f5,def_f5af5dc498c76c93bb69,1.0,ok,
vf_e671675ac227,pair_000150,targeted_pgd_facenet_verification,facenet-pytorch/InceptionResnetV1,vggface2,source_4008c321c1f3,target_056bbd32291f,0.005,0.001,10,0.47966246581077576,0.21702134609222412,0.5276951789855957,True,True,False,true,true,bitdepth,transform,"{""bits"":4}",artifact_reload,0.49051306,0.46131635,false,false,true,false,0.0007,artifact_0542444416b1157c,artifact_d1c1adfd9d11981d,artifact_0f889b0e2a81b70a,artifact_2df4be81dfc7b4b5,artifact_ee9492f8087e4e03,artifact_31043febf295e8f5,def_1fb43354b9e12e8caa50,1.0,ok,
vf_e671675ac227,pair_000150,targeted_pgd_facenet_verification,facenet-pytorch/InceptionResnetV1,vggface2,source_4008c321c1f3,target_056bbd32291f,0.005,0.001,10,0.47966246581077576,0.21702134609222412,0.5276951789855957,True,True,False,true,true,adv_training,trained,"{""epochs"":5,""lr"":1e-05,""margin"":0.15}",legacy_record,0.5276951789855957,0.09312753,false,false,true,false,,artifact_0542444416b1157c,artifact_d1c1adfd9d11981d,artifact_0f889b0e2a81b70a,artifact_2df4be81dfc7b4b5,,artifact_ea7152eddc5ff20e,def_103706873f615dd318b9,1.0,ok,
vf_97fa354afcb4,pair_000154,targeted_pgd_facenet_verification,facenet-pytorch/InceptionResnetV1,vggface2,source_16254f944d43,target_f279b767b25d,0.005,0.001,10,0.47966246581077576,0.24971015751361847,0.6212295293807983,True,True,False,true,true,jpeg,transform,"{""quality"":75}",artifact_reload,0.57887578,0.57853216,true,true,false,true,0.0013,artifact_8a0b5618af71bf92,artifact_32b869503d7bea63,artifact_4d5daeb6e20ce429,artifact_a9d08bcc6db6c4d8,artifact_e565c3a684df4d19,artifact_31043febf295e8f5,def_56d254c1daa0622b8793,1.0,ok,
vf_97fa354afcb4,pair_000154,targeted_pgd_facenet_verification,facenet-pytorch/InceptionResnetV1,vggface2,source_16254f944d43,target_f279b767b25d,0.005,0.001,10,0.47966246581077576,0.24971015751361847,0.6212295293807983,True,True,False,true,true,smoothing,transform,"{""radius"":3.0}",artifact_reload,0.57887578,0.39302123,false,false,true,false,0.0013,artifact_8a0b5618af71bf92,artifact_32b869503d7bea63,artifact_4d5daeb6e20ce429,artifact_a9d08bcc6db6c4d8,artifact_e321b5ee92b9355e,artifact_31043febf295e8f5,def_fb3642f3489f585d804f,1.0,ok,
vf_97fa354afcb4,pair_000154,targeted_pgd_facenet_verification,facenet-pytorch/InceptionResnetV1,vggface2,source_16254f944d43,target_f279b767b25d,0.005,0.001,10,0.47966246581077576,0.24971015751361847,0.6212295293807983,True,True,False,true,true,bitdepth,transform,"{""bits"":4}",artifact_reload,0.57887578,0.51770741,true,true,false,true,0.0007,artifact_8a0b5618af71bf92,artifact_32b869503d7bea63,artifact_4d5daeb6e20ce429,artifact_a9d08bcc6db6c4d8,artifact_aae6a46ce13fdfd6,artifact_31043febf295e8f5,def_a9e83767c0f22c7d96a2,1.0,ok,
vf_97fa354afcb4,pair_000154,targeted_pgd_facenet_verification,facenet-pytorch/InceptionResnetV1,vggface2,source_16254f944d43,target_f279b767b25d,0.005,0.001,10,0.47966246581077576,0.24971015751361847,0.6212295293807983,True,True,False,true,true,adv_training,trained,"{""epochs"":5,""lr"":1e-05,""margin"":0.15}",legacy_record,0.6212295293807983,0.16153696,false,false,true,false,,artifact_8a0b5618af71bf92,artifact_32b869503d7bea63,artifact_4d5daeb6e20ce429,artifact_a9d08bcc6db6c4d8,,artifact_ea7152eddc5ff20e,def_65bb76f1f7e1682ce0b5,1.0,ok,
vf_bc1ed0750229,pair_000160,targeted_pgd_facenet_verification,facenet-pytorch/InceptionResnetV1,vggface2,source_b82940bb25ca,target_f279b767b25d,0.005,0.001,10,0.47966246581077576,0.26550135016441345,0.5381286144256592,True,True,False,true,true,jpeg,transform,"{""quality"":75}",artifact_reload,0.50937778,0.50940281,true,true,false,true,0.0012,artifact_a8ac910cf82e0c65,artifact_f4cb446b1b41c946,artifact_77d855c401daa996,artifact_be136e28ca527d39,artifact_74ed9c521a815267,artifact_31043febf295e8f5,def_50e05476d1e60d00fe6c,1.0,ok,
vf_bc1ed0750229,pair_000160,targeted_pgd_facenet_verification,facenet-pytorch/InceptionResnetV1,vggface2,source_b82940bb25ca,target_f279b767b25d,0.005,0.001,10,0.47966246581077576,0.26550135016441345,0.5381286144256592,True,True,False,true,true,smoothing,transform,"{""radius"":3.0}",artifact_reload,0.50937778,0.33130273,false,false,true,false,0.0013,artifact_a8ac910cf82e0c65,artifact_f4cb446b1b41c946,artifact_77d855c401daa996,artifact_be136e28ca527d39,artifact_e8b186de9268dc2d,artifact_31043febf295e8f5,def_ff1f4f18d0b60c43e65d,1.0,ok,
vf_bc1ed0750229,pair_000160,targeted_pgd_facenet_verification,facenet-pytorch/InceptionResnetV1,vggface2,source_b82940bb25ca,target_f279b767b25d,0.005,0.001,10,0.47966246581077576,0.26550135016441345,0.5381286144256592,True,True,False,true,true,bitdepth,transform,"{""bits"":4}",artifact_reload,0.50937778,0.47424564,false,false,true,false,0.0007,artifact_a8ac910cf82e0c65,artifact_f4cb446b1b41c946,artifact_77d855c401daa996,artifact_be136e28ca527d39,artifact_74fce101e8d4f5d4,artifact_31043febf295e8f5,def_084b77a0e46253c53a54,1.0,ok,
vf_bc1ed0750229,pair_000160,targeted_pgd_facenet_verification,facenet-pytorch/InceptionResnetV1,vggface2,source_b82940bb25ca,target_f279b767b25d,0.005,0.001,10,0.47966246581077576,0.26550135016441345,0.5381286144256592,True,True,False,true,true,adv_training,trained,"{""epochs"":5,""lr"":1e-05,""margin"":0.15}",legacy_record,0.5381286144256592,-0.12989083,false,false,true,false,,artifact_a8ac910cf82e0c65,artifact_f4cb446b1b41c946,artifact_77d855c401daa996,artifact_be136e28ca527d39,,artifact_ea7152eddc5ff20e,def_7949be25070effe1be18,1.0,ok,
vf_e275ab08155c,pair_000164,targeted_pgd_facenet_verification,facenet-pytorch/InceptionResnetV1,vggface2,source_3b3b33593a36,target_6d0d6f90d03e,0.005,0.001,10,0.47966246581077576,0.19368895888328552,0.5765583515167236,True,True,False,true,true,jpeg,transform,"{""quality"":75}",artifact_reload,0.49607688,0.49605018,true,true,false,true,0.0021,artifact_6641597312e5fc96,artifact_d84cf8d6e7669897,artifact_7adf598f503f2229,artifact_73ce8cc442d6f324,artifact_3c36875e4d87a28b,artifact_31043febf295e8f5,def_14fdcbc84ae141a1c78d,1.0,ok,
vf_e275ab08155c,pair_000164,targeted_pgd_facenet_verification,facenet-pytorch/InceptionResnetV1,vggface2,source_3b3b33593a36,target_6d0d6f90d03e,0.005,0.001,10,0.47966246581077576,0.19368895888328552,0.5765583515167236,True,True,False,true,true,smoothing,transform,"{""radius"":3.0}",artifact_reload,0.49607688,0.37017149,false,false,true,false,0.0014,artifact_6641597312e5fc96,artifact_d84cf8d6e7669897,artifact_7adf598f503f2229,artifact_73ce8cc442d6f324,artifact_252f8ff921f1fd17,artifact_31043febf295e8f5,def_b9da3f85c7fddf906ad4,1.0,ok,
vf_e275ab08155c,pair_000164,targeted_pgd_facenet_verification,facenet-pytorch/InceptionResnetV1,vggface2,source_3b3b33593a36,target_6d0d6f90d03e,0.005,0.001,10,0.47966246581077576,0.19368895888328552,0.5765583515167236,True,True,False,true,true,bitdepth,transform,"{""bits"":4}",artifact_reload,0.49607688,0.40850589,false,false,true,false,0.0008,artifact_6641597312e5fc96,artifact_d84cf8d6e7669897,artifact_7adf598f503f2229,artifact_73ce8cc442d6f324,artifact_f85103d96b5527aa,artifact_31043febf295e8f5,def_7b7c6ec4c2f6bee3b438,1.0,ok,
vf_e275ab08155c,pair_000164,targeted_pgd_facenet_verification,facenet-pytorch/InceptionResnetV1,vggface2,source_3b3b33593a36,target_6d0d6f90d03e,0.005,0.001,10,0.47966246581077576,0.19368895888328552,0.5765583515167236,True,True,False,true,true,adv_training,trained,"{""epochs"":5,""lr"":1e-05,""margin"":0.15}",legacy_record,0.5765583515167236,0.23766539,false,false,true,false,,artifact_6641597312e5fc96,artifact_d84cf8d6e7669897,artifact_7adf598f503f2229,artifact_73ce8cc442d6f324,,artifact_ea7152eddc5ff20e,def_288c60901f6ae01689a7,1.0,ok,
vf_68193fc82496,pair_000172,targeted_pgd_facenet_verification,facenet-pytorch/InceptionResnetV1,vggface2,source_3b3b33593a36,target_6d0d6f90d03e,0.005,0.001,10,0.47966246581077576,0.16956353187561035,0.5850425958633423,True,True,False,true,true,jpeg,transform,"{""quality"":75}",artifact_reload,0.53568834,0.53541154,true,true,false,true,0.0014,artifact_a52793252d65b122,artifact_e948ca21cbe460af,artifact_41272c57e5af7e87,artifact_f5fc8190b7e16d47,artifact_c01040ba647e1e83,artifact_31043febf295e8f5,def_836327150a70b775305f,1.0,ok,
vf_68193fc82496,pair_000172,targeted_pgd_facenet_verification,facenet-pytorch/InceptionResnetV1,vggface2,source_3b3b33593a36,target_6d0d6f90d03e,0.005,0.001,10,0.47966246581077576,0.16956353187561035,0.5850425958633423,True,True,False,true,true,smoothing,transform,"{""radius"":3.0}",artifact_reload,0.53568834,0.36901256,false,false,true,false,0.0013,artifact_a52793252d65b122,artifact_e948ca21cbe460af,artifact_41272c57e5af7e87,artifact_f5fc8190b7e16d47,artifact_d0a7bd47e71659ce,artifact_31043febf295e8f5,def_3bd47e284d53a1e7f520,1.0,ok,
vf_68193fc82496,pair_000172,targeted_pgd_facenet_verification,facenet-pytorch/InceptionResnetV1,vggface2,source_3b3b33593a36,target_6d0d6f90d03e,0.005,0.001,10,0.47966246581077576,0.16956353187561035,0.5850425958633423,True,True,False,true,true,bitdepth,transform,"{""bits"":4}",artifact_reload,0.53568834,0.48282748,true,true,false,true,0.0008,artifact_a52793252d65b122,artifact_e948ca21cbe460af,artifact_41272c57e5af7e87,artifact_f5fc8190b7e16d47,artifact_c54b0dac70700626,artifact_31043febf295e8f5,def_e28b2e3cf6bfa7032f44,1.0,ok,
vf_68193fc82496,pair_000172,targeted_pgd_facenet_verification,facenet-pytorch/InceptionResnetV1,vggface2,source_3b3b33593a36,target_6d0d6f90d03e,0.005,0.001,10,0.47966246581077576,0.16956353187561035,0.5850425958633423,True,True,False,true,true,adv_training,trained,"{""epochs"":5,""lr"":1e-05,""margin"":0.15}",legacy_record,0.5850425958633423,-0.01279155,false,false,true,false,,artifact_a52793252d65b122,artifact_e948ca21cbe460af,artifact_41272c57e5af7e87,artifact_f5fc8190b7e16d47,,artifact_ea7152eddc5ff20e,def_17b373bc099902479e78,1.0,ok,
vf_fd2dc09a4922,pair_000173,targeted_pgd_facenet_verification,facenet-pytorch/InceptionResnetV1,vggface2,source_c65c3c2f694d,target_3b63f0fe705d,0.005,0.001,10,0.47966246581077576,0.24413633346557617,0.5367310047149658,True,True,False,true,true,jpeg,transform,"{""quality"":75}",artifact_reload,0.50137103,0.50123334,true,true,false,true,0.0012,artifact_81e7b854d911d1c2,artifact_4e945f2949e6cc97,artifact_1f375da79a302b6d,artifact_5b7e0c21cc51aea8,artifact_763b4c3b2fd3d23e,artifact_31043febf295e8f5,def_2afecf04bfc3e70ea171,1.0,ok,
vf_fd2dc09a4922,pair_000173,targeted_pgd_facenet_verification,facenet-pytorch/InceptionResnetV1,vggface2,source_c65c3c2f694d,target_3b63f0fe705d,0.005,0.001,10,0.47966246581077576,0.24413633346557617,0.5367310047149658,True,True,False,true,true,smoothing,transform,"{""radius"":3.0}",artifact_reload,0.50137103,0.2094496,false,false,true,false,0.0014,artifact_81e7b854d911d1c2,artifact_4e945f2949e6cc97,artifact_1f375da79a302b6d,artifact_5b7e0c21cc51aea8,artifact_429002e7cb40be69,artifact_31043febf295e8f5,def_53a27c6726e37241c9b0,1.0,ok,
vf_fd2dc09a4922,pair_000173,targeted_pgd_facenet_verification,facenet-pytorch/InceptionResnetV1,vggface2,source_c65c3c2f694d,target_3b63f0fe705d,0.005,0.001,10,0.47966246581077576,0.24413633346557617,0.5367310047149658,True,True,False,true,true,bitdepth,transform,"{""bits"":4}",artifact_reload,0.50137103,0.4683125,false,false,true,false,0.0008,artifact_81e7b854d911d1c2,artifact_4e945f2949e6cc97,artifact_1f375da79a302b6d,artifact_5b7e0c21cc51aea8,artifact_5dbd401a889c861a,artifact_31043febf295e8f5,def_29d4f45d7330f7fe34c6,1.0,ok,
vf_fd2dc09a4922,pair_000173,targeted_pgd_facenet_verification,facenet-pytorch/InceptionResnetV1,vggface2,source_c65c3c2f694d,target_3b63f0fe705d,0.005,0.001,10,0.47966246581077576,0.24413633346557617,0.5367310047149658,True,True,False,true,true,adv_training,trained,"{""epochs"":5,""lr"":1e-05,""margin"":0.15}",legacy_record,0.5367310047149658,-0.11316412,false,false,true,false,,artifact_81e7b854d911d1c2,artifact_4e945f2949e6cc97,artifact_1f375da79a302b6d,artifact_5b7e0c21cc51aea8,,artifact_ea7152eddc5ff20e,def_26a64437b1c68de06aae,1.0,ok,
vf_5ceb016afb70,pair_000175,targeted_pgd_facenet_verification,facenet-pytorch/InceptionResnetV1,vggface2,source_16254f944d43,target_5356319edd8e,0.005,0.001,10,0.47966246581077576,0.21243226528167725,0.5431194305419922,True,True,False,true,true,jpeg,transform,"{""quality"":75}",artifact_reload,0.48819858,0.48769191,true,true,false,true,0.0012,artifact_b8330d7c39b20e03,artifact_750afd39fa11fe27,artifact_c2354d44169fd989,artifact_4ceb8b2cc1e9a71e,artifact_1e7253ead890e5ca,artifact_31043febf295e8f5,def_787cd7165436035abbec,1.0,ok,
vf_5ceb016afb70,pair_000175,targeted_pgd_facenet_verification,facenet-pytorch/InceptionResnetV1,vggface2,source_16254f944d43,target_5356319edd8e,0.005,0.001,10,0.47966246581077576,0.21243226528167725,0.5431194305419922,True,True,False,true,true,smoothing,transform,"{""radius"":3.0}",artifact_reload,0.48819858,-0.18226616,false,false,true,false,0.0014,artifact_b8330d7c39b20e03,artifact_750afd39fa11fe27,artifact_c2354d44169fd989,artifact_4ceb8b2cc1e9a71e,artifact_dea6ddc36889c01a,artifact_31043febf295e8f5,def_069cb49a80b8a6bb387d,1.0,ok,
vf_5ceb016afb70,pair_000175,targeted_pgd_facenet_verification,facenet-pytorch/InceptionResnetV1,vggface2,source_16254f944d43,target_5356319edd8e,0.005,0.001,10,0.47966246581077576,0.21243226528167725,0.5431194305419922,True,True,False,true,true,bitdepth,transform,"{""bits"":4}",artifact_reload,0.48819858,0.43172747,false,false,true,false,0.0007,artifact_b8330d7c39b20e03,artifact_750afd39fa11fe27,artifact_c2354d44169fd989,artifact_4ceb8b2cc1e9a71e,artifact_7191d966ebce23e0,artifact_31043febf295e8f5,def_67cc7658fac64b051e5f,1.0,ok,
vf_5ceb016afb70,pair_000175,targeted_pgd_facenet_verification,facenet-pytorch/InceptionResnetV1,vggface2,source_16254f944d43,target_5356319edd8e,0.005,0.001,10,0.47966246581077576,0.21243226528167725,0.5431194305419922,True,True,False,true,true,adv_training,trained,"{""epochs"":5,""lr"":1e-05,""margin"":0.15}",legacy_record,0.5431194305419922,0.09923181,false,false,true,false,,artifact_b8330d7c39b20e03,artifact_750afd39fa11fe27,artifact_c2354d44169fd989,artifact_4ceb8b2cc1e9a71e,,artifact_ea7152eddc5ff20e,def_ca68fbebb68abad62bd0,1.0,ok,
vf_1fe2e3fe83ec,pair_000184,targeted_pgd_facenet_verification,facenet-pytorch/InceptionResnetV1,vggface2,source_ebc43d3edd78,target_056bbd32291f,0.005,0.001,10,0.47966246581077576,0.3401437997817993,0.6953363418579102,True,True,False,true,true,jpeg,transform,"{""quality"":75}",artifact_reload,0.65094602,0.65043789,true,true,false,true,0.0012,artifact_dd3993c70f0fe5bb,artifact_99cc901332b640fa,artifact_ecda764e0ba492dc,artifact_f55882b6c9fbe577,artifact_276c5424f60c3bda,artifact_31043febf295e8f5,def_ae4e3504d796b498201f,1.0,ok,
vf_1fe2e3fe83ec,pair_000184,targeted_pgd_facenet_verification,facenet-pytorch/InceptionResnetV1,vggface2,source_ebc43d3edd78,target_056bbd32291f,0.005,0.001,10,0.47966246581077576,0.3401437997817993,0.6953363418579102,True,True,False,true,true,smoothing,transform,"{""radius"":3.0}",artifact_reload,0.65094602,0.33808035,false,false,true,false,0.0013,artifact_dd3993c70f0fe5bb,artifact_99cc901332b640fa,artifact_ecda764e0ba492dc,artifact_f55882b6c9fbe577,artifact_cd19499a69e5f45a,artifact_31043febf295e8f5,def_85335b3fd8db3209de6f,1.0,ok,
vf_1fe2e3fe83ec,pair_000184,targeted_pgd_facenet_verification,facenet-pytorch/InceptionResnetV1,vggface2,source_ebc43d3edd78,target_056bbd32291f,0.005,0.001,10,0.47966246581077576,0.3401437997817993,0.6953363418579102,True,True,False,true,true,bitdepth,transform,"{""bits"":4}",artifact_reload,0.65094602,0.62080228,true,true,false,true,0.0007,artifact_dd3993c70f0fe5bb,artifact_99cc901332b640fa,artifact_ecda764e0ba492dc,artifact_f55882b6c9fbe577,artifact_a7c326b0eea960a1,artifact_31043febf295e8f5,def_a229387a729b7d1ed210,1.0,ok,
vf_1fe2e3fe83ec,pair_000184,targeted_pgd_facenet_verification,facenet-pytorch/InceptionResnetV1,vggface2,source_ebc43d3edd78,target_056bbd32291f,0.005,0.001,10,0.47966246581077576,0.3401437997817993,0.6953363418579102,True,True,False,true,true,adv_training,trained,"{""epochs"":5,""lr"":1e-05,""margin"":0.15}",legacy_record,0.6953363418579102,0.15173014,false,false,true,false,,artifact_dd3993c70f0fe5bb,artifact_99cc901332b640fa,artifact_ecda764e0ba492dc,artifact_f55882b6c9fbe577,,artifact_ea7152eddc5ff20e,def_6352abaa0e078bf621d2,1.0,ok,
vf_72324ad0e227,pair_000190,targeted_pgd_facenet_verification,facenet-pytorch/InceptionResnetV1,vggface2,source_ebc43d3edd78,target_056bbd32291f,0.005,0.001,10,0.47966246581077576,0.16867852210998535,0.5315321087837219,True,True,False,true,true,jpeg,transform,"{""quality"":75}",artifact_reload,0.49328721,0.49301118,true,true,false,true,0.0012,artifact_fd17fab3f6b56074,artifact_02b5dc93e9f462ad,artifact_d028b24108ce66d1,artifact_ccd244905e2e5c98,artifact_b534e5b05dd6c406,artifact_31043febf295e8f5,def_f3847935c1ba0be267b6,1.0,ok,
vf_72324ad0e227,pair_000190,targeted_pgd_facenet_verification,facenet-pytorch/InceptionResnetV1,vggface2,source_ebc43d3edd78,target_056bbd32291f,0.005,0.001,10,0.47966246581077576,0.16867852210998535,0.5315321087837219,True,True,False,true,true,smoothing,transform,"{""radius"":3.0}",artifact_reload,0.49328721,-0.05333941,false,false,true,false,0.0014,artifact_fd17fab3f6b56074,artifact_02b5dc93e9f462ad,artifact_d028b24108ce66d1,artifact_ccd244905e2e5c98,artifact_4c0765b416f53d41,artifact_31043febf295e8f5,def_b8f2b5d6dd9977a20c05,1.0,ok,
vf_72324ad0e227,pair_000190,targeted_pgd_facenet_verification,facenet-pytorch/InceptionResnetV1,vggface2,source_ebc43d3edd78,target_056bbd32291f,0.005,0.001,10,0.47966246581077576,0.16867852210998535,0.5315321087837219,True,True,False,true,true,bitdepth,transform,"{""bits"":4}",artifact_reload,0.49328721,0.43743974,false,false,true,false,0.0007,artifact_fd17fab3f6b56074,artifact_02b5dc93e9f462ad,artifact_d028b24108ce66d1,artifact_ccd244905e2e5c98,artifact_e13627aacdcee392,artifact_31043febf295e8f5,def_45a457a218d4820243f6,1.0,ok,
vf_72324ad0e227,pair_000190,targeted_pgd_facenet_verification,facenet-pytorch/InceptionResnetV1,vggface2,source_ebc43d3edd78,target_056bbd32291f,0.005,0.001,10,0.47966246581077576,0.16867852210998535,0.5315321087837219,True,True,False,true,true,adv_training,trained,"{""epochs"":5,""lr"":1e-05,""margin"":0.15}",legacy_record,0.5315321087837219,0.10512204,false,false,true,false,,artifact_fd17fab3f6b56074,artifact_02b5dc93e9f462ad,artifact_d028b24108ce66d1,artifact_ccd244905e2e5c98,,artifact_ea7152eddc5ff20e,def_06d3e8a19d61859b1ae0,1.0,ok,
vf_3f32d29a8cee,pair_000191,targeted_pgd_facenet_verification,facenet-pytorch/InceptionResnetV1,vggface2,source_c65c3c2f694d,target_3b63f0fe705d,0.005,0.001,10,0.47966246581077576,0.32002243399620056,0.5242310166358948,True,True,False,true,true,jpeg,transform,"{""quality"":75}",artifact_reload,0.50621539,0.50616169,true,true,false,true,0.0012,artifact_13f278c1ac84daab,artifact_4fae12c2469d7c28,artifact_109d6c1e16d240d4,artifact_70ed26739db1630e,artifact_2c5f30fcccbe088d,artifact_31043febf295e8f5,def_33e3d8aab9ce71f7f950,1.0,ok,
vf_3f32d29a8cee,pair_000191,targeted_pgd_facenet_verification,facenet-pytorch/InceptionResnetV1,vggface2,source_c65c3c2f694d,target_3b63f0fe705d,0.005,0.001,10,0.47966246581077576,0.32002243399620056,0.5242310166358948,True,True,False,true,true,smoothing,transform,"{""radius"":3.0}",artifact_reload,0.50621539,0.29193458,false,false,true,false,0.0014,artifact_13f278c1ac84daab,artifact_4fae12c2469d7c28,artifact_109d6c1e16d240d4,artifact_70ed26739db1630e,artifact_0dbca0e20226692a,artifact_31043febf295e8f5,def_6a437b95fb68de731007,1.0,ok,
vf_3f32d29a8cee,pair_000191,targeted_pgd_facenet_verification,facenet-pytorch/InceptionResnetV1,vggface2,source_c65c3c2f694d,target_3b63f0fe705d,0.005,0.001,10,0.47966246581077576,0.32002243399620056,0.5242310166358948,True,True,False,true,true,bitdepth,transform,"{""bits"":4}",artifact_reload,0.50621539,0.48611334,true,true,false,true,0.0008,artifact_13f278c1ac84daab,artifact_4fae12c2469d7c28,artifact_109d6c1e16d240d4,artifact_70ed26739db1630e,artifact_c7436a57873235fa,artifact_31043febf295e8f5,def_afb1bf26472077e8f659,1.0,ok,
vf_3f32d29a8cee,pair_000191,targeted_pgd_facenet_verification,facenet-pytorch/InceptionResnetV1,vggface2,source_c65c3c2f694d,target_3b63f0fe705d,0.005,0.001,10,0.47966246581077576,0.32002243399620056,0.5242310166358948,True,True,False,true,true,adv_training,trained,"{""epochs"":5,""lr"":1e-05,""margin"":0.15}",legacy_record,0.5242310166358948,0.20969245,false,false,true,false,,artifact_13f278c1ac84daab,artifact_4fae12c2469d7c28,artifact_109d6c1e16d240d4,artifact_70ed26739db1630e,,artifact_ea7152eddc5ff20e,def_b0d402b76609bad5abb0,1.0,ok,
vf_07ec11b48deb,pair_000192,targeted_pgd_facenet_verification,facenet-pytorch/InceptionResnetV1,vggface2,source_6eda93227392,target_03259d71c4a4,0.005,0.001,10,0.47966246581077576,0.23458966612815857,0.5254927277565002,True,True,False,true,true,jpeg,transform,"{""quality"":75}",artifact_reload,0.48058242,0.48049337,true,true,false,true,0.0013,artifact_10d73904635cb9ba,artifact_fdf2fab39eac209c,artifact_75c3787156f65890,artifact_4f7173561c480eb2,artifact_555c66b466ad3207,artifact_31043febf295e8f5,def_65d992616105808efad7,1.0,ok,
vf_07ec11b48deb,pair_000192,targeted_pgd_facenet_verification,facenet-pytorch/InceptionResnetV1,vggface2,source_6eda93227392,target_03259d71c4a4,0.005,0.001,10,0.47966246581077576,0.23458966612815857,0.5254927277565002,True,True,False,true,true,smoothing,transform,"{""radius"":3.0}",artifact_reload,0.48058242,0.22701338,false,false,true,false,0.0014,artifact_10d73904635cb9ba,artifact_fdf2fab39eac209c,artifact_75c3787156f65890,artifact_4f7173561c480eb2,artifact_62b48e499e132c56,artifact_31043febf295e8f5,def_c83c82338764ab57e8e0,1.0,ok,
vf_07ec11b48deb,pair_000192,targeted_pgd_facenet_verification,facenet-pytorch/InceptionResnetV1,vggface2,source_6eda93227392,target_03259d71c4a4,0.005,0.001,10,0.47966246581077576,0.23458966612815857,0.5254927277565002,True,True,False,true,true,bitdepth,transform,"{""bits"":4}",artifact_reload,0.48058242,0.42803532,false,false,true,false,0.0007,artifact_10d73904635cb9ba,artifact_fdf2fab39eac209c,artifact_75c3787156f65890,artifact_4f7173561c480eb2,artifact_4a4a5646c57fb292,artifact_31043febf295e8f5,def_19fe58d6382d8d75f7fd,1.0,ok,
vf_07ec11b48deb,pair_000192,targeted_pgd_facenet_verification,facenet-pytorch/InceptionResnetV1,vggface2,source_6eda93227392,target_03259d71c4a4,0.005,0.001,10,0.47966246581077576,0.23458966612815857,0.5254927277565002,True,True,False,true,true,adv_training,trained,"{""epochs"":5,""lr"":1e-05,""margin"":0.15}",legacy_record,0.5254927277565002,0.04297371,false,false,true,false,,artifact_10d73904635cb9ba,artifact_fdf2fab39eac209c,artifact_75c3787156f65890,artifact_4f7173561c480eb2,,artifact_ea7152eddc5ff20e,def_6c8f05d24ad498c63760,1.0,ok,
vf_e612aaf13640,pair_000193,targeted_pgd_facenet_verification,facenet-pytorch/InceptionResnetV1,vggface2,source_ebc43d3edd78,target_5356319edd8e,0.005,0.001,10,0.47966246581077576,0.18537792563438416,0.5197681784629822,True,True,False,false,false,jpeg,transform,"{""quality"":75}",artifact_reload,0.46986148,0.4690564,false,false,false,false,0.0012,artifact_79fce89df90474c7,artifact_b33f2fc7b349066d,artifact_427ed6ae66c0ca71,artifact_2b4d99c947cda25d,artifact_af1d0cbd87247552,artifact_31043febf295e8f5,def_88ee7f8e7bb5c6acbaf2,1.0,ok,
vf_e612aaf13640,pair_000193,targeted_pgd_facenet_verification,facenet-pytorch/InceptionResnetV1,vggface2,source_ebc43d3edd78,target_5356319edd8e,0.005,0.001,10,0.47966246581077576,0.18537792563438416,0.5197681784629822,True,True,False,false,false,smoothing,transform,"{""radius"":3.0}",artifact_reload,0.46986148,-0.2161542,false,false,false,false,0.0013,artifact_79fce89df90474c7,artifact_b33f2fc7b349066d,artifact_427ed6ae66c0ca71,artifact_2b4d99c947cda25d,artifact_43a698eff516f392,artifact_31043febf295e8f5,def_83af13a7e072569cde38,1.0,ok,
vf_e612aaf13640,pair_000193,targeted_pgd_facenet_verification,facenet-pytorch/InceptionResnetV1,vggface2,source_ebc43d3edd78,target_5356319edd8e,0.005,0.001,10,0.47966246581077576,0.18537792563438416,0.5197681784629822,True,True,False,false,false,bitdepth,transform,"{""bits"":4}",artifact_reload,0.46986148,0.44697773,false,false,false,false,0.0007,artifact_79fce89df90474c7,artifact_b33f2fc7b349066d,artifact_427ed6ae66c0ca71,artifact_2b4d99c947cda25d,artifact_f9a25217a3c1ba59,artifact_31043febf295e8f5,def_10160060dec416ced47d,1.0,ok,
vf_e612aaf13640,pair_000193,targeted_pgd_facenet_verification,facenet-pytorch/InceptionResnetV1,vggface2,source_ebc43d3edd78,target_5356319edd8e,0.005,0.001,10,0.47966246581077576,0.18537792563438416,0.5197681784629822,True,True,False,true,true,adv_training,trained,"{""epochs"":5,""lr"":1e-05,""margin"":0.15}",legacy_record,0.5197681784629822,0.10022692,false,false,true,false,,artifact_79fce89df90474c7,artifact_b33f2fc7b349066d,artifact_427ed6ae66c0ca71,artifact_2b4d99c947cda25d,,artifact_ea7152eddc5ff20e,def_f3df14b87642c449f59c,1.0,ok,
vf_41614476c16e,pair_000201,targeted_pgd_facenet_verification,facenet-pytorch/InceptionResnetV1,vggface2,source_9a4dba119416,target_f279b767b25d,0.005,0.001,10,0.47966246581077576,0.20822519063949585,0.5305885076522827,True,True,False,false,false,jpeg,transform,"{""quality"":75}",artifact_reload,0.47257304,0.47109711,false,false,false,false,0.0013,artifact_7350e803b22a795b,artifact_aebfcd1b101c373d,artifact_32747d7064ace7f1,artifact_c945cd19478d33c1,artifact_862a05037c456bcd,artifact_31043febf295e8f5,def_73e97217aa202a53b314,1.0,ok,
vf_41614476c16e,pair_000201,targeted_pgd_facenet_verification,facenet-pytorch/InceptionResnetV1,vggface2,source_9a4dba119416,target_f279b767b25d,0.005,0.001,10,0.47966246581077576,0.20822519063949585,0.5305885076522827,True,True,False,false,false,smoothing,transform,"{""radius"":3.0}",artifact_reload,0.47257304,0.14951743,false,false,false,false,0.0014,artifact_7350e803b22a795b,artifact_aebfcd1b101c373d,artifact_32747d7064ace7f1,artifact_c945cd19478d33c1,artifact_5b83e79f3c76bbff,artifact_31043febf295e8f5,def_dc9f2169dba187fe4250,1.0,ok,
vf_41614476c16e,pair_000201,targeted_pgd_facenet_verification,facenet-pytorch/InceptionResnetV1,vggface2,source_9a4dba119416,target_f279b767b25d,0.005,0.001,10,0.47966246581077576,0.20822519063949585,0.5305885076522827,True,True,False,false,false,bitdepth,transform,"{""bits"":4}",artifact_reload,0.47257304,0.43940794,false,false,false,false,0.0007,artifact_7350e803b22a795b,artifact_aebfcd1b101c373d,artifact_32747d7064ace7f1,artifact_c945cd19478d33c1,artifact_7e6ce3b27012841a,artifact_31043febf295e8f5,def_fe092c1177bb20c7ce4b,1.0,ok,
vf_41614476c16e,pair_000201,targeted_pgd_facenet_verification,facenet-pytorch/InceptionResnetV1,vggface2,source_9a4dba119416,target_f279b767b25d,0.005,0.001,10,0.47966246581077576,0.20822519063949585,0.5305885076522827,True,True,False,true,true,adv_training,trained,"{""epochs"":5,""lr"":1e-05,""margin"":0.15}",legacy_record,0.5305885076522827,0.00895946,false,false,true,false,,artifact_7350e803b22a795b,artifact_aebfcd1b101c373d,artifact_32747d7064ace7f1,artifact_c945cd19478d33c1,,artifact_ea7152eddc5ff20e,def_6d272e7e628ac5dbb545,1.0,ok,
vf_9d4939f90db1,pair_000206,targeted_pgd_facenet_verification,facenet-pytorch/InceptionResnetV1,vggface2,source_6eda93227392,target_5356319edd8e,0.005,0.001,10,0.47966246581077576,0.44168901443481445,0.7801750898361206,True,True,False,true,true,jpeg,transform,"{""quality"":75}",artifact_reload,0.76164943,0.76151824,true,true,false,true,0.0012,artifact_8062193a5a9280ea,artifact_7ea177e395ebc772,artifact_8c825fcf54bcd65a,artifact_a34c237e42113d52,artifact_6f5412aebbcffb8b,artifact_31043febf295e8f5,def_26d791e3448bd81101e1,1.0,ok,
vf_9d4939f90db1,pair_000206,targeted_pgd_facenet_verification,facenet-pytorch/InceptionResnetV1,vggface2,source_6eda93227392,target_5356319edd8e,0.005,0.001,10,0.47966246581077576,0.44168901443481445,0.7801750898361206,True,True,False,true,true,smoothing,transform,"{""radius"":3.0}",artifact_reload,0.76164943,0.2835077,false,false,true,false,0.0014,artifact_8062193a5a9280ea,artifact_7ea177e395ebc772,artifact_8c825fcf54bcd65a,artifact_a34c237e42113d52,artifact_18235e2e91088f82,artifact_31043febf295e8f5,def_7ba9c2bcf18ec84b3df5,1.0,ok,
vf_9d4939f90db1,pair_000206,targeted_pgd_facenet_verification,facenet-pytorch/InceptionResnetV1,vggface2,source_6eda93227392,target_5356319edd8e,0.005,0.001,10,0.47966246581077576,0.44168901443481445,0.7801750898361206,True,True,False,true,true,bitdepth,transform,"{""bits"":4}",artifact_reload,0.76164943,0.7264781,true,true,false,true,0.0007,artifact_8062193a5a9280ea,artifact_7ea177e395ebc772,artifact_8c825fcf54bcd65a,artifact_a34c237e42113d52,artifact_ad5d9f60c0427a82,artifact_31043febf295e8f5,def_9a88580c0619f6fb4e17,1.0,ok,
vf_9d4939f90db1,pair_000206,targeted_pgd_facenet_verification,facenet-pytorch/InceptionResnetV1,vggface2,source_6eda93227392,target_5356319edd8e,0.005,0.001,10,0.47966246581077576,0.44168901443481445,0.7801750898361206,True,True,False,true,true,adv_training,trained,"{""epochs"":5,""lr"":1e-05,""margin"":0.15}",legacy_record,0.7801750898361206,0.29713309,false,false,true,false,,artifact_8062193a5a9280ea,artifact_7ea177e395ebc772,artifact_8c825fcf54bcd65a,artifact_a34c237e42113d52,,artifact_ea7152eddc5ff20e,def_8ebbb1f75c066552941f,1.0,ok,
vf_3bb8e110c38d,pair_000208,targeted_pgd_facenet_verification,facenet-pytorch/InceptionResnetV1,vggface2,source_ebc43d3edd78,target_f279b767b25d,0.005,0.001,10,0.47966246581077576,0.20576512813568115,0.4957871437072754,True,True,False,false,false,jpeg,transform,"{""quality"":75}",artifact_reload,0.45437643,0.45445868,false,false,false,false,0.0012,artifact_34d187b5ac02865d,artifact_c03f418fbb5b0ca1,artifact_03e1411508acb360,artifact_1c69f3088b5d745c,artifact_884dedb6d1badb35,artifact_31043febf295e8f5,def_7c13df3825a8b19b982e,1.0,ok,
vf_3bb8e110c38d,pair_000208,targeted_pgd_facenet_verification,facenet-pytorch/InceptionResnetV1,vggface2,source_ebc43d3edd78,target_f279b767b25d,0.005,0.001,10,0.47966246581077576,0.20576512813568115,0.4957871437072754,True,True,False,false,false,smoothing,transform,"{""radius"":3.0}",artifact_reload,0.45437643,-0.04289064,false,false,false,false,0.0014,artifact_34d187b5ac02865d,artifact_c03f418fbb5b0ca1,artifact_03e1411508acb360,artifact_1c69f3088b5d745c,artifact_ff26f8a59e68f0f2,artifact_31043febf295e8f5,def_fb5fda91a344b87027b5,1.0,ok,
vf_3bb8e110c38d,pair_000208,targeted_pgd_facenet_verification,facenet-pytorch/InceptionResnetV1,vggface2,source_ebc43d3edd78,target_f279b767b25d,0.005,0.001,10,0.47966246581077576,0.20576512813568115,0.4957871437072754,True,True,False,false,false,bitdepth,transform,"{""bits"":4}",artifact_reload,0.45437643,0.42344347,false,false,false,false,0.0008,artifact_34d187b5ac02865d,artifact_c03f418fbb5b0ca1,artifact_03e1411508acb360,artifact_1c69f3088b5d745c,artifact_4b1961341191da64,artifact_31043febf295e8f5,def_d12d5a152befd6973b7a,1.0,ok,
vf_3bb8e110c38d,pair_000208,targeted_pgd_facenet_verification,facenet-pytorch/InceptionResnetV1,vggface2,source_ebc43d3edd78,target_f279b767b25d,0.005,0.001,10,0.47966246581077576,0.20576512813568115,0.4957871437072754,True,True,False,true,true,adv_training,trained,"{""epochs"":5,""lr"":1e-05,""margin"":0.15}",legacy_record,0.4957871437072754,-0.29797372,false,false,true,false,,artifact_34d187b5ac02865d,artifact_c03f418fbb5b0ca1,artifact_03e1411508acb360,artifact_1c69f3088b5d745c,,artifact_ea7152eddc5ff20e,def_a8cc4fbb437f5af6600f,1.0,ok,
vf_67de95f8645a,pair_000209,targeted_pgd_facenet_verification,facenet-pytorch/InceptionResnetV1,vggface2,source_4008c321c1f3,target_bbb0daa338ba,0.005,0.001,10,0.47966246581077576,0.2542901635169983,0.5715668201446533,True,True,False,true,true,jpeg,transform,"{""quality"":75}",artifact_reload,0.54405886,0.54395723,true,true,false,true,0.0013,artifact_23f670522d8e6b7e,artifact_5643345fa36801bb,artifact_a722606e35c4c91d,artifact_622cd936ccfd394e,artifact_8053d3375d2f1d04,artifact_31043febf295e8f5,def_924dd2923657bf9d164d,1.0,ok,
vf_67de95f8645a,pair_000209,targeted_pgd_facenet_verification,facenet-pytorch/InceptionResnetV1,vggface2,source_4008c321c1f3,target_bbb0daa338ba,0.005,0.001,10,0.47966246581077576,0.2542901635169983,0.5715668201446533,True,True,False,true,true,smoothing,transform,"{""radius"":3.0}",artifact_reload,0.54405886,0.27497706,false,false,true,false,0.0015,artifact_23f670522d8e6b7e,artifact_5643345fa36801bb,artifact_a722606e35c4c91d,artifact_622cd936ccfd394e,artifact_ab814876a10750b0,artifact_31043febf295e8f5,def_f96b804d81ea66664452,1.0,ok,
vf_67de95f8645a,pair_000209,targeted_pgd_facenet_verification,facenet-pytorch/InceptionResnetV1,vggface2,source_4008c321c1f3,target_bbb0daa338ba,0.005,0.001,10,0.47966246581077576,0.2542901635169983,0.5715668201446533,True,True,False,true,true,bitdepth,transform,"{""bits"":4}",artifact_reload,0.54405886,0.53280902,true,true,false,true,0.0007,artifact_23f670522d8e6b7e,artifact_5643345fa36801bb,artifact_a722606e35c4c91d,artifact_622cd936ccfd394e,artifact_8f50b33f24730164,artifact_31043febf295e8f5,def_78abbe450070a063b50d,1.0,ok,
vf_67de95f8645a,pair_000209,targeted_pgd_facenet_verification,facenet-pytorch/InceptionResnetV1,vggface2,source_4008c321c1f3,target_bbb0daa338ba,0.005,0.001,10,0.47966246581077576,0.2542901635169983,0.5715668201446533,True,True,False,true,true,adv_training,trained,"{""epochs"":5,""lr"":1e-05,""margin"":0.15}",legacy_record,0.5715668201446533,0.2808722,false,false,true,false,,artifact_23f670522d8e6b7e,artifact_5643345fa36801bb,artifact_a722606e35c4c91d,artifact_622cd936ccfd394e,,artifact_ea7152eddc5ff20e,def_69cb7f11d4c600263b71,1.0,ok,
vf_7678ec274d7c,pair_000002,targeted_pgd_facenet_verification,facenet-pytorch/InceptionResnetV1,vggface2,source_4008c321c1f3,target_03259d71c4a4,0.01,0.001,10,0.47966246581077576,0.25670093297958374,0.6904005408287048,True,True,False,true,true,jpeg,transform,"{""quality"":75}",artifact_reload,0.58916825,0.58762032,true,true,false,true,0.0012,artifact_e4f0bed585f62142,artifact_fe26a55d9174cca1,artifact_d992c953c31db281,artifact_0c825dc2e3a3e672,artifact_0473344621765250,artifact_31043febf295e8f5,def_d096abef8a02d6ab79aa,1.0,ok,
vf_7678ec274d7c,pair_000002,targeted_pgd_facenet_verification,facenet-pytorch/InceptionResnetV1,vggface2,source_4008c321c1f3,target_03259d71c4a4,0.01,0.001,10,0.47966246581077576,0.25670093297958374,0.6904005408287048,True,True,False,true,true,smoothing,transform,"{""radius"":3.0}",artifact_reload,0.58916825,0.11651091,false,false,true,false,0.0013,artifact_e4f0bed585f62142,artifact_fe26a55d9174cca1,artifact_d992c953c31db281,artifact_0c825dc2e3a3e672,artifact_25f8181dd687fa3f,artifact_31043febf295e8f5,def_8e02ad90fb236e326fa3,1.0,ok,
vf_7678ec274d7c,pair_000002,targeted_pgd_facenet_verification,facenet-pytorch/InceptionResnetV1,vggface2,source_4008c321c1f3,target_03259d71c4a4,0.01,0.001,10,0.47966246581077576,0.25670093297958374,0.6904005408287048,True,True,False,true,true,bitdepth,transform,"{""bits"":4}",artifact_reload,0.58916825,0.5469358,true,true,false,true,0.0008,artifact_e4f0bed585f62142,artifact_fe26a55d9174cca1,artifact_d992c953c31db281,artifact_0c825dc2e3a3e672,artifact_f63dc4f24c72838b,artifact_31043febf295e8f5,def_ceeb432a4cc7efe14aec,1.0,ok,
vf_7678ec274d7c,pair_000002,targeted_pgd_facenet_verification,facenet-pytorch/InceptionResnetV1,vggface2,source_4008c321c1f3,target_03259d71c4a4,0.01,0.001,10,0.47966246581077576,0.25670093297958374,0.6904005408287048,True,True,False,true,true,adv_training,trained,"{""epochs"":5,""lr"":1e-05,""margin"":0.15}",legacy_record,0.6904005408287048,0.01660554,false,false,true,false,,artifact_e4f0bed585f62142,artifact_fe26a55d9174cca1,artifact_d992c953c31db281,artifact_0c825dc2e3a3e672,,artifact_ea7152eddc5ff20e,def_25024efc9b77cb466eae,1.0,ok,
vf_77929c8ec426,pair_000004,targeted_pgd_facenet_verification,facenet-pytorch/InceptionResnetV1,vggface2,source_3b3b33593a36,target_3b63f0fe705d,0.01,0.001,10,0.47966246581077576,0.3230995237827301,0.7068272829055786,True,True,False,true,true,jpeg,transform,"{""quality"":75}",artifact_reload,0.62700939,0.62700474,true,true,false,true,0.0015,artifact_f68e0cc7c2543e67,artifact_6498aff658ffc28d,artifact_253a25ce5b7a9d56,artifact_3d847b968224f688,artifact_4b745611ba170ab4,artifact_31043febf295e8f5,def_c6861bfcd962e2e36aed,1.0,ok,
vf_77929c8ec426,pair_000004,targeted_pgd_facenet_verification,facenet-pytorch/InceptionResnetV1,vggface2,source_3b3b33593a36,target_3b63f0fe705d,0.01,0.001,10,0.47966246581077576,0.3230995237827301,0.7068272829055786,True,True,False,true,true,smoothing,transform,"{""radius"":3.0}",artifact_reload,0.62700939,0.44521731,false,false,true,false,0.0014,artifact_f68e0cc7c2543e67,artifact_6498aff658ffc28d,artifact_253a25ce5b7a9d56,artifact_3d847b968224f688,artifact_2ea2df82887a7acd,artifact_31043febf295e8f5,def_2686afeb73f1f3b37a5c,1.0,ok,
vf_77929c8ec426,pair_000004,targeted_pgd_facenet_verification,facenet-pytorch/InceptionResnetV1,vggface2,source_3b3b33593a36,target_3b63f0fe705d,0.01,0.001,10,0.47966246581077576,0.3230995237827301,0.7068272829055786,True,True,False,true,true,bitdepth,transform,"{""bits"":4}",artifact_reload,0.62700939,0.59430856,true,true,false,true,0.0007,artifact_f68e0cc7c2543e67,artifact_6498aff658ffc28d,artifact_253a25ce5b7a9d56,artifact_3d847b968224f688,artifact_a4b1d52d29314455,artifact_31043febf295e8f5,def_958e069c2daffb44ef85,1.0,ok,
vf_77929c8ec426,pair_000004,targeted_pgd_facenet_verification,facenet-pytorch/InceptionResnetV1,vggface2,source_3b3b33593a36,target_3b63f0fe705d,0.01,0.001,10,0.47966246581077576,0.3230995237827301,0.7068272829055786,True,True,False,true,true,adv_training,trained,"{""epochs"":5,""lr"":1e-05,""margin"":0.15}",legacy_record,0.7068272829055786,0.15234274,false,false,true,false,,artifact_f68e0cc7c2543e67,artifact_6498aff658ffc28d,artifact_253a25ce5b7a9d56,artifact_3d847b968224f688,,artifact_ea7152eddc5ff20e,def_76002c947723f44e1ee6,1.0,ok,
vf_2e9c27c13851,pair_000005,targeted_pgd_facenet_verification,facenet-pytorch/InceptionResnetV1,vggface2,source_ebc43d3edd78,target_5356319edd8e,0.01,0.001,10,0.47966246581077576,-0.04813320189714432,0.5773645639419556,True,True,False,false,false,jpeg,transform,"{""quality"":75}",artifact_reload,0.46530131,0.46520728,false,false,false,false,0.0012,artifact_34e20f43b092ca13,artifact_279efa33d9e3be19,artifact_f5bb46566ad0b329,artifact_4825c6c722f3a41e,artifact_231717aa809bb0b9,artifact_31043febf295e8f5,def_84985c545b303921866a,1.0,ok,
vf_2e9c27c13851,pair_000005,targeted_pgd_facenet_verification,facenet-pytorch/InceptionResnetV1,vggface2,source_ebc43d3edd78,target_5356319edd8e,0.01,0.001,10,0.47966246581077576,-0.04813320189714432,0.5773645639419556,True,True,False,false,false,smoothing,transform,"{""radius"":3.0}",artifact_reload,0.46530131,0.06253965,false,false,false,false,0.0013,artifact_34e20f43b092ca13,artifact_279efa33d9e3be19,artifact_f5bb46566ad0b329,artifact_4825c6c722f3a41e,artifact_b4bc02eac5c49240,artifact_31043febf295e8f5,def_74e8a75114e9c8b542d4,1.0,ok,
vf_2e9c27c13851,pair_000005,targeted_pgd_facenet_verification,facenet-pytorch/InceptionResnetV1,vggface2,source_ebc43d3edd78,target_5356319edd8e,0.01,0.001,10,0.47966246581077576,-0.04813320189714432,0.5773645639419556,True,True,False,false,false,bitdepth,transform,"{""bits"":4}",artifact_reload,0.46530131,0.41935304,false,false,false,false,0.0007,artifact_34e20f43b092ca13,artifact_279efa33d9e3be19,artifact_f5bb46566ad0b329,artifact_4825c6c722f3a41e,artifact_9c2b13d86c0661fa,artifact_31043febf295e8f5,def_80e3cd876699b99df17d,1.0,ok,
vf_2e9c27c13851,pair_000005,targeted_pgd_facenet_verification,facenet-pytorch/InceptionResnetV1,vggface2,source_ebc43d3edd78,target_5356319edd8e,0.01,0.001,10,0.47966246581077576,-0.04813320189714432,0.5773645639419556,True,True,False,true,true,adv_training,trained,"{""epochs"":5,""lr"":1e-05,""margin"":0.15}",legacy_record,0.5773645639419556,0.07724947,false,false,true,false,,artifact_34e20f43b092ca13,artifact_279efa33d9e3be19,artifact_f5bb46566ad0b329,artifact_4825c6c722f3a41e,,artifact_ea7152eddc5ff20e,def_f05176549c4d8e5ced63,1.0,ok,
vf_5a94edcabb77,pair_000007,targeted_pgd_facenet_verification,facenet-pytorch/InceptionResnetV1,vggface2,source_b82940bb25ca,target_bbb0daa338ba,0.01,0.001,10,0.47966246581077576,0.3100721538066864,0.9223681688308716,True,True,False,true,true,jpeg,transform,"{""quality"":75}",artifact_reload,0.85273051,0.85273528,true,true,false,true,0.0012,artifact_3761b64ff49e30ad,artifact_ec003e084bc7111f,artifact_2f3cd8ab8ca40ced,artifact_60d6ab8d84ee37e6,artifact_32617b7f0991d3f3,artifact_31043febf295e8f5,def_857886b7fdd4985ba552,1.0,ok,
vf_5a94edcabb77,pair_000007,targeted_pgd_facenet_verification,facenet-pytorch/InceptionResnetV1,vggface2,source_b82940bb25ca,target_bbb0daa338ba,0.01,0.001,10,0.47966246581077576,0.3100721538066864,0.9223681688308716,True,True,False,true,true,smoothing,transform,"{""radius"":3.0}",artifact_reload,0.85273051,0.00869676,false,false,true,false,0.0014,artifact_3761b64ff49e30ad,artifact_ec003e084bc7111f,artifact_2f3cd8ab8ca40ced,artifact_60d6ab8d84ee37e6,artifact_01628da2ad37cec7,artifact_31043febf295e8f5,def_e2f26fe154abdb51c75b,1.0,ok,
vf_5a94edcabb77,pair_000007,targeted_pgd_facenet_verification,facenet-pytorch/InceptionResnetV1,vggface2,source_b82940bb25ca,target_bbb0daa338ba,0.01,0.001,10,0.47966246581077576,0.3100721538066864,0.9223681688308716,True,True,False,true,true,bitdepth,transform,"{""bits"":4}",artifact_reload,0.85273051,0.80112946,true,true,false,true,0.0007,artifact_3761b64ff49e30ad,artifact_ec003e084bc7111f,artifact_2f3cd8ab8ca40ced,artifact_60d6ab8d84ee37e6,artifact_12ef0f8123d46b0d,artifact_31043febf295e8f5,def_f822a4fd6a1175adb1f3,1.0,ok,
vf_5a94edcabb77,pair_000007,targeted_pgd_facenet_verification,facenet-pytorch/InceptionResnetV1,vggface2,source_b82940bb25ca,target_bbb0daa338ba,0.01,0.001,10,0.47966246581077576,0.3100721538066864,0.9223681688308716,True,True,False,true,true,adv_training,trained,"{""epochs"":5,""lr"":1e-05,""margin"":0.15}",legacy_record,0.9223681688308716,0.26895267,false,false,true,false,,artifact_3761b64ff49e30ad,artifact_ec003e084bc7111f,artifact_2f3cd8ab8ca40ced,artifact_60d6ab8d84ee37e6,,artifact_ea7152eddc5ff20e,def_3f184d0ff30dee63d30f,1.0,ok,
vf_52d06780daa5,pair_000009,targeted_pgd_facenet_verification,facenet-pytorch/InceptionResnetV1,vggface2,source_3b3b33593a36,target_952b25972fe5,0.01,0.001,10,0.47966246581077576,0.23096619546413422,0.6538065671920776,True,True,False,true,true,jpeg,transform,"{""quality"":75}",artifact_reload,0.57500362,0.5713504,true,true,false,true,0.0012,artifact_526aa0799735f2f4,artifact_3a4e1e3f952651ca,artifact_8556ce670c8fdb73,artifact_3aade35852e2b414,artifact_df21e8b2abc2afc5,artifact_31043febf295e8f5,def_d8b22a8cf3fae2b3f3eb,1.0,ok,
vf_52d06780daa5,pair_000009,targeted_pgd_facenet_verification,facenet-pytorch/InceptionResnetV1,vggface2,source_3b3b33593a36,target_952b25972fe5,0.01,0.001,10,0.47966246581077576,0.23096619546413422,0.6538065671920776,True,True,False,true,true,smoothing,transform,"{""radius"":3.0}",artifact_reload,0.57500362,0.11043687,false,false,true,false,0.0014,artifact_526aa0799735f2f4,artifact_3a4e1e3f952651ca,artifact_8556ce670c8fdb73,artifact_3aade35852e2b414,artifact_54c143092030143e,artifact_31043febf295e8f5,def_82d20bb49fa0a375a476,1.0,ok,
vf_52d06780daa5,pair_000009,targeted_pgd_facenet_verification,facenet-pytorch/InceptionResnetV1,vggface2,source_3b3b33593a36,target_952b25972fe5,0.01,0.001,10,0.47966246581077576,0.23096619546413422,0.6538065671920776,True,True,False,true,true,bitdepth,transform,"{""bits"":4}",artifact_reload,0.57500362,0.50666392,true,true,false,true,0.0007,artifact_526aa0799735f2f4,artifact_3a4e1e3f952651ca,artifact_8556ce670c8fdb73,artifact_3aade35852e2b414,artifact_e8fb9a82a8be229a,artifact_31043febf295e8f5,def_ac357c0c9544d94c9274,1.0,ok,
vf_52d06780daa5,pair_000009,targeted_pgd_facenet_verification,facenet-pytorch/InceptionResnetV1,vggface2,source_3b3b33593a36,target_952b25972fe5,0.01,0.001,10,0.47966246581077576,0.23096619546413422,0.6538065671920776,True,True,False,true,true,adv_training,trained,"{""epochs"":5,""lr"":1e-05,""margin"":0.15}",legacy_record,0.6538065671920776,0.14432992,false,false,true,false,,artifact_526aa0799735f2f4,artifact_3a4e1e3f952651ca,artifact_8556ce670c8fdb73,artifact_3aade35852e2b414,,artifact_ea7152eddc5ff20e,def_0322e61b957f3125d5af,1.0,ok,
vf_a68bec247b5f,pair_000011,targeted_pgd_facenet_verification,facenet-pytorch/InceptionResnetV1,vggface2,source_ebc43d3edd78,target_5356319edd8e,0.01,0.001,10,0.47966246581077576,0.08974141627550125,0.6069015860557556,True,True,False,true,true,jpeg,transform,"{""quality"":75}",artifact_reload,0.51708746,0.51665998,true,true,false,true,0.0012,artifact_223c124ecac2e976,artifact_85abb303ffb7652c,artifact_b6c2e19629e37bf0,artifact_79d2a71e15b85a9e,artifact_33167b97e815155f,artifact_31043febf295e8f5,def_bbe66407cbac3eb29c81,1.0,ok,
vf_a68bec247b5f,pair_000011,targeted_pgd_facenet_verification,facenet-pytorch/InceptionResnetV1,vggface2,source_ebc43d3edd78,target_5356319edd8e,0.01,0.001,10,0.47966246581077576,0.08974141627550125,0.6069015860557556,True,True,False,true,true,smoothing,transform,"{""radius"":3.0}",artifact_reload,0.51708746,0.22380713,false,false,true,false,0.0013,artifact_223c124ecac2e976,artifact_85abb303ffb7652c,artifact_b6c2e19629e37bf0,artifact_79d2a71e15b85a9e,artifact_d538af8c77d285e5,artifact_31043febf295e8f5,def_d2cea1404a8d212b509f,1.0,ok,
vf_a68bec247b5f,pair_000011,targeted_pgd_facenet_verification,facenet-pytorch/InceptionResnetV1,vggface2,source_ebc43d3edd78,target_5356319edd8e,0.01,0.001,10,0.47966246581077576,0.08974141627550125,0.6069015860557556,True,True,False,true,true,bitdepth,transform,"{""bits"":4}",artifact_reload,0.51708746,0.46745074,false,false,true,false,0.0008,artifact_223c124ecac2e976,artifact_85abb303ffb7652c,artifact_b6c2e19629e37bf0,artifact_79d2a71e15b85a9e,artifact_d70ea914befa07e4,artifact_31043febf295e8f5,def_cdee123f609c97e07a02,1.0,ok,
vf_a68bec247b5f,pair_000011,targeted_pgd_facenet_verification,facenet-pytorch/InceptionResnetV1,vggface2,source_ebc43d3edd78,target_5356319edd8e,0.01,0.001,10,0.47966246581077576,0.08974141627550125,0.6069015860557556,True,True,False,true,true,adv_training,trained,"{""epochs"":5,""lr"":1e-05,""margin"":0.15}",legacy_record,0.6069015860557556,0.28931516,false,false,true,false,,artifact_223c124ecac2e976,artifact_85abb303ffb7652c,artifact_b6c2e19629e37bf0,artifact_79d2a71e15b85a9e,,artifact_ea7152eddc5ff20e,def_95eaa3af3addc0aeda95,1.0,ok,
vf_b2db9c409315,pair_000017,targeted_pgd_facenet_verification,facenet-pytorch/InceptionResnetV1,vggface2,source_16254f944d43,target_5356319edd8e,0.01,0.001,10,0.47966246581077576,0.2069093883037567,0.681786060333252,True,True,False,true,true,jpeg,transform,"{""quality"":75}",artifact_reload,0.61280626,0.6126169,true,true,false,true,0.0012,artifact_ae6260831fda3c97,artifact_2e8be6918c357a6c,artifact_53a371fa6644c110,artifact_ee99ec3fb036d9f3,artifact_64e24031b2dc04f4,artifact_31043febf295e8f5,def_b102c6f802362711d6de,1.0,ok,
vf_b2db9c409315,pair_000017,targeted_pgd_facenet_verification,facenet-pytorch/InceptionResnetV1,vggface2,source_16254f944d43,target_5356319edd8e,0.01,0.001,10,0.47966246581077576,0.2069093883037567,0.681786060333252,True,True,False,true,true,smoothing,transform,"{""radius"":3.0}",artifact_reload,0.61280626,0.12120894,false,false,true,false,0.0013,artifact_ae6260831fda3c97,artifact_2e8be6918c357a6c,artifact_53a371fa6644c110,artifact_ee99ec3fb036d9f3,artifact_7d01d1278b46d4d0,artifact_31043febf295e8f5,def_47a71dcffa0a48a95459,1.0,ok,
vf_b2db9c409315,pair_000017,targeted_pgd_facenet_verification,facenet-pytorch/InceptionResnetV1,vggface2,source_16254f944d43,target_5356319edd8e,0.01,0.001,10,0.47966246581077576,0.2069093883037567,0.681786060333252,True,True,False,true,true,bitdepth,transform,"{""bits"":4}",artifact_reload,0.61280626,0.56507868,true,true,false,true,0.0007,artifact_ae6260831fda3c97,artifact_2e8be6918c357a6c,artifact_53a371fa6644c110,artifact_ee99ec3fb036d9f3,artifact_7f79a96820d41f35,artifact_31043febf295e8f5,def_d218fd0c996b8abbe320,1.0,ok,
vf_b2db9c409315,pair_000017,targeted_pgd_facenet_verification,facenet-pytorch/InceptionResnetV1,vggface2,source_16254f944d43,target_5356319edd8e,0.01,0.001,10,0.47966246581077576,0.2069093883037567,0.681786060333252,True,True,False,true,true,adv_training,trained,"{""epochs"":5,""lr"":1e-05,""margin"":0.15}",legacy_record,0.681786060333252,0.27438101,false,false,true,false,,artifact_ae6260831fda3c97,artifact_2e8be6918c357a6c,artifact_53a371fa6644c110,artifact_ee99ec3fb036d9f3,,artifact_ea7152eddc5ff20e,def_4da28c5c066157072f88,1.0,ok,
vf_d4a4986c9b43,pair_000022,targeted_pgd_facenet_verification,facenet-pytorch/InceptionResnetV1,vggface2,source_ea9c6f198674,target_f279b767b25d,0.01,0.001,10,0.47966246581077576,0.10973245650529861,0.5731400847434998,True,True,False,true,true,jpeg,transform,"{""quality"":75}",artifact_reload,0.49036503,0.48996472,true,true,false,true,0.0013,artifact_17f9e96a8dfc7e35,artifact_953608fc0f0b27c6,artifact_108a3daee30a1e84,artifact_871b0e9e7741eea7,artifact_507236c87a569b50,artifact_31043febf295e8f5,def_15385242b1300fe637e6,1.0,ok,
vf_d4a4986c9b43,pair_000022,targeted_pgd_facenet_verification,facenet-pytorch/InceptionResnetV1,vggface2,source_ea9c6f198674,target_f279b767b25d,0.01,0.001,10,0.47966246581077576,0.10973245650529861,0.5731400847434998,True,True,False,true,true,smoothing,transform,"{""radius"":3.0}",artifact_reload,0.49036503,0.19772877,false,false,true,false,0.0013,artifact_17f9e96a8dfc7e35,artifact_953608fc0f0b27c6,artifact_108a3daee30a1e84,artifact_871b0e9e7741eea7,artifact_bb89875efda3b959,artifact_31043febf295e8f5,def_19876bf7b00ca5b9ab63,1.0,ok,
vf_d4a4986c9b43,pair_000022,targeted_pgd_facenet_verification,facenet-pytorch/InceptionResnetV1,vggface2,source_ea9c6f198674,target_f279b767b25d,0.01,0.001,10,0.47966246581077576,0.10973245650529861,0.5731400847434998,True,True,False,true,true,bitdepth,transform,"{""bits"":4}",artifact_reload,0.49036503,0.42399824,false,false,true,false,0.0007,artifact_17f9e96a8dfc7e35,artifact_953608fc0f0b27c6,artifact_108a3daee30a1e84,artifact_871b0e9e7741eea7,artifact_274ea3f2f7ac1b8f,artifact_31043febf295e8f5,def_3b93ed9d0a069c9fb9cb,1.0,ok,
vf_d4a4986c9b43,pair_000022,targeted_pgd_facenet_verification,facenet-pytorch/InceptionResnetV1,vggface2,source_ea9c6f198674,target_f279b767b25d,0.01,0.001,10,0.47966246581077576,0.10973245650529861,0.5731400847434998,True,True,False,true,true,adv_training,trained,"{""epochs"":5,""lr"":1e-05,""margin"":0.15}",legacy_record,0.5731400847434998,0.10144892,false,false,true,false,,artifact_17f9e96a8dfc7e35,artifact_953608fc0f0b27c6,artifact_108a3daee30a1e84,artifact_871b0e9e7741eea7,,artifact_ea7152eddc5ff20e,def_c4567d5ed9b6221aed56,1.0,ok,
vf_48af2e6e91f3,pair_000023,targeted_pgd_facenet_verification,facenet-pytorch/InceptionResnetV1,vggface2,source_ea9c6f198674,target_3b63f0fe705d,0.01,0.001,10,0.47966246581077576,0.28864219784736633,0.6971893310546875,True,True,False,true,true,jpeg,transform,"{""quality"":75}",artifact_reload,0.61002445,0.61002547,true,true,false,true,0.0014,artifact_63e36def490e80ad,artifact_f4fb257893815a5f,artifact_d9c950c1ac2c4283,artifact_749dde22c5b9bffd,artifact_934dc81fa0e8486b,artifact_31043febf295e8f5,def_4b6dfde3b7db0287293b,1.0,ok,
vf_48af2e6e91f3,pair_000023,targeted_pgd_facenet_verification,facenet-pytorch/InceptionResnetV1,vggface2,source_ea9c6f198674,target_3b63f0fe705d,0.01,0.001,10,0.47966246581077576,0.28864219784736633,0.6971893310546875,True,True,False,true,true,smoothing,transform,"{""radius"":3.0}",artifact_reload,0.61002445,0.23738781,false,false,true,false,0.0013,artifact_63e36def490e80ad,artifact_f4fb257893815a5f,artifact_d9c950c1ac2c4283,artifact_749dde22c5b9bffd,artifact_a9183b3a8a98ee51,artifact_31043febf295e8f5,def_9e4d3e0ebe1ab176451e,1.0,ok,
vf_48af2e6e91f3,pair_000023,targeted_pgd_facenet_verification,facenet-pytorch/InceptionResnetV1,vggface2,source_ea9c6f198674,target_3b63f0fe705d,0.01,0.001,10,0.47966246581077576,0.28864219784736633,0.6971893310546875,True,True,False,true,true,bitdepth,transform,"{""bits"":4}",artifact_reload,0.61002445,0.57008636,true,true,false,true,0.0007,artifact_63e36def490e80ad,artifact_f4fb257893815a5f,artifact_d9c950c1ac2c4283,artifact_749dde22c5b9bffd,artifact_ad7f2a1dfc3e6600,artifact_31043febf295e8f5,def_8797b3d0ca048cd79bd2,1.0,ok,
vf_48af2e6e91f3,pair_000023,targeted_pgd_facenet_verification,facenet-pytorch/InceptionResnetV1,vggface2,source_ea9c6f198674,target_3b63f0fe705d,0.01,0.001,10,0.47966246581077576,0.28864219784736633,0.6971893310546875,True,True,False,true,true,adv_training,trained,"{""epochs"":5,""lr"":1e-05,""margin"":0.15}",legacy_record,0.6971893310546875,0.28372204,false,false,true,false,,artifact_63e36def490e80ad,artifact_f4fb257893815a5f,artifact_d9c950c1ac2c4283,artifact_749dde22c5b9bffd,,artifact_ea7152eddc5ff20e,def_1c9d48bc606cb6b1b5b2,1.0,ok,
vf_1a4a35393e20,pair_000029,targeted_pgd_facenet_verification,facenet-pytorch/InceptionResnetV1,vggface2,source_ebc43d3edd78,target_03259d71c4a4,0.01,0.001,10,0.47966246581077576,0.2958222031593323,0.734663724899292,True,True,False,true,true,jpeg,transform,"{""quality"":75}",artifact_reload,0.64751679,0.64747179,true,true,false,true,0.0012,artifact_eda58fa05da27f47,artifact_515f239ef4af6504,artifact_50596ec257f12823,artifact_541643e68e4a9774,artifact_12a4e48691d0dbbb,artifact_31043febf295e8f5,def_2acbf5ed1a9398215502,1.0,ok,
vf_1a4a35393e20,pair_000029,targeted_pgd_facenet_verification,facenet-pytorch/InceptionResnetV1,vggface2,source_ebc43d3edd78,target_03259d71c4a4,0.01,0.001,10,0.47966246581077576,0.2958222031593323,0.734663724899292,True,True,False,true,true,smoothing,transform,"{""radius"":3.0}",artifact_reload,0.64751679,0.28657395,false,false,true,false,0.0014,artifact_eda58fa05da27f47,artifact_515f239ef4af6504,artifact_50596ec257f12823,artifact_541643e68e4a9774,artifact_9c2fc2e1259cf4f3,artifact_31043febf295e8f5,def_a43d707cc0022d4e38d9,1.0,ok,
vf_1a4a35393e20,pair_000029,targeted_pgd_facenet_verification,facenet-pytorch/InceptionResnetV1,vggface2,source_ebc43d3edd78,target_03259d71c4a4,0.01,0.001,10,0.47966246581077576,0.2958222031593323,0.734663724899292,True,True,False,true,true,bitdepth,transform,"{""bits"":4}",artifact_reload,0.64751679,0.58241886,true,true,false,true,0.0007,artifact_eda58fa05da27f47,artifact_515f239ef4af6504,artifact_50596ec257f12823,artifact_541643e68e4a9774,artifact_23da310e9e75e36a,artifact_31043febf295e8f5,def_57ab6d7bdcf2ab25f407,1.0,ok,
vf_1a4a35393e20,pair_000029,targeted_pgd_facenet_verification,facenet-pytorch/InceptionResnetV1,vggface2,source_ebc43d3edd78,target_03259d71c4a4,0.01,0.001,10,0.47966246581077576,0.2958222031593323,0.734663724899292,True,True,False,true,true,adv_training,trained,"{""epochs"":5,""lr"":1e-05,""margin"":0.15}",legacy_record,0.734663724899292,0.19947781,false,false,true,false,,artifact_eda58fa05da27f47,artifact_515f239ef4af6504,artifact_50596ec257f12823,artifact_541643e68e4a9774,,artifact_ea7152eddc5ff20e,def_b9f39be77985066e6817,1.0,ok,
vf_69175dbfa8d3,pair_000030,targeted_pgd_facenet_verification,facenet-pytorch/InceptionResnetV1,vggface2,source_ebc43d3edd78,target_6d0d6f90d03e,0.01,0.001,10,0.47966246581077576,0.21223020553588867,0.732471227645874,True,True,False,true,true,jpeg,transform,"{""quality"":75}",artifact_reload,0.63731933,0.63731933,true,true,false,true,0.0012,artifact_779a4a3cdeac9433,artifact_325c8d50916c52ac,artifact_80bf4ec9aa9479b8,artifact_da2fb415833da896,artifact_8007fd8141ed27c9,artifact_31043febf295e8f5,def_ce7fab5e0d6c805946f5,1.0,ok,
vf_69175dbfa8d3,pair_000030,targeted_pgd_facenet_verification,facenet-pytorch/InceptionResnetV1,vggface2,source_ebc43d3edd78,target_6d0d6f90d03e,0.01,0.001,10,0.47966246581077576,0.21223020553588867,0.732471227645874,True,True,False,true,true,smoothing,transform,"{""radius"":3.0}",artifact_reload,0.63731933,0.23541759,false,false,true,false,0.0013,artifact_779a4a3cdeac9433,artifact_325c8d50916c52ac,artifact_80bf4ec9aa9479b8,artifact_da2fb415833da896,artifact_81454afddc7c498e,artifact_31043febf295e8f5,def_72969519506ed0dd27cf,1.0,ok,
vf_69175dbfa8d3,pair_000030,targeted_pgd_facenet_verification,facenet-pytorch/InceptionResnetV1,vggface2,source_ebc43d3edd78,target_6d0d6f90d03e,0.01,0.001,10,0.47966246581077576,0.21223020553588867,0.732471227645874,True,True,False,true,true,bitdepth,transform,"{""bits"":4}",artifact_reload,0.63731933,0.58823574,true,true,false,true,0.0007,artifact_779a4a3cdeac9433,artifact_325c8d50916c52ac,artifact_80bf4ec9aa9479b8,artifact_da2fb415833da896,artifact_775357ec73f925b0,artifact_31043febf295e8f5,def_44521e5de79235e4e2ca,1.0,ok,
vf_69175dbfa8d3,pair_000030,targeted_pgd_facenet_verification,facenet-pytorch/InceptionResnetV1,vggface2,source_ebc43d3edd78,target_6d0d6f90d03e,0.01,0.001,10,0.47966246581077576,0.21223020553588867,0.732471227645874,True,True,False,true,true,adv_training,trained,"{""epochs"":5,""lr"":1e-05,""margin"":0.15}",legacy_record,0.732471227645874,0.1382091,false,false,true,false,,artifact_779a4a3cdeac9433,artifact_325c8d50916c52ac,artifact_80bf4ec9aa9479b8,artifact_da2fb415833da896,,artifact_ea7152eddc5ff20e,def_c0402cb6f82db178e45a,1.0,ok,
vf_c81119d6f007,pair_000032,targeted_pgd_facenet_verification,facenet-pytorch/InceptionResnetV1,vggface2,source_c65c3c2f694d,target_952b25972fe5,0.01,0.001,10,0.47966246581077576,0.19210177659988403,0.668991208076477,True,True,False,true,true,jpeg,transform,"{""quality"":75}",artifact_reload,0.59527409,0.59512961,true,true,false,true,0.0013,artifact_8ceb5631c0cec978,artifact_74249a1faea84b94,artifact_f3ef6d9d3d88e46d,artifact_e2548d3c320c526f,artifact_54a938608892b1f3,artifact_31043febf295e8f5,def_f331170304f443e14b54,1.0,ok,
vf_c81119d6f007,pair_000032,targeted_pgd_facenet_verification,facenet-pytorch/InceptionResnetV1,vggface2,source_c65c3c2f694d,target_952b25972fe5,0.01,0.001,10,0.47966246581077576,0.19210177659988403,0.668991208076477,True,True,False,true,true,smoothing,transform,"{""radius"":3.0}",artifact_reload,0.59527409,0.2518912,false,false,true,false,0.0014,artifact_8ceb5631c0cec978,artifact_74249a1faea84b94,artifact_f3ef6d9d3d88e46d,artifact_e2548d3c320c526f,artifact_7facd8d677dec943,artifact_31043febf295e8f5,def_1205a129583b94181e2e,1.0,ok,
vf_c81119d6f007,pair_000032,targeted_pgd_facenet_verification,facenet-pytorch/InceptionResnetV1,vggface2,source_c65c3c2f694d,target_952b25972fe5,0.01,0.001,10,0.47966246581077576,0.19210177659988403,0.668991208076477,True,True,False,true,true,bitdepth,transform,"{""bits"":4}",artifact_reload,0.59527409,0.53965968,true,true,false,true,0.0008,artifact_8ceb5631c0cec978,artifact_74249a1faea84b94,artifact_f3ef6d9d3d88e46d,artifact_e2548d3c320c526f,artifact_cdba35d9a70fa0c7,artifact_31043febf295e8f5,def_62634e6cf555e933bd8e,1.0,ok,
vf_c81119d6f007,pair_000032,targeted_pgd_facenet_verification,facenet-pytorch/InceptionResnetV1,vggface2,source_c65c3c2f694d,target_952b25972fe5,0.01,0.001,10,0.47966246581077576,0.19210177659988403,0.668991208076477,True,True,False,true,true,adv_training,trained,"{""epochs"":5,""lr"":1e-05,""margin"":0.15}",legacy_record,0.668991208076477,0.12883979,false,false,true,false,,artifact_8ceb5631c0cec978,artifact_74249a1faea84b94,artifact_f3ef6d9d3d88e46d,artifact_e2548d3c320c526f,,artifact_ea7152eddc5ff20e,def_8c11dcbe6764fb57db78,1.0,ok,
vf_498718c6771b,pair_000034,targeted_pgd_facenet_verification,facenet-pytorch/InceptionResnetV1,vggface2,source_4008c321c1f3,target_03259d71c4a4,0.01,0.001,10,0.47966246581077576,0.19492340087890625,0.6652241945266724,True,True,False,true,true,jpeg,transform,"{""quality"":75}",artifact_reload,0.53963292,0.53961724,true,true,false,true,0.0012,artifact_453b5c36d560027f,artifact_e7cf65161577c75f,artifact_5c755157557b49e8,artifact_d0bef37f304718c0,artifact_87819784b7b48248,artifact_31043febf295e8f5,def_e5fa2bcb1ec4fc33230c,1.0,ok,
vf_498718c6771b,pair_000034,targeted_pgd_facenet_verification,facenet-pytorch/InceptionResnetV1,vggface2,source_4008c321c1f3,target_03259d71c4a4,0.01,0.001,10,0.47966246581077576,0.19492340087890625,0.6652241945266724,True,True,False,true,true,smoothing,transform,"{""radius"":3.0}",artifact_reload,0.53963292,0.15739338,false,false,true,false,0.0014,artifact_453b5c36d560027f,artifact_e7cf65161577c75f,artifact_5c755157557b49e8,artifact_d0bef37f304718c0,artifact_46f9fc522ad1a11d,artifact_31043febf295e8f5,def_d3ffe1bfd9146c10808f,1.0,ok,
vf_498718c6771b,pair_000034,targeted_pgd_facenet_verification,facenet-pytorch/InceptionResnetV1,vggface2,source_4008c321c1f3,target_03259d71c4a4,0.01,0.001,10,0.47966246581077576,0.19492340087890625,0.6652241945266724,True,True,False,true,true,bitdepth,transform,"{""bits"":4}",artifact_reload,0.53963292,0.48733208,true,true,false,true,0.0007,artifact_453b5c36d560027f,artifact_e7cf65161577c75f,artifact_5c755157557b49e8,artifact_d0bef37f304718c0,artifact_7a75f16452fe675d,artifact_31043febf295e8f5,def_7bd1fed4774931c14a36,1.0,ok,
vf_498718c6771b,pair_000034,targeted_pgd_facenet_verification,facenet-pytorch/InceptionResnetV1,vggface2,source_4008c321c1f3,target_03259d71c4a4,0.01,0.001,10,0.47966246581077576,0.19492340087890625,0.6652241945266724,True,True,False,true,true,adv_training,trained,"{""epochs"":5,""lr"":1e-05,""margin"":0.15}",legacy_record,0.6652241945266724,0.1873139,false,false,true,false,,artifact_453b5c36d560027f,artifact_e7cf65161577c75f,artifact_5c755157557b49e8,artifact_d0bef37f304718c0,,artifact_ea7152eddc5ff20e,def_1ece518f5586d9a27efe,1.0,ok,
vf_e107de7de7da,pair_000036,targeted_pgd_facenet_verification,facenet-pytorch/InceptionResnetV1,vggface2,source_16254f944d43,target_f279b767b25d,0.01,0.001,10,0.47966246581077576,0.1922152042388916,0.6882144212722778,True,True,False,true,true,jpeg,transform,"{""quality"":75}",artifact_reload,0.59028733,0.58995312,true,true,false,true,0.0012,artifact_8d166acb2a6c64c7,artifact_b0d4bb6d276b970d,artifact_253c458de62f3edf,artifact_dc5bf26f1fb51c70,artifact_0f06c7673ece4ed6,artifact_31043febf295e8f5,def_a1b80f318b8acdd385dc,1.0,ok,
vf_e107de7de7da,pair_000036,targeted_pgd_facenet_verification,facenet-pytorch/InceptionResnetV1,vggface2,source_16254f944d43,target_f279b767b25d,0.01,0.001,10,0.47966246581077576,0.1922152042388916,0.6882144212722778,True,True,False,true,true,smoothing,transform,"{""radius"":3.0}",artifact_reload,0.59028733,0.07392694,false,false,true,false,0.0013,artifact_8d166acb2a6c64c7,artifact_b0d4bb6d276b970d,artifact_253c458de62f3edf,artifact_dc5bf26f1fb51c70,artifact_5af603fa30bd65b8,artifact_31043febf295e8f5,def_7671d0c90627800b494a,1.0,ok,
vf_e107de7de7da,pair_000036,targeted_pgd_facenet_verification,facenet-pytorch/InceptionResnetV1,vggface2,source_16254f944d43,target_f279b767b25d,0.01,0.001,10,0.47966246581077576,0.1922152042388916,0.6882144212722778,True,True,False,true,true,bitdepth,transform,"{""bits"":4}",artifact_reload,0.59028733,0.54775447,true,true,false,true,0.0007,artifact_8d166acb2a6c64c7,artifact_b0d4bb6d276b970d,artifact_253c458de62f3edf,artifact_dc5bf26f1fb51c70,artifact_f6a61dec96b55523,artifact_31043febf295e8f5,def_a170020a7620fe8c9dcf,1.0,ok,
vf_e107de7de7da,pair_000036,targeted_pgd_facenet_verification,facenet-pytorch/InceptionResnetV1,vggface2,source_16254f944d43,target_f279b767b25d,0.01,0.001,10,0.47966246581077576,0.1922152042388916,0.6882144212722778,True,True,False,true,true,adv_training,trained,"{""epochs"":5,""lr"":1e-05,""margin"":0.15}",legacy_record,0.6882144212722778,0.02476066,false,false,true,false,,artifact_8d166acb2a6c64c7,artifact_b0d4bb6d276b970d,artifact_253c458de62f3edf,artifact_dc5bf26f1fb51c70,,artifact_ea7152eddc5ff20e,def_dd5678e474c81ad671bf,1.0,ok,
vf_a23252c49cc4,pair_000037,targeted_pgd_facenet_verification,facenet-pytorch/InceptionResnetV1,vggface2,source_27656f3b65b8,target_bbb0daa338ba,0.01,0.001,10,0.47966246581077576,0.11175183951854706,0.6371374130249023,True,True,False,true,true,jpeg,transform,"{""quality"":75}",artifact_reload,0.54455751,0.54452711,true,true,false,true,0.0012,artifact_28ce9c065abdd967,artifact_7933700ce4f7e865,artifact_ee90e5d0208ba213,artifact_7f6673a6ce957aa5,artifact_e747d7db3ea32b51,artifact_31043febf295e8f5,def_8e3c025f2f981ccf2c4b,1.0,ok,
vf_a23252c49cc4,pair_000037,targeted_pgd_facenet_verification,facenet-pytorch/InceptionResnetV1,vggface2,source_27656f3b65b8,target_bbb0daa338ba,0.01,0.001,10,0.47966246581077576,0.11175183951854706,0.6371374130249023,True,True,False,true,true,smoothing,transform,"{""radius"":3.0}",artifact_reload,0.54455751,0.23587546,false,false,true,false,0.0013,artifact_28ce9c065abdd967,artifact_7933700ce4f7e865,artifact_ee90e5d0208ba213,artifact_7f6673a6ce957aa5,artifact_cd5894f69cf8f7c1,artifact_31043febf295e8f5,def_df7b3b412baa0ed9d9cf,1.0,ok,
vf_a23252c49cc4,pair_000037,targeted_pgd_facenet_verification,facenet-pytorch/InceptionResnetV1,vggface2,source_27656f3b65b8,target_bbb0daa338ba,0.01,0.001,10,0.47966246581077576,0.11175183951854706,0.6371374130249023,True,True,False,true,true,bitdepth,transform,"{""bits"":4}",artifact_reload,0.54455751,0.52474618,true,true,false,true,0.0008,artifact_28ce9c065abdd967,artifact_7933700ce4f7e865,artifact_ee90e5d0208ba213,artifact_7f6673a6ce957aa5,artifact_b3f696efc4d8b66a,artifact_31043febf295e8f5,def_cded2e859470316d80f2,1.0,ok,
vf_a23252c49cc4,pair_000037,targeted_pgd_facenet_verification,facenet-pytorch/InceptionResnetV1,vggface2,source_27656f3b65b8,target_bbb0daa338ba,0.01,0.001,10,0.47966246581077576,0.11175183951854706,0.6371374130249023,True,True,False,true,true,adv_training,trained,"{""epochs"":5,""lr"":1e-05,""margin"":0.15}",legacy_record,0.6371374130249023,0.12255719,false,false,true,false,,artifact_28ce9c065abdd967,artifact_7933700ce4f7e865,artifact_ee90e5d0208ba213,artifact_7f6673a6ce957aa5,,artifact_ea7152eddc5ff20e,def_d869ca56cd7660e33af4,1.0,ok,
vf_2c466f39d332,pair_000044,targeted_pgd_facenet_verification,facenet-pytorch/InceptionResnetV1,vggface2,source_16254f944d43,target_bbb0daa338ba,0.01,0.001,10,0.47966246581077576,0.1911584734916687,0.6453473567962646,True,True,False,true,true,jpeg,transform,"{""quality"":75}",artifact_reload,0.56392252,0.56376117,true,true,false,true,0.0012,artifact_f85aca9d7cee34c5,artifact_b38cb8cbadd45b94,artifact_c5c49ec4134e34e2,artifact_5f53d68305d6f905,artifact_2c2b4b960eccb703,artifact_31043febf295e8f5,def_3a3c3a780b381795ca28,1.0,ok,
vf_2c466f39d332,pair_000044,targeted_pgd_facenet_verification,facenet-pytorch/InceptionResnetV1,vggface2,source_16254f944d43,target_bbb0daa338ba,0.01,0.001,10,0.47966246581077576,0.1911584734916687,0.6453473567962646,True,True,False,true,true,smoothing,transform,"{""radius"":3.0}",artifact_reload,0.56392252,0.13312227,false,false,true,false,0.0013,artifact_f85aca9d7cee34c5,artifact_b38cb8cbadd45b94,artifact_c5c49ec4134e34e2,artifact_5f53d68305d6f905,artifact_bee16eb029987150,artifact_31043febf295e8f5,def_f7cfab8a7c7b14dff1e7,1.0,ok,
vf_2c466f39d332,pair_000044,targeted_pgd_facenet_verification,facenet-pytorch/InceptionResnetV1,vggface2,source_16254f944d43,target_bbb0daa338ba,0.01,0.001,10,0.47966246581077576,0.1911584734916687,0.6453473567962646,True,True,False,true,true,bitdepth,transform,"{""bits"":4}",artifact_reload,0.56392252,0.5236066,true,true,false,true,0.0008,artifact_f85aca9d7cee34c5,artifact_b38cb8cbadd45b94,artifact_c5c49ec4134e34e2,artifact_5f53d68305d6f905,artifact_6bdc33f69d8930dd,artifact_31043febf295e8f5,def_f90c3de45b871c22c419,1.0,ok,
vf_2c466f39d332,pair_000044,targeted_pgd_facenet_verification,facenet-pytorch/InceptionResnetV1,vggface2,source_16254f944d43,target_bbb0daa338ba,0.01,0.001,10,0.47966246581077576,0.1911584734916687,0.6453473567962646,True,True,False,true,true,adv_training,trained,"{""epochs"":5,""lr"":1e-05,""margin"":0.15}",legacy_record,0.6453473567962646,0.24400426,false,false,true,false,,artifact_f85aca9d7cee34c5,artifact_b38cb8cbadd45b94,artifact_c5c49ec4134e34e2,artifact_5f53d68305d6f905,,artifact_ea7152eddc5ff20e,def_7f35796a7213e46dd08b,1.0,ok,
vf_f57c19c5dea3,pair_000045,targeted_pgd_facenet_verification,facenet-pytorch/InceptionResnetV1,vggface2,source_ebc43d3edd78,target_f279b767b25d,0.01,0.001,10,0.47966246581077576,0.03405424579977989,0.592670202255249,True,True,False,false,false,jpeg,transform,"{""quality"":75}",artifact_reload,0.47401795,0.47415364,false,false,false,false,0.0014,artifact_12561e4c2f93d900,artifact_f9405bf3113b7ff4,artifact_2465e942495b45f9,artifact_ff747bf262a39ee2,artifact_d5d684bbf5f27efb,artifact_31043febf295e8f5,def_e269b7d9adbd72861f22,1.0,ok,
vf_f57c19c5dea3,pair_000045,targeted_pgd_facenet_verification,facenet-pytorch/InceptionResnetV1,vggface2,source_ebc43d3edd78,target_f279b767b25d,0.01,0.001,10,0.47966246581077576,0.03405424579977989,0.592670202255249,True,True,False,false,false,smoothing,transform,"{""radius"":3.0}",artifact_reload,0.47401795,0.27520612,false,false,false,false,0.0014,artifact_12561e4c2f93d900,artifact_f9405bf3113b7ff4,artifact_2465e942495b45f9,artifact_ff747bf262a39ee2,artifact_be9d3fc9584a7e29,artifact_31043febf295e8f5,def_7cbe1e9cc4e9250f8f7e,1.0,ok,
vf_f57c19c5dea3,pair_000045,targeted_pgd_facenet_verification,facenet-pytorch/InceptionResnetV1,vggface2,source_ebc43d3edd78,target_f279b767b25d,0.01,0.001,10,0.47966246581077576,0.03405424579977989,0.592670202255249,True,True,False,false,false,bitdepth,transform,"{""bits"":4}",artifact_reload,0.47401795,0.44272411,false,false,false,false,0.0007,artifact_12561e4c2f93d900,artifact_f9405bf3113b7ff4,artifact_2465e942495b45f9,artifact_ff747bf262a39ee2,artifact_4f2617493435699c,artifact_31043febf295e8f5,def_22d0d739cc9f922afa4e,1.0,ok,
vf_f57c19c5dea3,pair_000045,targeted_pgd_facenet_verification,facenet-pytorch/InceptionResnetV1,vggface2,source_ebc43d3edd78,target_f279b767b25d,0.01,0.001,10,0.47966246581077576,0.03405424579977989,0.592670202255249,True,True,False,true,true,adv_training,trained,"{""epochs"":5,""lr"":1e-05,""margin"":0.15}",legacy_record,0.592670202255249,0.32542494,false,false,true,false,,artifact_12561e4c2f93d900,artifact_f9405bf3113b7ff4,artifact_2465e942495b45f9,artifact_ff747bf262a39ee2,,artifact_ea7152eddc5ff20e,def_0069c9f27b9bf7a39302,1.0,ok,
vf_a8e2b921c5b6,pair_000049,targeted_pgd_facenet_verification,facenet-pytorch/InceptionResnetV1,vggface2,source_6eda93227392,target_952b25972fe5,0.01,0.001,10,0.47966246581077576,-0.030870646238327026,0.5070960521697998,True,True,False,false,false,jpeg,transform,"{""quality"":75}",artifact_reload,0.43004632,0.43007156,false,false,false,false,0.0013,artifact_373011a656aca9dd,artifact_5c8ea5423ade59d7,artifact_5416749716d6d99e,artifact_b29ea6d1407a974e,artifact_6dfe144996801b79,artifact_31043febf295e8f5,def_cac2ce1a373cac936daf,1.0,ok,
vf_a8e2b921c5b6,pair_000049,targeted_pgd_facenet_verification,facenet-pytorch/InceptionResnetV1,vggface2,source_6eda93227392,target_952b25972fe5,0.01,0.001,10,0.47966246581077576,-0.030870646238327026,0.5070960521697998,True,True,False,false,false,smoothing,transform,"{""radius"":3.0}",artifact_reload,0.43004632,0.31763709,false,false,false,false,0.0014,artifact_373011a656aca9dd,artifact_5c8ea5423ade59d7,artifact_5416749716d6d99e,artifact_b29ea6d1407a974e,artifact_2f5c7b559b92e09a,artifact_31043febf295e8f5,def_d67481f1fc619e1d3768,1.0,ok,
vf_a8e2b921c5b6,pair_000049,targeted_pgd_facenet_verification,facenet-pytorch/InceptionResnetV1,vggface2,source_6eda93227392,target_952b25972fe5,0.01,0.001,10,0.47966246581077576,-0.030870646238327026,0.5070960521697998,True,True,False,false,false,bitdepth,transform,"{""bits"":4}",artifact_reload,0.43004632,0.40000737,false,false,false,false,0.0007,artifact_373011a656aca9dd,artifact_5c8ea5423ade59d7,artifact_5416749716d6d99e,artifact_b29ea6d1407a974e,artifact_4b100505ecc7b1df,artifact_31043febf295e8f5,def_27e940e9e555554a40a1,1.0,ok,
vf_a8e2b921c5b6,pair_000049,targeted_pgd_facenet_verification,facenet-pytorch/InceptionResnetV1,vggface2,source_6eda93227392,target_952b25972fe5,0.01,0.001,10,0.47966246581077576,-0.030870646238327026,0.5070960521697998,True,True,False,true,true,adv_training,trained,"{""epochs"":5,""lr"":1e-05,""margin"":0.15}",legacy_record,0.5070960521697998,0.17193753,false,false,true,false,,artifact_373011a656aca9dd,artifact_5c8ea5423ade59d7,artifact_5416749716d6d99e,artifact_b29ea6d1407a974e,,artifact_ea7152eddc5ff20e,def_e97a6f1879b96d304b33,1.0,ok,
vf_13a12934ff67,pair_000052,targeted_pgd_facenet_verification,facenet-pytorch/InceptionResnetV1,vggface2,source_27656f3b65b8,target_6d0d6f90d03e,0.01,0.001,10,0.47966246581077576,0.13571301102638245,0.5235916376113892,True,True,False,false,false,jpeg,transform,"{""quality"":75}",artifact_reload,0.45301235,0.45304748,false,false,false,false,0.0013,artifact_15180ccdd6d5df5e,artifact_e8bb052dcd5695d7,artifact_5bd128eb4067c37a,artifact_46a9e6aa3fbf429d,artifact_38ac7bc596cb06ee,artifact_31043febf295e8f5,def_b7e437b6ebcc867dcd4c,1.0,ok,
vf_13a12934ff67,pair_000052,targeted_pgd_facenet_verification,facenet-pytorch/InceptionResnetV1,vggface2,source_27656f3b65b8,target_6d0d6f90d03e,0.01,0.001,10,0.47966246581077576,0.13571301102638245,0.5235916376113892,True,True,False,false,false,smoothing,transform,"{""radius"":3.0}",artifact_reload,0.45301235,0.11077925,false,false,false,false,0.0013,artifact_15180ccdd6d5df5e,artifact_e8bb052dcd5695d7,artifact_5bd128eb4067c37a,artifact_46a9e6aa3fbf429d,artifact_c5fe3f94bf8e7237,artifact_31043febf295e8f5,def_fca6d619a0c18b3fb1f5,1.0,ok,
vf_13a12934ff67,pair_000052,targeted_pgd_facenet_verification,facenet-pytorch/InceptionResnetV1,vggface2,source_27656f3b65b8,target_6d0d6f90d03e,0.01,0.001,10,0.47966246581077576,0.13571301102638245,0.5235916376113892,True,True,False,false,false,bitdepth,transform,"{""bits"":4}",artifact_reload,0.45301235,0.42232358,false,false,false,false,0.0008,artifact_15180ccdd6d5df5e,artifact_e8bb052dcd5695d7,artifact_5bd128eb4067c37a,artifact_46a9e6aa3fbf429d,artifact_b1fd3f4a736a93f8,artifact_31043febf295e8f5,def_b142a0a9f0d3066ddb55,1.0,ok,
vf_13a12934ff67,pair_000052,targeted_pgd_facenet_verification,facenet-pytorch/InceptionResnetV1,vggface2,source_27656f3b65b8,target_6d0d6f90d03e,0.01,0.001,10,0.47966246581077576,0.13571301102638245,0.5235916376113892,True,True,False,true,true,adv_training,trained,"{""epochs"":5,""lr"":1e-05,""margin"":0.15}",legacy_record,0.5235916376113892,-0.00154616,false,false,true,false,,artifact_15180ccdd6d5df5e,artifact_e8bb052dcd5695d7,artifact_5bd128eb4067c37a,artifact_46a9e6aa3fbf429d,,artifact_ea7152eddc5ff20e,def_067b6c33490b4915d2d6,1.0,ok,
vf_5820ea90f485,pair_000053,targeted_pgd_facenet_verification,facenet-pytorch/InceptionResnetV1,vggface2,source_4008c321c1f3,target_5356319edd8e,0.01,0.001,10,0.47966246581077576,0.030508117750287056,0.4948583245277405,True,True,False,false,false,jpeg,transform,"{""quality"":75}",artifact_reload,0.39753827,0.39705837,false,false,false,false,0.0012,artifact_98ab9053a66aba6c,artifact_53b583e70fd64766,artifact_88cc8d33863b8683,artifact_8dee46ca5594ecde,artifact_60618b8198bdd9f9,artifact_31043febf295e8f5,def_412ec30d48e354bc13ff,1.0,ok,
vf_5820ea90f485,pair_000053,targeted_pgd_facenet_verification,facenet-pytorch/InceptionResnetV1,vggface2,source_4008c321c1f3,target_5356319edd8e,0.01,0.001,10,0.47966246581077576,0.030508117750287056,0.4948583245277405,True,True,False,false,false,smoothing,transform,"{""radius"":3.0}",artifact_reload,0.39753827,-0.08283507,false,false,false,false,0.0014,artifact_98ab9053a66aba6c,artifact_53b583e70fd64766,artifact_88cc8d33863b8683,artifact_8dee46ca5594ecde,artifact_7a8826a45f33ccb8,artifact_31043febf295e8f5,def_643ca63a53d582d13499,1.0,ok,
vf_5820ea90f485,pair_000053,targeted_pgd_facenet_verification,facenet-pytorch/InceptionResnetV1,vggface2,source_4008c321c1f3,target_5356319edd8e,0.01,0.001,10,0.47966246581077576,0.030508117750287056,0.4948583245277405,True,True,False,false,false,bitdepth,transform,"{""bits"":4}",artifact_reload,0.39753827,0.34833297,false,false,false,false,0.0008,artifact_98ab9053a66aba6c,artifact_53b583e70fd64766,artifact_88cc8d33863b8683,artifact_8dee46ca5594ecde,artifact_692e994194a3b63f,artifact_31043febf295e8f5,def_b6974a6f170c30d2a1cc,1.0,ok,
vf_5820ea90f485,pair_000053,targeted_pgd_facenet_verification,facenet-pytorch/InceptionResnetV1,vggface2,source_4008c321c1f3,target_5356319edd8e,0.01,0.001,10,0.47966246581077576,0.030508117750287056,0.4948583245277405,True,True,False,true,true,adv_training,trained,"{""epochs"":5,""lr"":1e-05,""margin"":0.15}",legacy_record,0.4948583245277405,0.18446343,false,false,true,false,,artifact_98ab9053a66aba6c,artifact_53b583e70fd64766,artifact_88cc8d33863b8683,artifact_8dee46ca5594ecde,,artifact_ea7152eddc5ff20e,def_d8fde8aa35e7018a507b,1.0,ok,
vf_2930b537e255,pair_000054,targeted_pgd_facenet_verification,facenet-pytorch/InceptionResnetV1,vggface2,source_6eda93227392,target_6d0d6f90d03e,0.01,0.001,10,0.47966246581077576,0.22119750082492828,0.6698418855667114,True,True,False,true,true,jpeg,transform,"{""quality"":75}",artifact_reload,0.5750457,0.57464731,true,true,false,true,0.0014,artifact_093e1f19615dac81,artifact_2d381bcd97c32468,artifact_cf6fac059c25b251,artifact_7a484f8f43985a22,artifact_37025fa96ffbcd12,artifact_31043febf295e8f5,def_db8f296cddd418518c99,1.0,ok,
vf_2930b537e255,pair_000054,targeted_pgd_facenet_verification,facenet-pytorch/InceptionResnetV1,vggface2,source_6eda93227392,target_6d0d6f90d03e,0.01,0.001,10,0.47966246581077576,0.22119750082492828,0.6698418855667114,True,True,False,true,true,smoothing,transform,"{""radius"":3.0}",artifact_reload,0.5750457,0.2973291,false,false,true,false,0.0014,artifact_093e1f19615dac81,artifact_2d381bcd97c32468,artifact_cf6fac059c25b251,artifact_7a484f8f43985a22,artifact_d6319bcba4c8a0a8,artifact_31043febf295e8f5,def_11a33787cb2f9ea20e94,1.0,ok,
vf_2930b537e255,pair_000054,targeted_pgd_facenet_verification,facenet-pytorch/InceptionResnetV1,vggface2,source_6eda93227392,target_6d0d6f90d03e,0.01,0.001,10,0.47966246581077576,0.22119750082492828,0.6698418855667114,True,True,False,true,true,bitdepth,transform,"{""bits"":4}",artifact_reload,0.5750457,0.55333948,true,true,false,true,0.0008,artifact_093e1f19615dac81,artifact_2d381bcd97c32468,artifact_cf6fac059c25b251,artifact_7a484f8f43985a22,artifact_8cf99bb9d8f057c1,artifact_31043febf295e8f5,def_a5c36d0331bc8a527a2e,1.0,ok,
vf_2930b537e255,pair_000054,targeted_pgd_facenet_verification,facenet-pytorch/InceptionResnetV1,vggface2,source_6eda93227392,target_6d0d6f90d03e,0.01,0.001,10,0.47966246581077576,0.22119750082492828,0.6698418855667114,True,True,False,true,true,adv_training,trained,"{""epochs"":5,""lr"":1e-05,""margin"":0.15}",legacy_record,0.6698418855667114,-0.00782357,false,false,true,false,,artifact_093e1f19615dac81,artifact_2d381bcd97c32468,artifact_cf6fac059c25b251,artifact_7a484f8f43985a22,,artifact_ea7152eddc5ff20e,def_10371b357bbc7f6a8b09,1.0,ok,
vf_eb469b686ce7,pair_000056,targeted_pgd_facenet_verification,facenet-pytorch/InceptionResnetV1,vggface2,source_ea9c6f198674,target_a5eaf0f7d6ad,0.01,0.001,10,0.47966246581077576,0.10943670570850372,0.5754542946815491,True,True,False,false,false,jpeg,transform,"{""quality"":75}",artifact_reload,0.46973717,0.46922943,false,false,false,false,0.0014,artifact_ffa1f5f4abb43d83,artifact_8a24c05f6e159bb3,artifact_54659a1f8b7f5f87,artifact_16e1398e1fca4234,artifact_1acc73b0708f3df3,artifact_31043febf295e8f5,def_d4d75884f90d0ef3c3eb,1.0,ok,
vf_eb469b686ce7,pair_000056,targeted_pgd_facenet_verification,facenet-pytorch/InceptionResnetV1,vggface2,source_ea9c6f198674,target_a5eaf0f7d6ad,0.01,0.001,10,0.47966246581077576,0.10943670570850372,0.5754542946815491,True,True,False,false,false,smoothing,transform,"{""radius"":3.0}",artifact_reload,0.46973717,0.1888825,false,false,false,false,0.0014,artifact_ffa1f5f4abb43d83,artifact_8a24c05f6e159bb3,artifact_54659a1f8b7f5f87,artifact_16e1398e1fca4234,artifact_1ebdf1fcdee4b380,artifact_31043febf295e8f5,def_a359aaf2d490c5fe71c8,1.0,ok,
vf_eb469b686ce7,pair_000056,targeted_pgd_facenet_verification,facenet-pytorch/InceptionResnetV1,vggface2,source_ea9c6f198674,target_a5eaf0f7d6ad,0.01,0.001,10,0.47966246581077576,0.10943670570850372,0.5754542946815491,True,True,False,false,false,bitdepth,transform,"{""bits"":4}",artifact_reload,0.46973717,0.41555688,false,false,false,false,0.0008,artifact_ffa1f5f4abb43d83,artifact_8a24c05f6e159bb3,artifact_54659a1f8b7f5f87,artifact_16e1398e1fca4234,artifact_07ad980e1438330f,artifact_31043febf295e8f5,def_6901d1083f371715f037,1.0,ok,
vf_eb469b686ce7,pair_000056,targeted_pgd_facenet_verification,facenet-pytorch/InceptionResnetV1,vggface2,source_ea9c6f198674,target_a5eaf0f7d6ad,0.01,0.001,10,0.47966246581077576,0.10943670570850372,0.5754542946815491,True,True,False,true,true,adv_training,trained,"{""epochs"":5,""lr"":1e-05,""margin"":0.15}",legacy_record,0.5754542946815491,0.007232,false,false,true,false,,artifact_ffa1f5f4abb43d83,artifact_8a24c05f6e159bb3,artifact_54659a1f8b7f5f87,artifact_16e1398e1fca4234,,artifact_ea7152eddc5ff20e,def_48cc1068424325983ae6,1.0,ok,
vf_02078c82c5db,pair_000057,targeted_pgd_facenet_verification,facenet-pytorch/InceptionResnetV1,vggface2,source_16254f944d43,target_f279b767b25d,0.01,0.001,10,0.47966246581077576,0.3084094226360321,0.7969239950180054,True,True,False,true,true,jpeg,transform,"{""quality"":75}",artifact_reload,0.71012312,0.71032584,true,true,false,true,0.0012,artifact_e05933970afce3bf,artifact_2f92c6dca9190515,artifact_c78252136a745a24,artifact_b73e66bc8cb5159c,artifact_910853002a6d4894,artifact_31043febf295e8f5,def_4baa4917fa7ca66ee72a,1.0,ok,
vf_02078c82c5db,pair_000057,targeted_pgd_facenet_verification,facenet-pytorch/InceptionResnetV1,vggface2,source_16254f944d43,target_f279b767b25d,0.01,0.001,10,0.47966246581077576,0.3084094226360321,0.7969239950180054,True,True,False,true,true,smoothing,transform,"{""radius"":3.0}",artifact_reload,0.71012312,0.3339209,false,false,true,false,0.0013,artifact_e05933970afce3bf,artifact_2f92c6dca9190515,artifact_c78252136a745a24,artifact_b73e66bc8cb5159c,artifact_a0269e8a37e9389c,artifact_31043febf295e8f5,def_3d2f3b0da6cef6624a0d,1.0,ok,
vf_02078c82c5db,pair_000057,targeted_pgd_facenet_verification,facenet-pytorch/InceptionResnetV1,vggface2,source_16254f944d43,target_f279b767b25d,0.01,0.001,10,0.47966246581077576,0.3084094226360321,0.7969239950180054,True,True,False,true,true,bitdepth,transform,"{""bits"":4}",artifact_reload,0.71012312,0.66646028,true,true,false,true,0.0007,artifact_e05933970afce3bf,artifact_2f92c6dca9190515,artifact_c78252136a745a24,artifact_b73e66bc8cb5159c,artifact_21c6cd757fa7343a,artifact_31043febf295e8f5,def_b760b7995e6ead759159,1.0,ok,
vf_02078c82c5db,pair_000057,targeted_pgd_facenet_verification,facenet-pytorch/InceptionResnetV1,vggface2,source_16254f944d43,target_f279b767b25d,0.01,0.001,10,0.47966246581077576,0.3084094226360321,0.7969239950180054,True,True,False,true,true,adv_training,trained,"{""epochs"":5,""lr"":1e-05,""margin"":0.15}",legacy_record,0.7969239950180054,0.36507308,false,false,true,false,,artifact_e05933970afce3bf,artifact_2f92c6dca9190515,artifact_c78252136a745a24,artifact_b73e66bc8cb5159c,,artifact_ea7152eddc5ff20e,def_0d66269885f7b0581285,1.0,ok,
vf_81ae781b218a,pair_000060,targeted_pgd_facenet_verification,facenet-pytorch/InceptionResnetV1,vggface2,source_ea9c6f198674,target_a5eaf0f7d6ad,0.01,0.001,10,0.47966246581077576,0.08015882223844528,0.538341224193573,True,True,False,false,false,jpeg,transform,"{""quality"":75}",artifact_reload,0.44783095,0.44638762,false,false,false,false,0.0014,artifact_3c95ec0bfc66e368,artifact_144716a3bd6d87bd,artifact_b678a760371cc679,artifact_1ca1975740781583,artifact_f7b6af775c33e3fb,artifact_31043febf295e8f5,def_59f325f8f7334418aedb,1.0,ok,
vf_81ae781b218a,pair_000060,targeted_pgd_facenet_verification,facenet-pytorch/InceptionResnetV1,vggface2,source_ea9c6f198674,target_a5eaf0f7d6ad,0.01,0.001,10,0.47966246581077576,0.08015882223844528,0.538341224193573,True,True,False,false,false,smoothing,transform,"{""radius"":3.0}",artifact_reload,0.44783095,0.02534793,false,false,false,false,0.0013,artifact_3c95ec0bfc66e368,artifact_144716a3bd6d87bd,artifact_b678a760371cc679,artifact_1ca1975740781583,artifact_4a7798a6e74eb4a5,artifact_31043febf295e8f5,def_ad1e14a03901026436ec,1.0,ok,
vf_81ae781b218a,pair_000060,targeted_pgd_facenet_verification,facenet-pytorch/InceptionResnetV1,vggface2,source_ea9c6f198674,target_a5eaf0f7d6ad,0.01,0.001,10,0.47966246581077576,0.08015882223844528,0.538341224193573,True,True,False,false,false,bitdepth,transform,"{""bits"":4}",artifact_reload,0.44783095,0.39079675,false,false,false,false,0.0007,artifact_3c95ec0bfc66e368,artifact_144716a3bd6d87bd,artifact_b678a760371cc679,artifact_1ca1975740781583,artifact_575564882be1a7b8,artifact_31043febf295e8f5,def_80062c3f8c232c3d05cf,1.0,ok,
vf_81ae781b218a,pair_000060,targeted_pgd_facenet_verification,facenet-pytorch/InceptionResnetV1,vggface2,source_ea9c6f198674,target_a5eaf0f7d6ad,0.01,0.001,10,0.47966246581077576,0.08015882223844528,0.538341224193573,True,True,False,true,true,adv_training,trained,"{""epochs"":5,""lr"":1e-05,""margin"":0.15}",legacy_record,0.538341224193573,0.1395423,false,false,true,false,,artifact_3c95ec0bfc66e368,artifact_144716a3bd6d87bd,artifact_b678a760371cc679,artifact_1ca1975740781583,,artifact_ea7152eddc5ff20e,def_d6e7544edff74bc5592c,1.0,ok,
vf_c3984b058a86,pair_000062,targeted_pgd_facenet_verification,facenet-pytorch/InceptionResnetV1,vggface2,source_4008c321c1f3,target_952b25972fe5,0.01,0.001,10,0.47966246581077576,-0.10891760885715485,0.48104098439216614,True,True,False,false,false,jpeg,transform,"{""quality"":75}",artifact_reload,0.35777718,0.35764217,false,false,false,false,0.0013,artifact_6455164d3df96bfa,artifact_9ac3b966e6481a96,artifact_92044bc15d09e9ee,artifact_2a4346ff6e3e76bd,artifact_602fd9af3ce0e69d,artifact_31043febf295e8f5,def_093ddf2f5b500d90edca,1.0,ok,
vf_c3984b058a86,pair_000062,targeted_pgd_facenet_verification,facenet-pytorch/InceptionResnetV1,vggface2,source_4008c321c1f3,target_952b25972fe5,0.01,0.001,10,0.47966246581077576,-0.10891760885715485,0.48104098439216614,True,True,False,false,false,smoothing,transform,"{""radius"":3.0}",artifact_reload,0.35777718,0.08468414,false,false,false,false,0.0013,artifact_6455164d3df96bfa,artifact_9ac3b966e6481a96,artifact_92044bc15d09e9ee,artifact_2a4346ff6e3e76bd,artifact_cf6878969040ac65,artifact_31043febf295e8f5,def_764926e3fb61a097ea8d,1.0,ok,
vf_c3984b058a86,pair_000062,targeted_pgd_facenet_verification,facenet-pytorch/InceptionResnetV1,vggface2,source_4008c321c1f3,target_952b25972fe5,0.01,0.001,10,0.47966246581077576,-0.10891760885715485,0.48104098439216614,True,True,False,false,false,bitdepth,transform,"{""bits"":4}",artifact_reload,0.35777718,0.32344681,false,false,false,false,0.0007,artifact_6455164d3df96bfa,artifact_9ac3b966e6481a96,artifact_92044bc15d09e9ee,artifact_2a4346ff6e3e76bd,artifact_44ae9cbb66fb743f,artifact_31043febf295e8f5,def_7473fbf3a05c88fc8bbf,1.0,ok,
vf_c3984b058a86,pair_000062,targeted_pgd_facenet_verification,facenet-pytorch/InceptionResnetV1,vggface2,source_4008c321c1f3,target_952b25972fe5,0.01,0.001,10,0.47966246581077576,-0.10891760885715485,0.48104098439216614,True,True,False,true,true,adv_training,trained,"{""epochs"":5,""lr"":1e-05,""margin"":0.15}",legacy_record,0.48104098439216614,0.23179497,false,false,true,false,,artifact_6455164d3df96bfa,artifact_9ac3b966e6481a96,artifact_92044bc15d09e9ee,artifact_2a4346ff6e3e76bd,,artifact_ea7152eddc5ff20e,def_9a2f96c3687b3e0db37e,1.0,ok,
vf_3f651fc8ba9f,pair_000063,targeted_pgd_facenet_verification,facenet-pytorch/InceptionResnetV1,vggface2,source_4008c321c1f3,target_f279b767b25d,0.01,0.001,10,0.47966246581077576,0.29493123292922974,0.781527042388916,True,True,False,true,true,jpeg,transform,"{""quality"":75}",artifact_reload,0.70092881,0.70152664,true,true,false,true,0.0012,artifact_8fe8f5ef6bf81611,artifact_2227186b8de5db0e,artifact_276cf4727cc4a8f3,artifact_10b78387d69ff37c,artifact_a450a564a15b01eb,artifact_31043febf295e8f5,def_4cfff44537d122c035fc,1.0,ok,
vf_3f651fc8ba9f,pair_000063,targeted_pgd_facenet_verification,facenet-pytorch/InceptionResnetV1,vggface2,source_4008c321c1f3,target_f279b767b25d,0.01,0.001,10,0.47966246581077576,0.29493123292922974,0.781527042388916,True,True,False,true,true,smoothing,transform,"{""radius"":3.0}",artifact_reload,0.70092881,0.27814251,false,false,true,false,0.0013,artifact_8fe8f5ef6bf81611,artifact_2227186b8de5db0e,artifact_276cf4727cc4a8f3,artifact_10b78387d69ff37c,artifact_0a745d3d3ed9150b,artifact_31043febf295e8f5,def_f45e929da78cc7a6b695,1.0,ok,
vf_3f651fc8ba9f,pair_000063,targeted_pgd_facenet_verification,facenet-pytorch/InceptionResnetV1,vggface2,source_4008c321c1f3,target_f279b767b25d,0.01,0.001,10,0.47966246581077576,0.29493123292922974,0.781527042388916,True,True,False,true,true,bitdepth,transform,"{""bits"":4}",artifact_reload,0.70092881,0.66726631,true,true,false,true,0.0008,artifact_8fe8f5ef6bf81611,artifact_2227186b8de5db0e,artifact_276cf4727cc4a8f3,artifact_10b78387d69ff37c,artifact_f04791db1b54d885,artifact_31043febf295e8f5,def_7a627e0c75d51343f347,1.0,ok,
vf_3f651fc8ba9f,pair_000063,targeted_pgd_facenet_verification,facenet-pytorch/InceptionResnetV1,vggface2,source_4008c321c1f3,target_f279b767b25d,0.01,0.001,10,0.47966246581077576,0.29493123292922974,0.781527042388916,True,True,False,true,true,adv_training,trained,"{""epochs"":5,""lr"":1e-05,""margin"":0.15}",legacy_record,0.781527042388916,0.49211627,true,true,false,true,,artifact_8fe8f5ef6bf81611,artifact_2227186b8de5db0e,artifact_276cf4727cc4a8f3,artifact_10b78387d69ff37c,,artifact_ea7152eddc5ff20e,def_a3d171d9df2e92906ab9,1.0,ok,
vf_5e27ff52cbc6,pair_000064,targeted_pgd_facenet_verification,facenet-pytorch/InceptionResnetV1,vggface2,source_27656f3b65b8,target_056bbd32291f,0.01,0.001,10,0.47966246581077576,0.36480143666267395,0.7390303611755371,True,True,False,true,true,jpeg,transform,"{""quality"":75}",artifact_reload,0.66758567,0.66677374,true,true,false,true,0.0013,artifact_a56aff090019c3c1,artifact_4b7639c8d168ed99,artifact_3487f0c150b9f15a,artifact_4a258b55775dcc76,artifact_319f43589cebfb21,artifact_31043febf295e8f5,def_1a1edf9e07ef3575a215,1.0,ok,
vf_5e27ff52cbc6,pair_000064,targeted_pgd_facenet_verification,facenet-pytorch/InceptionResnetV1,vggface2,source_27656f3b65b8,target_056bbd32291f,0.01,0.001,10,0.47966246581077576,0.36480143666267395,0.7390303611755371,True,True,False,true,true,smoothing,transform,"{""radius"":3.0}",artifact_reload,0.66758567,0.09614733,false,false,true,false,0.0014,artifact_a56aff090019c3c1,artifact_4b7639c8d168ed99,artifact_3487f0c150b9f15a,artifact_4a258b55775dcc76,artifact_92c984d104513ed5,artifact_31043febf295e8f5,def_8ee11fc91fbe1bc95445,1.0,ok,
vf_5e27ff52cbc6,pair_000064,targeted_pgd_facenet_verification,facenet-pytorch/InceptionResnetV1,vggface2,source_27656f3b65b8,target_056bbd32291f,0.01,0.001,10,0.47966246581077576,0.36480143666267395,0.7390303611755371,True,True,False,true,true,bitdepth,transform,"{""bits"":4}",artifact_reload,0.66758567,0.63505191,true,true,false,true,0.0007,artifact_a56aff090019c3c1,artifact_4b7639c8d168ed99,artifact_3487f0c150b9f15a,artifact_4a258b55775dcc76,artifact_85accea5215c35f6,artifact_31043febf295e8f5,def_9aeeece9100fd58d3fbe,1.0,ok,
vf_5e27ff52cbc6,pair_000064,targeted_pgd_facenet_verification,facenet-pytorch/InceptionResnetV1,vggface2,source_27656f3b65b8,target_056bbd32291f,0.01,0.001,10,0.47966246581077576,0.36480143666267395,0.7390303611755371,True,True,False,true,true,adv_training,trained,"{""epochs"":5,""lr"":1e-05,""margin"":0.15}",legacy_record,0.7390303611755371,0.34097481,false,false,true,false,,artifact_a56aff090019c3c1,artifact_4b7639c8d168ed99,artifact_3487f0c150b9f15a,artifact_4a258b55775dcc76,,artifact_ea7152eddc5ff20e,def_cc243297128340f4cdef,1.0,ok,
vf_9ace921f0225,pair_000065,targeted_pgd_facenet_verification,facenet-pytorch/InceptionResnetV1,vggface2,source_16254f944d43,target_6d0d6f90d03e,0.01,0.001,10,0.47966246581077576,0.27380460500717163,0.671602189540863,True,True,False,true,true,jpeg,transform,"{""quality"":75}",artifact_reload,0.59128428,0.590159,true,true,false,true,0.0013,artifact_d80b6169d6e12e19,artifact_208300511797bf94,artifact_2e7298a07655eb41,artifact_87fa7a09ef117999,artifact_9b82b51cb6b37a33,artifact_31043febf295e8f5,def_07014e734bbbd9ef2ade,1.0,ok,
vf_9ace921f0225,pair_000065,targeted_pgd_facenet_verification,facenet-pytorch/InceptionResnetV1,vggface2,source_16254f944d43,target_6d0d6f90d03e,0.01,0.001,10,0.47966246581077576,0.27380460500717163,0.671602189540863,True,True,False,true,true,smoothing,transform,"{""radius"":3.0}",artifact_reload,0.59128428,0.28062475,false,false,true,false,0.0013,artifact_d80b6169d6e12e19,artifact_208300511797bf94,artifact_2e7298a07655eb41,artifact_87fa7a09ef117999,artifact_9f0cba82451bfde0,artifact_31043febf295e8f5,def_e947713b95cc8bc063d8,1.0,ok,
vf_9ace921f0225,pair_000065,targeted_pgd_facenet_verification,facenet-pytorch/InceptionResnetV1,vggface2,source_16254f944d43,target_6d0d6f90d03e,0.01,0.001,10,0.47966246581077576,0.27380460500717163,0.671602189540863,True,True,False,true,true,bitdepth,transform,"{""bits"":4}",artifact_reload,0.59128428,0.54342765,true,true,false,true,0.0008,artifact_d80b6169d6e12e19,artifact_208300511797bf94,artifact_2e7298a07655eb41,artifact_87fa7a09ef117999,artifact_4315b047803d0068,artifact_31043febf295e8f5,def_8d45e242a44765f84b9e,1.0,ok,
vf_9ace921f0225,pair_000065,targeted_pgd_facenet_verification,facenet-pytorch/InceptionResnetV1,vggface2,source_16254f944d43,target_6d0d6f90d03e,0.01,0.001,10,0.47966246581077576,0.27380460500717163,0.671602189540863,True,True,False,true,true,adv_training,trained,"{""epochs"":5,""lr"":1e-05,""margin"":0.15}",legacy_record,0.671602189540863,-0.03083453,false,false,true,false,,artifact_d80b6169d6e12e19,artifact_208300511797bf94,artifact_2e7298a07655eb41,artifact_87fa7a09ef117999,,artifact_ea7152eddc5ff20e,def_4eb83587f5c0c1b3fb14,1.0,ok,
vf_30e8c64b814c,pair_000068,targeted_pgd_facenet_verification,facenet-pytorch/InceptionResnetV1,vggface2,source_ebc43d3edd78,target_a5eaf0f7d6ad,0.01,0.001,10,0.47966246581077576,0.1892942488193512,0.7080631852149963,True,True,False,true,true,jpeg,transform,"{""quality"":75}",artifact_reload,0.62246752,0.62240803,true,true,false,true,0.0013,artifact_b2b6b91ceeb1b08b,artifact_6ae13b6662ed5e6a,artifact_b2e682c4dce18542,artifact_ed8655adbee9d219,artifact_918212ad18447d99,artifact_31043febf295e8f5,def_01053eeaad93b6870773,1.0,ok,
vf_30e8c64b814c,pair_000068,targeted_pgd_facenet_verification,facenet-pytorch/InceptionResnetV1,vggface2,source_ebc43d3edd78,target_a5eaf0f7d6ad,0.01,0.001,10,0.47966246581077576,0.1892942488193512,0.7080631852149963,True,True,False,true,true,smoothing,transform,"{""radius"":3.0}",artifact_reload,0.62246752,0.3524766,false,false,true,false,0.0014,artifact_b2b6b91ceeb1b08b,artifact_6ae13b6662ed5e6a,artifact_b2e682c4dce18542,artifact_ed8655adbee9d219,artifact_8d22c56a7258571d,artifact_31043febf295e8f5,def_2b5ef5c49695987706ab,1.0,ok,
vf_30e8c64b814c,pair_000068,targeted_pgd_facenet_verification,facenet-pytorch/InceptionResnetV1,vggface2,source_ebc43d3edd78,target_a5eaf0f7d6ad,0.01,0.001,10,0.47966246581077576,0.1892942488193512,0.7080631852149963,True,True,False,true,true,bitdepth,transform,"{""bits"":4}",artifact_reload,0.62246752,0.55319059,true,true,false,true,0.0008,artifact_b2b6b91ceeb1b08b,artifact_6ae13b6662ed5e6a,artifact_b2e682c4dce18542,artifact_ed8655adbee9d219,artifact_0df612b6ccefe354,artifact_31043febf295e8f5,def_3b1ef6834689218c090a,1.0,ok,
vf_30e8c64b814c,pair_000068,targeted_pgd_facenet_verification,facenet-pytorch/InceptionResnetV1,vggface2,source_ebc43d3edd78,target_a5eaf0f7d6ad,0.01,0.001,10,0.47966246581077576,0.1892942488193512,0.7080631852149963,True,True,False,true,true,adv_training,trained,"{""epochs"":5,""lr"":1e-05,""margin"":0.15}",legacy_record,0.7080631852149963,0.22086392,false,false,true,false,,artifact_b2b6b91ceeb1b08b,artifact_6ae13b6662ed5e6a,artifact_b2e682c4dce18542,artifact_ed8655adbee9d219,,artifact_ea7152eddc5ff20e,def_322bf18269fdeaff48e8,1.0,ok,
vf_32404cabc23c,pair_000070,targeted_pgd_facenet_verification,facenet-pytorch/InceptionResnetV1,vggface2,source_4008c321c1f3,target_03259d71c4a4,0.01,0.001,10,0.47966246581077576,0.4787027835845947,0.8223860263824463,True,True,False,true,true,jpeg,transform,"{""quality"":75}",artifact_reload,0.74971253,0.7479254,true,true,false,true,0.0012,artifact_cc9b069e322384f8,artifact_04d9856b3a925bcd,artifact_4c43c92ddb687588,artifact_f7d1495afa4e9e29,artifact_f07dbd83c58ddee9,artifact_31043febf295e8f5,def_b5a7b506aa79282a36db,1.0,ok,
vf_32404cabc23c,pair_000070,targeted_pgd_facenet_verification,facenet-pytorch/InceptionResnetV1,vggface2,source_4008c321c1f3,target_03259d71c4a4,0.01,0.001,10,0.47966246581077576,0.4787027835845947,0.8223860263824463,True,True,False,true,true,smoothing,transform,"{""radius"":3.0}",artifact_reload,0.74971253,0.2925123,false,false,true,false,0.0013,artifact_cc9b069e322384f8,artifact_04d9856b3a925bcd,artifact_4c43c92ddb687588,artifact_f7d1495afa4e9e29,artifact_e4e4c7eace976c46,artifact_31043febf295e8f5,def_d20653ab24dbb26ca7a3,1.0,ok,
vf_32404cabc23c,pair_000070,targeted_pgd_facenet_verification,facenet-pytorch/InceptionResnetV1,vggface2,source_4008c321c1f3,target_03259d71c4a4,0.01,0.001,10,0.47966246581077576,0.4787027835845947,0.8223860263824463,True,True,False,true,true,bitdepth,transform,"{""bits"":4}",artifact_reload,0.74971253,0.70958567,true,true,false,true,0.0007,artifact_cc9b069e322384f8,artifact_04d9856b3a925bcd,artifact_4c43c92ddb687588,artifact_f7d1495afa4e9e29,artifact_9c7dd7c7fb6755e1,artifact_31043febf295e8f5,def_2875b113ea619d19fe80,1.0,ok,
vf_32404cabc23c,pair_000070,targeted_pgd_facenet_verification,facenet-pytorch/InceptionResnetV1,vggface2,source_4008c321c1f3,target_03259d71c4a4,0.01,0.001,10,0.47966246581077576,0.4787027835845947,0.8223860263824463,True,True,False,true,true,adv_training,trained,"{""epochs"":5,""lr"":1e-05,""margin"":0.15}",legacy_record,0.8223860263824463,0.05298223,false,false,true,false,,artifact_cc9b069e322384f8,artifact_04d9856b3a925bcd,artifact_4c43c92ddb687588,artifact_f7d1495afa4e9e29,,artifact_ea7152eddc5ff20e,def_9aeebcd646f74564190e,1.0,ok,
vf_53d46e8db10e,pair_000074,targeted_pgd_facenet_verification,facenet-pytorch/InceptionResnetV1,vggface2,source_9a4dba119416,target_a5eaf0f7d6ad,0.01,0.001,10,0.47966246581077576,0.1414480060338974,0.5722769498825073,True,True,False,true,true,jpeg,transform,"{""quality"":75}",artifact_reload,0.48609057,0.48611924,true,true,false,true,0.0012,artifact_768b7d9a7e4bdf53,artifact_fa23c389db7dca01,artifact_af887e8a8df77e2a,artifact_b0007db327bbced5,artifact_7113a395e63aaef2,artifact_31043febf295e8f5,def_23cfca3de379ffb416dd,1.0,ok,
vf_53d46e8db10e,pair_000074,targeted_pgd_facenet_verification,facenet-pytorch/InceptionResnetV1,vggface2,source_9a4dba119416,target_a5eaf0f7d6ad,0.01,0.001,10,0.47966246581077576,0.1414480060338974,0.5722769498825073,True,True,False,true,true,smoothing,transform,"{""radius"":3.0}",artifact_reload,0.48609057,0.33084038,false,false,true,false,0.0013,artifact_768b7d9a7e4bdf53,artifact_fa23c389db7dca01,artifact_af887e8a8df77e2a,artifact_b0007db327bbced5,artifact_57c6bda7acb79d8f,artifact_31043febf295e8f5,def_7c679d02ae1eb689a18c,1.0,ok,
vf_53d46e8db10e,pair_000074,targeted_pgd_facenet_verification,facenet-pytorch/InceptionResnetV1,vggface2,source_9a4dba119416,target_a5eaf0f7d6ad,0.01,0.001,10,0.47966246581077576,0.1414480060338974,0.5722769498825073,True,True,False,true,true,bitdepth,transform,"{""bits"":4}",artifact_reload,0.48609057,0.43018278,false,false,true,false,0.0007,artifact_768b7d9a7e4bdf53,artifact_fa23c389db7dca01,artifact_af887e8a8df77e2a,artifact_b0007db327bbced5,artifact_7006b4a4c8ac4ec8,artifact_31043febf295e8f5,def_2d0c6cdaf0a71c9b6088,1.0,ok,
vf_53d46e8db10e,pair_000074,targeted_pgd_facenet_verification,facenet-pytorch/InceptionResnetV1,vggface2,source_9a4dba119416,target_a5eaf0f7d6ad,0.01,0.001,10,0.47966246581077576,0.1414480060338974,0.5722769498825073,True,True,False,true,true,adv_training,trained,"{""epochs"":5,""lr"":1e-05,""margin"":0.15}",legacy_record,0.5722769498825073,-0.09653595,false,false,true,false,,artifact_768b7d9a7e4bdf53,artifact_fa23c389db7dca01,artifact_af887e8a8df77e2a,artifact_b0007db327bbced5,,artifact_ea7152eddc5ff20e,def_e01de1f4bb1b210c31c4,1.0,ok,
vf_d694167e9725,pair_000077,targeted_pgd_facenet_verification,facenet-pytorch/InceptionResnetV1,vggface2,source_9a4dba119416,target_03259d71c4a4,0.01,0.001,10,0.47966246581077576,0.021916797384619713,0.5307972431182861,True,True,False,false,false,jpeg,transform,"{""quality"":75}",artifact_reload,0.44271356,0.44280249,false,false,false,false,0.0016,artifact_cb7f93c5007159ca,artifact_fd3c589fd26ee76c,artifact_3755306b6b014c53,artifact_87b00376a56fa86c,artifact_281b8b9a0faa0e37,artifact_31043febf295e8f5,def_7fc4004cd5a3007d6aa4,1.0,ok,
vf_d694167e9725,pair_000077,targeted_pgd_facenet_verification,facenet-pytorch/InceptionResnetV1,vggface2,source_9a4dba119416,target_03259d71c4a4,0.01,0.001,10,0.47966246581077576,0.021916797384619713,0.5307972431182861,True,True,False,false,false,smoothing,transform,"{""radius"":3.0}",artifact_reload,0.44271356,0.34538564,false,false,false,false,0.0013,artifact_cb7f93c5007159ca,artifact_fd3c589fd26ee76c,artifact_3755306b6b014c53,artifact_87b00376a56fa86c,artifact_527e45e871505cc2,artifact_31043febf295e8f5,def_4d4494d57f135900da2a,1.0,ok,
vf_d694167e9725,pair_000077,targeted_pgd_facenet_verification,facenet-pytorch/InceptionResnetV1,vggface2,source_9a4dba119416,target_03259d71c4a4,0.01,0.001,10,0.47966246581077576,0.021916797384619713,0.5307972431182861,True,True,False,false,false,bitdepth,transform,"{""bits"":4}",artifact_reload,0.44271356,0.39485559,false,false,false,false,0.0007,artifact_cb7f93c5007159ca,artifact_fd3c589fd26ee76c,artifact_3755306b6b014c53,artifact_87b00376a56fa86c,artifact_03b3eced2bbc71ec,artifact_31043febf295e8f5,def_4bd714a3752e92cadd4a,1.0,ok,
vf_d694167e9725,pair_000077,targeted_pgd_facenet_verification,facenet-pytorch/InceptionResnetV1,vggface2,source_9a4dba119416,target_03259d71c4a4,0.01,0.001,10,0.47966246581077576,0.021916797384619713,0.5307972431182861,True,True,False,true,true,adv_training,trained,"{""epochs"":5,""lr"":1e-05,""margin"":0.15}",legacy_record,0.5307972431182861,0.2375772,false,false,true,false,,artifact_cb7f93c5007159ca,artifact_fd3c589fd26ee76c,artifact_3755306b6b014c53,artifact_87b00376a56fa86c,,artifact_ea7152eddc5ff20e,def_ac3f65ab29fd84936511,1.0,ok,
vf_07cf156bd5b2,pair_000078,targeted_pgd_facenet_verification,facenet-pytorch/InceptionResnetV1,vggface2,source_3b3b33593a36,target_3b63f0fe705d,0.01,0.001,10,0.47966246581077576,0.39863404631614685,0.8323450088500977,True,True,False,true,true,jpeg,transform,"{""quality"":75}",artifact_reload,0.76901895,0.76907074,true,true,false,true,0.0012,artifact_b4d6926a3c920cac,artifact_041d5c155b91ab51,artifact_6ad87c242baae7d3,artifact_b050be566ebcffdb,artifact_bf529e827e877b1f,artifact_31043febf295e8f5,def_c7c2b1eea43322708843,1.0,ok,
vf_07cf156bd5b2,pair_000078,targeted_pgd_facenet_verification,facenet-pytorch/InceptionResnetV1,vggface2,source_3b3b33593a36,target_3b63f0fe705d,0.01,0.001,10,0.47966246581077576,0.39863404631614685,0.8323450088500977,True,True,False,true,true,smoothing,transform,"{""radius"":3.0}",artifact_reload,0.76901895,0.36756322,false,false,true,false,0.0014,artifact_b4d6926a3c920cac,artifact_041d5c155b91ab51,artifact_6ad87c242baae7d3,artifact_b050be566ebcffdb,artifact_49ee5af3bb5a2d30,artifact_31043febf295e8f5,def_a00f3784b6398281a87e,1.0,ok,
vf_07cf156bd5b2,pair_000078,targeted_pgd_facenet_verification,facenet-pytorch/InceptionResnetV1,vggface2,source_3b3b33593a36,target_3b63f0fe705d,0.01,0.001,10,0.47966246581077576,0.39863404631614685,0.8323450088500977,True,True,False,true,true,bitdepth,transform,"{""bits"":4}",artifact_reload,0.76901895,0.73141193,true,true,false,true,0.0007,artifact_b4d6926a3c920cac,artifact_041d5c155b91ab51,artifact_6ad87c242baae7d3,artifact_b050be566ebcffdb,artifact_16055220d6b85ce0,artifact_31043febf295e8f5,def_1dc2f2aca800e22eba67,1.0,ok,
vf_07cf156bd5b2,pair_000078,targeted_pgd_facenet_verification,facenet-pytorch/InceptionResnetV1,vggface2,source_3b3b33593a36,target_3b63f0fe705d,0.01,0.001,10,0.47966246581077576,0.39863404631614685,0.8323450088500977,True,True,False,true,true,adv_training,trained,"{""epochs"":5,""lr"":1e-05,""margin"":0.15}",legacy_record,0.8323450088500977,0.3407754,false,false,true,false,,artifact_b4d6926a3c920cac,artifact_041d5c155b91ab51,artifact_6ad87c242baae7d3,artifact_b050be566ebcffdb,,artifact_ea7152eddc5ff20e,def_acefc9f7ad7ec1412baf,1.0,ok,
vf_88daab4b79fc,pair_000088,targeted_pgd_facenet_verification,facenet-pytorch/InceptionResnetV1,vggface2,source_4008c321c1f3,target_3b63f0fe705d,0.01,0.001,10,0.47966246581077576,0.03595558553934097,0.5202803015708923,True,True,False,false,false,jpeg,transform,"{""quality"":75}",artifact_reload,0.42918509,0.42886645,false,false,false,false,0.0014,artifact_d64b11d07823d227,artifact_312bf9fb9f279539,artifact_3634d58a8b42ce8e,artifact_6f9cd22be0a4b464,artifact_090223fe6e59cc34,artifact_31043febf295e8f5,def_0be2eea188ff38cf2920,1.0,ok,
vf_88daab4b79fc,pair_000088,targeted_pgd_facenet_verification,facenet-pytorch/InceptionResnetV1,vggface2,source_4008c321c1f3,target_3b63f0fe705d,0.01,0.001,10,0.47966246581077576,0.03595558553934097,0.5202803015708923,True,True,False,false,false,smoothing,transform,"{""radius"":3.0}",artifact_reload,0.42918509,0.09013426,false,false,false,false,0.0014,artifact_d64b11d07823d227,artifact_312bf9fb9f279539,artifact_3634d58a8b42ce8e,artifact_6f9cd22be0a4b464,artifact_cb924b626dac7257,artifact_31043febf295e8f5,def_baecb9f3acf28c79d897,1.0,ok,
vf_88daab4b79fc,pair_000088,targeted_pgd_facenet_verification,facenet-pytorch/InceptionResnetV1,vggface2,source_4008c321c1f3,target_3b63f0fe705d,0.01,0.001,10,0.47966246581077576,0.03595558553934097,0.5202803015708923,True,True,False,false,false,bitdepth,transform,"{""bits"":4}",artifact_reload,0.42918509,0.36668798,false,false,false,false,0.0007,artifact_d64b11d07823d227,artifact_312bf9fb9f279539,artifact_3634d58a8b42ce8e,artifact_6f9cd22be0a4b464,artifact_f1b5da86a0b72488,artifact_31043febf295e8f5,def_f542951229d2ed6faa70,1.0,ok,
vf_88daab4b79fc,pair_000088,targeted_pgd_facenet_verification,facenet-pytorch/InceptionResnetV1,vggface2,source_4008c321c1f3,target_3b63f0fe705d,0.01,0.001,10,0.47966246581077576,0.03595558553934097,0.5202803015708923,True,True,False,true,true,adv_training,trained,"{""epochs"":5,""lr"":1e-05,""margin"":0.15}",legacy_record,0.5202803015708923,0.09976385,false,false,true,false,,artifact_d64b11d07823d227,artifact_312bf9fb9f279539,artifact_3634d58a8b42ce8e,artifact_6f9cd22be0a4b464,,artifact_ea7152eddc5ff20e,def_ac31486059d42035ad9e,1.0,ok,
vf_3c0c901eb282,pair_000093,targeted_pgd_facenet_verification,facenet-pytorch/InceptionResnetV1,vggface2,source_9a4dba119416,target_b750d1d78860,0.01,0.001,10,0.47966246581077576,0.39783260226249695,0.7841739058494568,True,True,False,true,true,jpeg,transform,"{""quality"":75}",artifact_reload,0.69724667,0.69679552,true,true,false,true,0.0012,artifact_ccec57c6481e9154,artifact_6fa0599fbffdc339,artifact_466daeea5825b543,artifact_abf4ffc43885f3f4,artifact_1e885d187227beba,artifact_31043febf295e8f5,def_26cbc4abf31d00cba171,1.0,ok,
vf_3c0c901eb282,pair_000093,targeted_pgd_facenet_verification,facenet-pytorch/InceptionResnetV1,vggface2,source_9a4dba119416,target_b750d1d78860,0.01,0.001,10,0.47966246581077576,0.39783260226249695,0.7841739058494568,True,True,False,true,true,smoothing,transform,"{""radius"":3.0}",artifact_reload,0.69724667,0.23732519,false,false,true,false,0.0016,artifact_ccec57c6481e9154,artifact_6fa0599fbffdc339,artifact_466daeea5825b543,artifact_abf4ffc43885f3f4,artifact_50e7588c6f69c5c3,artifact_31043febf295e8f5,def_cf2564d7a61e24bf94e1,1.0,ok,
vf_3c0c901eb282,pair_000093,targeted_pgd_facenet_verification,facenet-pytorch/InceptionResnetV1,vggface2,source_9a4dba119416,target_b750d1d78860,0.01,0.001,10,0.47966246581077576,0.39783260226249695,0.7841739058494568,True,True,False,true,true,bitdepth,transform,"{""bits"":4}",artifact_reload,0.69724667,0.65368611,true,true,false,true,0.0008,artifact_ccec57c6481e9154,artifact_6fa0599fbffdc339,artifact_466daeea5825b543,artifact_abf4ffc43885f3f4,artifact_3138a64d2a35d545,artifact_31043febf295e8f5,def_afae1b4147ca16f7c974,1.0,ok,
vf_3c0c901eb282,pair_000093,targeted_pgd_facenet_verification,facenet-pytorch/InceptionResnetV1,vggface2,source_9a4dba119416,target_b750d1d78860,0.01,0.001,10,0.47966246581077576,0.39783260226249695,0.7841739058494568,True,True,False,true,true,adv_training,trained,"{""epochs"":5,""lr"":1e-05,""margin"":0.15}",legacy_record,0.7841739058494568,0.2902689,false,false,true,false,,artifact_ccec57c6481e9154,artifact_6fa0599fbffdc339,artifact_466daeea5825b543,artifact_abf4ffc43885f3f4,,artifact_ea7152eddc5ff20e,def_79707a0274b9896aa761,1.0,ok,
vf_27aca419b7af,pair_000094,targeted_pgd_facenet_verification,facenet-pytorch/InceptionResnetV1,vggface2,source_6eda93227392,target_bbb0daa338ba,0.01,0.001,10,0.47966246581077576,0.18950439989566803,0.7691866159439087,True,True,False,true,true,jpeg,transform,"{""quality"":75}",artifact_reload,0.70048028,0.70029551,true,true,false,true,0.0013,artifact_10fa0d46cbb2ecc7,artifact_d5a819786c8bb452,artifact_55b28875207f5e40,artifact_fec4ebbec69a9d4c,artifact_32e20bb240fc369d,artifact_31043febf295e8f5,def_45047f783a51d095a87c,1.0,ok,
vf_27aca419b7af,pair_000094,targeted_pgd_facenet_verification,facenet-pytorch/InceptionResnetV1,vggface2,source_6eda93227392,target_bbb0daa338ba,0.01,0.001,10,0.47966246581077576,0.18950439989566803,0.7691866159439087,True,True,False,true,true,smoothing,transform,"{""radius"":3.0}",artifact_reload,0.70048028,0.28506732,false,false,true,false,0.0015,artifact_10fa0d46cbb2ecc7,artifact_d5a819786c8bb452,artifact_55b28875207f5e40,artifact_fec4ebbec69a9d4c,artifact_03d372546d4efe8f,artifact_31043febf295e8f5,def_edebe4a3760e3037e8c5,1.0,ok,
vf_27aca419b7af,pair_000094,targeted_pgd_facenet_verification,facenet-pytorch/InceptionResnetV1,vggface2,source_6eda93227392,target_bbb0daa338ba,0.01,0.001,10,0.47966246581077576,0.18950439989566803,0.7691866159439087,True,True,False,true,true,bitdepth,transform,"{""bits"":4}",artifact_reload,0.70048028,0.64544642,true,true,false,true,0.0008,artifact_10fa0d46cbb2ecc7,artifact_d5a819786c8bb452,artifact_55b28875207f5e40,artifact_fec4ebbec69a9d4c,artifact_2a45503141b1f283,artifact_31043febf295e8f5,def_cadebb5601831fb9396c,1.0,ok,
vf_27aca419b7af,pair_000094,targeted_pgd_facenet_verification,facenet-pytorch/InceptionResnetV1,vggface2,source_6eda93227392,target_bbb0daa338ba,0.01,0.001,10,0.47966246581077576,0.18950439989566803,0.7691866159439087,True,True,False,true,true,adv_training,trained,"{""epochs"":5,""lr"":1e-05,""margin"":0.15}",legacy_record,0.7691866159439087,0.40154231,false,false,true,false,,artifact_10fa0d46cbb2ecc7,artifact_d5a819786c8bb452,artifact_55b28875207f5e40,artifact_fec4ebbec69a9d4c,,artifact_ea7152eddc5ff20e,def_53b18b29a1d3507bcf43,1.0,ok,
vf_a282ca20f9db,pair_000095,targeted_pgd_facenet_verification,facenet-pytorch/InceptionResnetV1,vggface2,source_6eda93227392,target_056bbd32291f,0.01,0.001,10,0.47966246581077576,0.11491916328668594,0.6567362546920776,True,True,False,true,true,jpeg,transform,"{""quality"":75}",artifact_reload,0.5338518,0.53384864,true,true,false,true,0.0012,artifact_594b8a600584095c,artifact_23016f72ed2e482f,artifact_6e6d678f7be345c3,artifact_8f774adb057cf3e1,artifact_e82a6d0397731e42,artifact_31043febf295e8f5,def_4b6ef7c6a5b6dbb2e672,1.0,ok,
vf_a282ca20f9db,pair_000095,targeted_pgd_facenet_verification,facenet-pytorch/InceptionResnetV1,vggface2,source_6eda93227392,target_056bbd32291f,0.01,0.001,10,0.47966246581077576,0.11491916328668594,0.6567362546920776,True,True,False,true,true,smoothing,transform,"{""radius"":3.0}",artifact_reload,0.5338518,0.16856626,false,false,true,false,0.0014,artifact_594b8a600584095c,artifact_23016f72ed2e482f,artifact_6e6d678f7be345c3,artifact_8f774adb057cf3e1,artifact_8c8c98a45ce3ee54,artifact_31043febf295e8f5,def_cebed6a9840750ed01bd,1.0,ok,
vf_a282ca20f9db,pair_000095,targeted_pgd_facenet_verification,facenet-pytorch/InceptionResnetV1,vggface2,source_6eda93227392,target_056bbd32291f,0.01,0.001,10,0.47966246581077576,0.11491916328668594,0.6567362546920776,True,True,False,true,true,bitdepth,transform,"{""bits"":4}",artifact_reload,0.5338518,0.47724551,false,false,true,false,0.0007,artifact_594b8a600584095c,artifact_23016f72ed2e482f,artifact_6e6d678f7be345c3,artifact_8f774adb057cf3e1,artifact_9dd750a2ba6f69ce,artifact_31043febf295e8f5,def_37d3794798243152c3a3,1.0,ok,
vf_a282ca20f9db,pair_000095,targeted_pgd_facenet_verification,facenet-pytorch/InceptionResnetV1,vggface2,source_6eda93227392,target_056bbd32291f,0.01,0.001,10,0.47966246581077576,0.11491916328668594,0.6567362546920776,True,True,False,true,true,adv_training,trained,"{""epochs"":5,""lr"":1e-05,""margin"":0.15}",legacy_record,0.6567362546920776,0.13118802,false,false,true,false,,artifact_594b8a600584095c,artifact_23016f72ed2e482f,artifact_6e6d678f7be345c3,artifact_8f774adb057cf3e1,,artifact_ea7152eddc5ff20e,def_f3f40ab25e365d0a4ac4,1.0,ok,
vf_5161d764390e,pair_000098,targeted_pgd_facenet_verification,facenet-pytorch/InceptionResnetV1,vggface2,source_ea9c6f198674,target_056bbd32291f,0.01,0.001,10,0.47966246581077576,0.08480535447597504,0.48839738965034485,True,True,False,false,false,jpeg,transform,"{""quality"":75}",artifact_reload,0.40393558,0.40384471,false,false,false,false,0.0014,artifact_d39d1bf3e561382f,artifact_9fbc9a79272c65ab,artifact_fa03c902f01cf7ff,artifact_38696e3cfeac54b1,artifact_f606de28ebeed280,artifact_31043febf295e8f5,def_f5eebc0966948bda7e13,1.0,ok,
vf_5161d764390e,pair_000098,targeted_pgd_facenet_verification,facenet-pytorch/InceptionResnetV1,vggface2,source_ea9c6f198674,target_056bbd32291f,0.01,0.001,10,0.47966246581077576,0.08480535447597504,0.48839738965034485,True,True,False,false,false,smoothing,transform,"{""radius"":3.0}",artifact_reload,0.40393558,0.05855628,false,false,false,false,0.0015,artifact_d39d1bf3e561382f,artifact_9fbc9a79272c65ab,artifact_fa03c902f01cf7ff,artifact_38696e3cfeac54b1,artifact_b775a019c0bc195e,artifact_31043febf295e8f5,def_665c9d335e394a4d58f8,1.0,ok,
vf_5161d764390e,pair_000098,targeted_pgd_facenet_verification,facenet-pytorch/InceptionResnetV1,vggface2,source_ea9c6f198674,target_056bbd32291f,0.01,0.001,10,0.47966246581077576,0.08480535447597504,0.48839738965034485,True,True,False,false,false,bitdepth,transform,"{""bits"":4}",artifact_reload,0.40393558,0.34715378,false,false,false,false,0.0007,artifact_d39d1bf3e561382f,artifact_9fbc9a79272c65ab,artifact_fa03c902f01cf7ff,artifact_38696e3cfeac54b1,artifact_7d7502aa2f714db9,artifact_31043febf295e8f5,def_0883c6e1a0c26f0188db,1.0,ok,
vf_5161d764390e,pair_000098,targeted_pgd_facenet_verification,facenet-pytorch/InceptionResnetV1,vggface2,source_ea9c6f198674,target_056bbd32291f,0.01,0.001,10,0.47966246581077576,0.08480535447597504,0.48839738965034485,True,True,False,true,true,adv_training,trained,"{""epochs"":5,""lr"":1e-05,""margin"":0.15}",legacy_record,0.48839738965034485,0.16783044,false,false,true,false,,artifact_d39d1bf3e561382f,artifact_9fbc9a79272c65ab,artifact_fa03c902f01cf7ff,artifact_38696e3cfeac54b1,,artifact_ea7152eddc5ff20e,def_db8ac9e6f61d4cdf1da6,1.0,ok,
vf_b7984d7baebe,pair_000103,targeted_pgd_facenet_verification,facenet-pytorch/InceptionResnetV1,vggface2,source_3b3b33593a36,target_952b25972fe5,0.01,0.001,10,0.47966246581077576,0.36310362815856934,0.7165427803993225,True,True,False,true,true,jpeg,transform,"{""quality"":75}",artifact_reload,0.65716189,0.65716189,true,true,false,true,0.0014,artifact_65e6838e83fdd767,artifact_47e7091f704d93c0,artifact_dd9127331cacfdb0,artifact_f1da01ed63cc270e,artifact_b96bfab4307241a1,artifact_31043febf295e8f5,def_194e0becdc7679892a56,1.0,ok,
vf_b7984d7baebe,pair_000103,targeted_pgd_facenet_verification,facenet-pytorch/InceptionResnetV1,vggface2,source_3b3b33593a36,target_952b25972fe5,0.01,0.001,10,0.47966246581077576,0.36310362815856934,0.7165427803993225,True,True,False,true,true,smoothing,transform,"{""radius"":3.0}",artifact_reload,0.65716189,0.23541152,false,false,true,false,0.0013,artifact_65e6838e83fdd767,artifact_47e7091f704d93c0,artifact_dd9127331cacfdb0,artifact_f1da01ed63cc270e,artifact_80bef26a988a5fdf,artifact_31043febf295e8f5,def_917d473aa1128bc25b04,1.0,ok,
vf_b7984d7baebe,pair_000103,targeted_pgd_facenet_verification,facenet-pytorch/InceptionResnetV1,vggface2,source_3b3b33593a36,target_952b25972fe5,0.01,0.001,10,0.47966246581077576,0.36310362815856934,0.7165427803993225,True,True,False,true,true,bitdepth,transform,"{""bits"":4}",artifact_reload,0.65716189,0.5967651,true,true,false,true,0.0007,artifact_65e6838e83fdd767,artifact_47e7091f704d93c0,artifact_dd9127331cacfdb0,artifact_f1da01ed63cc270e,artifact_ab8dc9c89941364e,artifact_31043febf295e8f5,def_45c6a11365dd436730c5,1.0,ok,
vf_b7984d7baebe,pair_000103,targeted_pgd_facenet_verification,facenet-pytorch/InceptionResnetV1,vggface2,source_3b3b33593a36,target_952b25972fe5,0.01,0.001,10,0.47966246581077576,0.36310362815856934,0.7165427803993225,True,True,False,true,true,adv_training,trained,"{""epochs"":5,""lr"":1e-05,""margin"":0.15}",legacy_record,0.7165427803993225,0.20705894,false,false,true,false,,artifact_65e6838e83fdd767,artifact_47e7091f704d93c0,artifact_dd9127331cacfdb0,artifact_f1da01ed63cc270e,,artifact_ea7152eddc5ff20e,def_caf639a5631f7115d308,1.0,ok,
vf_517bc045f993,pair_000104,targeted_pgd_facenet_verification,facenet-pytorch/InceptionResnetV1,vggface2,source_9a4dba119416,target_f279b767b25d,0.01,0.001,10,0.47966246581077576,0.20981867611408234,0.640665590763092,True,True,False,true,true,jpeg,transform,"{""quality"":75}",artifact_reload,0.53772897,0.53777373,true,true,false,true,0.0014,artifact_5096b83546cd4ab8,artifact_a7707e360f03b038,artifact_bdfe1d2c4cda4134,artifact_c8a630606862d048,artifact_e6fb1c2322ed2faf,artifact_31043febf295e8f5,def_d90c8ec3df66f7bf0aad,1.0,ok,
vf_517bc045f993,pair_000104,targeted_pgd_facenet_verification,facenet-pytorch/InceptionResnetV1,vggface2,source_9a4dba119416,target_f279b767b25d,0.01,0.001,10,0.47966246581077576,0.20981867611408234,0.640665590763092,True,True,False,true,true,smoothing,transform,"{""radius"":3.0}",artifact_reload,0.53772897,0.23832251,false,false,true,false,0.0014,artifact_5096b83546cd4ab8,artifact_a7707e360f03b038,artifact_bdfe1d2c4cda4134,artifact_c8a630606862d048,artifact_4e15875652769115,artifact_31043febf295e8f5,def_45f8d2cfe2420f76042c,1.0,ok,
vf_517bc045f993,pair_000104,targeted_pgd_facenet_verification,facenet-pytorch/InceptionResnetV1,vggface2,source_9a4dba119416,target_f279b767b25d,0.01,0.001,10,0.47966246581077576,0.20981867611408234,0.640665590763092,True,True,False,true,true,bitdepth,transform,"{""bits"":4}",artifact_reload,0.53772897,0.45054543,false,false,true,false,0.0007,artifact_5096b83546cd4ab8,artifact_a7707e360f03b038,artifact_bdfe1d2c4cda4134,artifact_c8a630606862d048,artifact_0c6d5c4f44b3b148,artifact_31043febf295e8f5,def_473c119b1999c427f57c,1.0,ok,
vf_517bc045f993,pair_000104,targeted_pgd_facenet_verification,facenet-pytorch/InceptionResnetV1,vggface2,source_9a4dba119416,target_f279b767b25d,0.01,0.001,10,0.47966246581077576,0.20981867611408234,0.640665590763092,True,True,False,true,true,adv_training,trained,"{""epochs"":5,""lr"":1e-05,""margin"":0.15}",legacy_record,0.640665590763092,0.23059574,false,false,true,false,,artifact_5096b83546cd4ab8,artifact_a7707e360f03b038,artifact_bdfe1d2c4cda4134,artifact_c8a630606862d048,,artifact_ea7152eddc5ff20e,def_3c9ed73e03f95470dfa2,1.0,ok,
vf_7115de04e344,pair_000108,targeted_pgd_facenet_verification,facenet-pytorch/InceptionResnetV1,vggface2,source_6eda93227392,target_5356319edd8e,0.01,0.001,10,0.47966246581077576,0.23002798855304718,0.7293652296066284,True,True,False,true,true,jpeg,transform,"{""quality"":75}",artifact_reload,0.64312524,0.64312267,true,true,false,true,0.0012,artifact_810b0851d4e337db,artifact_8f11895ba8dfbdff,artifact_864f6e62f73ccb68,artifact_bd0c5a9c9baee36a,artifact_dcc6714adf1f6e5c,artifact_31043febf295e8f5,def_e16194aed9fe46d7e314,1.0,ok,
vf_7115de04e344,pair_000108,targeted_pgd_facenet_verification,facenet-pytorch/InceptionResnetV1,vggface2,source_6eda93227392,target_5356319edd8e,0.01,0.001,10,0.47966246581077576,0.23002798855304718,0.7293652296066284,True,True,False,true,true,smoothing,transform,"{""radius"":3.0}",artifact_reload,0.64312524,0.28332916,false,false,true,false,0.0015,artifact_810b0851d4e337db,artifact_8f11895ba8dfbdff,artifact_864f6e62f73ccb68,artifact_bd0c5a9c9baee36a,artifact_7174c060ae9d50f9,artifact_31043febf295e8f5,def_1f8ae9c622605e6b3677,1.0,ok,
vf_7115de04e344,pair_000108,targeted_pgd_facenet_verification,facenet-pytorch/InceptionResnetV1,vggface2,source_6eda93227392,target_5356319edd8e,0.01,0.001,10,0.47966246581077576,0.23002798855304718,0.7293652296066284,True,True,False,true,true,bitdepth,transform,"{""bits"":4}",artifact_reload,0.64312524,0.61483014,true,true,false,true,0.0007,artifact_810b0851d4e337db,artifact_8f11895ba8dfbdff,artifact_864f6e62f73ccb68,artifact_bd0c5a9c9baee36a,artifact_c0b3501df3dbeafe,artifact_31043febf295e8f5,def_9402d88088867f24d766,1.0,ok,
vf_7115de04e344,pair_000108,targeted_pgd_facenet_verification,facenet-pytorch/InceptionResnetV1,vggface2,source_6eda93227392,target_5356319edd8e,0.01,0.001,10,0.47966246581077576,0.23002798855304718,0.7293652296066284,True,True,False,true,true,adv_training,trained,"{""epochs"":5,""lr"":1e-05,""margin"":0.15}",legacy_record,0.7293652296066284,0.48258498,true,true,false,true,,artifact_810b0851d4e337db,artifact_8f11895ba8dfbdff,artifact_864f6e62f73ccb68,artifact_bd0c5a9c9baee36a,,artifact_ea7152eddc5ff20e,def_21c6dc8e7f06f32b45bf,1.0,ok,
vf_11499d8bd2f2,pair_000112,targeted_pgd_facenet_verification,facenet-pytorch/InceptionResnetV1,vggface2,source_16254f944d43,target_b750d1d78860,0.01,0.001,10,0.47966246581077576,0.019496068358421326,0.513885498046875,True,True,False,false,false,jpeg,transform,"{""quality"":75}",artifact_reload,0.42546353,0.42548129,false,false,false,false,0.0012,artifact_27cfce40f1d0d27d,artifact_2fd1b98b46168830,artifact_bac41201889ab71f,artifact_32dd331cf07f2ed8,artifact_c30c8d67308e2df1,artifact_31043febf295e8f5,def_ccd9e709bda9c029f2a9,1.0,ok,
vf_11499d8bd2f2,pair_000112,targeted_pgd_facenet_verification,facenet-pytorch/InceptionResnetV1,vggface2,source_16254f944d43,target_b750d1d78860,0.01,0.001,10,0.47966246581077576,0.019496068358421326,0.513885498046875,True,True,False,false,false,smoothing,transform,"{""radius"":3.0}",artifact_reload,0.42546353,0.06665796,false,false,false,false,0.0014,artifact_27cfce40f1d0d27d,artifact_2fd1b98b46168830,artifact_bac41201889ab71f,artifact_32dd331cf07f2ed8,artifact_b39e6a7d2beb00f3,artifact_31043febf295e8f5,def_9a63727b5d3f500db77f,1.0,ok,
vf_11499d8bd2f2,pair_000112,targeted_pgd_facenet_verification,facenet-pytorch/InceptionResnetV1,vggface2,source_16254f944d43,target_b750d1d78860,0.01,0.001,10,0.47966246581077576,0.019496068358421326,0.513885498046875,True,True,False,false,false,bitdepth,transform,"{""bits"":4}",artifact_reload,0.42546353,0.38649759,false,false,false,false,0.0008,artifact_27cfce40f1d0d27d,artifact_2fd1b98b46168830,artifact_bac41201889ab71f,artifact_32dd331cf07f2ed8,artifact_d2ae985940dfd374,artifact_31043febf295e8f5,def_f8ddb1ea822d5ebac17f,1.0,ok,
vf_11499d8bd2f2,pair_000112,targeted_pgd_facenet_verification,facenet-pytorch/InceptionResnetV1,vggface2,source_16254f944d43,target_b750d1d78860,0.01,0.001,10,0.47966246581077576,0.019496068358421326,0.513885498046875,True,True,False,true,true,adv_training,trained,"{""epochs"":5,""lr"":1e-05,""margin"":0.15}",legacy_record,0.513885498046875,0.05289406,false,false,true,false,,artifact_27cfce40f1d0d27d,artifact_2fd1b98b46168830,artifact_bac41201889ab71f,artifact_32dd331cf07f2ed8,,artifact_ea7152eddc5ff20e,def_7d1b8c3d5fb738192acb,1.0,ok,
vf_0c740ed362fa,pair_000113,targeted_pgd_facenet_verification,facenet-pytorch/InceptionResnetV1,vggface2,source_4008c321c1f3,target_bbb0daa338ba,0.01,0.001,10,0.47966246581077576,0.2551112174987793,0.7313615679740906,True,True,False,true,true,jpeg,transform,"{""quality"":75}",artifact_reload,0.66029459,0.66028321,true,true,false,true,0.0013,artifact_b370679f3102b8a6,artifact_0b29195ada2f957c,artifact_37811d56f97f42e8,artifact_8e8bf6329c971654,artifact_fff95a0cbe452e87,artifact_31043febf295e8f5,def_ce76ac5db42f1fd773fd,1.0,ok,
vf_0c740ed362fa,pair_000113,targeted_pgd_facenet_verification,facenet-pytorch/InceptionResnetV1,vggface2,source_4008c321c1f3,target_bbb0daa338ba,0.01,0.001,10,0.47966246581077576,0.2551112174987793,0.7313615679740906,True,True,False,true,true,smoothing,transform,"{""radius"":3.0}",artifact_reload,0.66029459,0.38332415,false,false,true,false,0.0016,artifact_b370679f3102b8a6,artifact_0b29195ada2f957c,artifact_37811d56f97f42e8,artifact_8e8bf6329c971654,artifact_1cc7ef44c39c7eeb,artifact_31043febf295e8f5,def_4619a6133b81a7093a1f,1.0,ok,
vf_0c740ed362fa,pair_000113,targeted_pgd_facenet_verification,facenet-pytorch/InceptionResnetV1,vggface2,source_4008c321c1f3,target_bbb0daa338ba,0.01,0.001,10,0.47966246581077576,0.2551112174987793,0.7313615679740906,True,True,False,true,true,bitdepth,transform,"{""bits"":4}",artifact_reload,0.66029459,0.60626978,true,true,false,true,0.0007,artifact_b370679f3102b8a6,artifact_0b29195ada2f957c,artifact_37811d56f97f42e8,artifact_8e8bf6329c971654,artifact_04bb1ca20ea9b21c,artifact_31043febf295e8f5,def_95dd07fd02cbddbf19a4,1.0,ok,
vf_0c740ed362fa,pair_000113,targeted_pgd_facenet_verification,facenet-pytorch/InceptionResnetV1,vggface2,source_4008c321c1f3,target_bbb0daa338ba,0.01,0.001,10,0.47966246581077576,0.2551112174987793,0.7313615679740906,True,True,False,true,true,adv_training,trained,"{""epochs"":5,""lr"":1e-05,""margin"":0.15}",legacy_record,0.7313615679740906,-0.1497644,false,false,true,false,,artifact_b370679f3102b8a6,artifact_0b29195ada2f957c,artifact_37811d56f97f42e8,artifact_8e8bf6329c971654,,artifact_ea7152eddc5ff20e,def_7ea94ea5303ba5a19729,1.0,ok,
vf_da425b64a666,pair_000114,targeted_pgd_facenet_verification,facenet-pytorch/InceptionResnetV1,vggface2,source_3b3b33593a36,target_bbb0daa338ba,0.01,0.001,10,0.47966246581077576,0.11442787945270538,0.6352026462554932,True,True,False,true,true,jpeg,transform,"{""quality"":75}",artifact_reload,0.54449701,0.54447311,true,true,false,true,0.0013,artifact_766b3789623d06dd,artifact_dd427a18ee11043c,artifact_caca3953a00cb9ce,artifact_c266493f90b5aa30,artifact_316a8057418e7f2b,artifact_31043febf295e8f5,def_d0db3a95cba369d8fdd5,1.0,ok,
vf_da425b64a666,pair_000114,targeted_pgd_facenet_verification,facenet-pytorch/InceptionResnetV1,vggface2,source_3b3b33593a36,target_bbb0daa338ba,0.01,0.001,10,0.47966246581077576,0.11442787945270538,0.6352026462554932,True,True,False,true,true,smoothing,transform,"{""radius"":3.0}",artifact_reload,0.54449701,0.35240945,false,false,true,false,0.0014,artifact_766b3789623d06dd,artifact_dd427a18ee11043c,artifact_caca3953a00cb9ce,artifact_c266493f90b5aa30,artifact_a86f214f3e7e424b,artifact_31043febf295e8f5,def_acae6db252d42d759d29,1.0,ok,
vf_da425b64a666,pair_000114,targeted_pgd_facenet_verification,facenet-pytorch/InceptionResnetV1,vggface2,source_3b3b33593a36,target_bbb0daa338ba,0.01,0.001,10,0.47966246581077576,0.11442787945270538,0.6352026462554932,True,True,False,true,true,bitdepth,transform,"{""bits"":4}",artifact_reload,0.54449701,0.51069605,true,true,false,true,0.0007,artifact_766b3789623d06dd,artifact_dd427a18ee11043c,artifact_caca3953a00cb9ce,artifact_c266493f90b5aa30,artifact_d34adb0540e55ce1,artifact_31043febf295e8f5,def_c1f5c57dc06ea9bf0310,1.0,ok,
vf_da425b64a666,pair_000114,targeted_pgd_facenet_verification,facenet-pytorch/InceptionResnetV1,vggface2,source_3b3b33593a36,target_bbb0daa338ba,0.01,0.001,10,0.47966246581077576,0.11442787945270538,0.6352026462554932,True,True,False,true,true,adv_training,trained,"{""epochs"":5,""lr"":1e-05,""margin"":0.15}",legacy_record,0.6352026462554932,-0.1178512,false,false,true,false,,artifact_766b3789623d06dd,artifact_dd427a18ee11043c,artifact_caca3953a00cb9ce,artifact_c266493f90b5aa30,,artifact_ea7152eddc5ff20e,def_ad1156c6a88c8d04d407,1.0,ok,
vf_7234807594c7,pair_000117,targeted_pgd_facenet_verification,facenet-pytorch/InceptionResnetV1,vggface2,source_4008c321c1f3,target_b750d1d78860,0.01,0.001,10,0.47966246581077576,0.23801392316818237,0.652213454246521,True,True,False,true,true,jpeg,transform,"{""quality"":75}",artifact_reload,0.57966363,0.57991695,true,true,false,true,0.0015,artifact_12ae5cc65bd67cbf,artifact_f0c7b520e057bc45,artifact_ff5d1bc9f5de143d,artifact_657af9b55c314297,artifact_a2131959390bbb82,artifact_31043febf295e8f5,def_d9c5a4497a618ab59dc6,1.0,ok,
vf_7234807594c7,pair_000117,targeted_pgd_facenet_verification,facenet-pytorch/InceptionResnetV1,vggface2,source_4008c321c1f3,target_b750d1d78860,0.01,0.001,10,0.47966246581077576,0.23801392316818237,0.652213454246521,True,True,False,true,true,smoothing,transform,"{""radius"":3.0}",artifact_reload,0.57966363,0.19103274,false,false,true,false,0.0013,artifact_12ae5cc65bd67cbf,artifact_f0c7b520e057bc45,artifact_ff5d1bc9f5de143d,artifact_657af9b55c314297,artifact_ecba97c3fc44c726,artifact_31043febf295e8f5,def_58ca0d81ff28e27b9b80,1.0,ok,
vf_7234807594c7,pair_000117,targeted_pgd_facenet_verification,facenet-pytorch/InceptionResnetV1,vggface2,source_4008c321c1f3,target_b750d1d78860,0.01,0.001,10,0.47966246581077576,0.23801392316818237,0.652213454246521,True,True,False,true,true,bitdepth,transform,"{""bits"":4}",artifact_reload,0.57966363,0.54250878,true,true,false,true,0.0007,artifact_12ae5cc65bd67cbf,artifact_f0c7b520e057bc45,artifact_ff5d1bc9f5de143d,artifact_657af9b55c314297,artifact_be6d55dd0ac45043,artifact_31043febf295e8f5,def_9942e6004b0210603022,1.0,ok,
vf_7234807594c7,pair_000117,targeted_pgd_facenet_verification,facenet-pytorch/InceptionResnetV1,vggface2,source_4008c321c1f3,target_b750d1d78860,0.01,0.001,10,0.47966246581077576,0.23801392316818237,0.652213454246521,True,True,False,true,true,adv_training,trained,"{""epochs"":5,""lr"":1e-05,""margin"":0.15}",legacy_record,0.652213454246521,0.29549304,false,false,true,false,,artifact_12ae5cc65bd67cbf,artifact_f0c7b520e057bc45,artifact_ff5d1bc9f5de143d,artifact_657af9b55c314297,,artifact_ea7152eddc5ff20e,def_08138b77bf5b336f7757,1.0,ok,
vf_5e55848a9327,pair_000118,targeted_pgd_facenet_verification,facenet-pytorch/InceptionResnetV1,vggface2,source_ebc43d3edd78,target_03259d71c4a4,0.01,0.001,10,0.47966246581077576,0.2625645697116852,0.7074517607688904,True,True,False,true,true,jpeg,transform,"{""quality"":75}",artifact_reload,0.62548357,0.62545538,true,true,false,true,0.0012,artifact_ccf8c95c0b9eecae,artifact_742590cb98e110d8,artifact_b431365d14de64d2,artifact_5b99ff8b803f7921,artifact_e7bf2fd015bd3322,artifact_31043febf295e8f5,def_7bf439471300eb86bce2,1.0,ok,
vf_5e55848a9327,pair_000118,targeted_pgd_facenet_verification,facenet-pytorch/InceptionResnetV1,vggface2,source_ebc43d3edd78,target_03259d71c4a4,0.01,0.001,10,0.47966246581077576,0.2625645697116852,0.7074517607688904,True,True,False,true,true,smoothing,transform,"{""radius"":3.0}",artifact_reload,0.62548357,0.50749922,true,true,false,true,0.0015,artifact_ccf8c95c0b9eecae,artifact_742590cb98e110d8,artifact_b431365d14de64d2,artifact_5b99ff8b803f7921,artifact_d0c632aa1e977b29,artifact_31043febf295e8f5,def_a06a167eecf4419ddcff,1.0,ok,
vf_5e55848a9327,pair_000118,targeted_pgd_facenet_verification,facenet-pytorch/InceptionResnetV1,vggface2,source_ebc43d3edd78,target_03259d71c4a4,0.01,0.001,10,0.47966246581077576,0.2625645697116852,0.7074517607688904,True,True,False,true,true,bitdepth,transform,"{""bits"":4}",artifact_reload,0.62548357,0.58365852,true,true,false,true,0.0007,artifact_ccf8c95c0b9eecae,artifact_742590cb98e110d8,artifact_b431365d14de64d2,artifact_5b99ff8b803f7921,artifact_75db908767db605a,artifact_31043febf295e8f5,def_e6fb94b2203ae9e44acb,1.0,ok,
vf_5e55848a9327,pair_000118,targeted_pgd_facenet_verification,facenet-pytorch/InceptionResnetV1,vggface2,source_ebc43d3edd78,target_03259d71c4a4,0.01,0.001,10,0.47966246581077576,0.2625645697116852,0.7074517607688904,True,True,False,true,true,adv_training,trained,"{""epochs"":5,""lr"":1e-05,""margin"":0.15}",legacy_record,0.7074517607688904,0.09940073,false,false,true,false,,artifact_ccf8c95c0b9eecae,artifact_742590cb98e110d8,artifact_b431365d14de64d2,artifact_5b99ff8b803f7921,,artifact_ea7152eddc5ff20e,def_3d51e62958ec1a725e14,1.0,ok,
vf_bc6f07cdfb64,pair_000125,targeted_pgd_facenet_verification,facenet-pytorch/InceptionResnetV1,vggface2,source_ebc43d3edd78,target_a5eaf0f7d6ad,0.01,0.001,10,0.47966246581077576,0.2838618755340576,0.814128577709198,True,True,False,true,true,jpeg,transform,"{""quality"":75}",artifact_reload,0.7214722,0.7214765,true,true,false,true,0.0012,artifact_0ab712599d4cf1a2,artifact_699ea1b73530b005,artifact_0381019380541414,artifact_88383c7718133889,artifact_32a660797e8b10f7,artifact_31043febf295e8f5,def_96c503a8eaaef42d7838,1.0,ok,
vf_bc6f07cdfb64,pair_000125,targeted_pgd_facenet_verification,facenet-pytorch/InceptionResnetV1,vggface2,source_ebc43d3edd78,target_a5eaf0f7d6ad,0.01,0.001,10,0.47966246581077576,0.2838618755340576,0.814128577709198,True,True,False,true,true,smoothing,transform,"{""radius"":3.0}",artifact_reload,0.7214722,0.50266218,true,true,false,true,0.0013,artifact_0ab712599d4cf1a2,artifact_699ea1b73530b005,artifact_0381019380541414,artifact_88383c7718133889,artifact_dcb7aae5a211771a,artifact_31043febf295e8f5,def_e60254d410b7beec41a3,1.0,ok,
vf_bc6f07cdfb64,pair_000125,targeted_pgd_facenet_verification,facenet-pytorch/InceptionResnetV1,vggface2,source_ebc43d3edd78,target_a5eaf0f7d6ad,0.01,0.001,10,0.47966246581077576,0.2838618755340576,0.814128577709198,True,True,False,true,true,bitdepth,transform,"{""bits"":4}",artifact_reload,0.7214722,0.67353535,true,true,false,true,0.0007,artifact_0ab712599d4cf1a2,artifact_699ea1b73530b005,artifact_0381019380541414,artifact_88383c7718133889,artifact_4dc5326713a397db,artifact_31043febf295e8f5,def_e2ccaf7d6c84889bda5b,1.0,ok,
vf_bc6f07cdfb64,pair_000125,targeted_pgd_facenet_verification,facenet-pytorch/InceptionResnetV1,vggface2,source_ebc43d3edd78,target_a5eaf0f7d6ad,0.01,0.001,10,0.47966246581077576,0.2838618755340576,0.814128577709198,True,True,False,true,true,adv_training,trained,"{""epochs"":5,""lr"":1e-05,""margin"":0.15}",legacy_record,0.814128577709198,0.18910393,false,false,true,false,,artifact_0ab712599d4cf1a2,artifact_699ea1b73530b005,artifact_0381019380541414,artifact_88383c7718133889,,artifact_ea7152eddc5ff20e,def_d7e354a9ece82a799813,1.0,ok,
vf_c881dcaacc5c,pair_000128,targeted_pgd_facenet_verification,facenet-pytorch/InceptionResnetV1,vggface2,source_3b3b33593a36,target_3b63f0fe705d,0.01,0.001,10,0.47966246581077576,0.4402514696121216,0.8592336177825928,True,True,False,true,true,jpeg,transform,"{""quality"":75}",artifact_reload,0.80284739,0.80247998,true,true,false,true,0.0014,artifact_d676b4ecdd67960a,artifact_9232be9f539bca37,artifact_a86b28a31dde7d47,artifact_8860281c4346b55a,artifact_41971f18e85e4328,artifact_31043febf295e8f5,def_2ed32774efd48e2af7ac,1.0,ok,
vf_c881dcaacc5c,pair_000128,targeted_pgd_facenet_verification,facenet-pytorch/InceptionResnetV1,vggface2,source_3b3b33593a36,target_3b63f0fe705d,0.01,0.001,10,0.47966246581077576,0.4402514696121216,0.8592336177825928,True,True,False,true,true,smoothing,transform,"{""radius"":3.0}",artifact_reload,0.80284739,0.2566812,false,false,true,false,0.0014,artifact_d676b4ecdd67960a,artifact_9232be9f539bca37,artifact_a86b28a31dde7d47,artifact_8860281c4346b55a,artifact_c35bdbaa3ad58475,artifact_31043febf295e8f5,def_04c64e32aee7579a8d37,1.0,ok,
vf_c881dcaacc5c,pair_000128,targeted_pgd_facenet_verification,facenet-pytorch/InceptionResnetV1,vggface2,source_3b3b33593a36,target_3b63f0fe705d,0.01,0.001,10,0.47966246581077576,0.4402514696121216,0.8592336177825928,True,True,False,true,true,bitdepth,transform,"{""bits"":4}",artifact_reload,0.80284739,0.78056735,true,true,false,true,0.0007,artifact_d676b4ecdd67960a,artifact_9232be9f539bca37,artifact_a86b28a31dde7d47,artifact_8860281c4346b55a,artifact_63131aa3a009578f,artifact_31043febf295e8f5,def_9a4f0394344c849b94c2,1.0,ok,
vf_c881dcaacc5c,pair_000128,targeted_pgd_facenet_verification,facenet-pytorch/InceptionResnetV1,vggface2,source_3b3b33593a36,target_3b63f0fe705d,0.01,0.001,10,0.47966246581077576,0.4402514696121216,0.8592336177825928,True,True,False,true,true,adv_training,trained,"{""epochs"":5,""lr"":1e-05,""margin"":0.15}",legacy_record,0.8592336177825928,0.15716268,false,false,true,false,,artifact_d676b4ecdd67960a,artifact_9232be9f539bca37,artifact_a86b28a31dde7d47,artifact_8860281c4346b55a,,artifact_ea7152eddc5ff20e,def_2fec09bca114a23b8d23,1.0,ok,
vf_7067569a1052,pair_000132,targeted_pgd_facenet_verification,facenet-pytorch/InceptionResnetV1,vggface2,source_6eda93227392,target_056bbd32291f,0.01,0.001,10,0.47966246581077576,0.22481846809387207,0.7054764628410339,True,True,False,true,true,jpeg,transform,"{""quality"":75}",artifact_reload,0.62827718,0.62805068,true,true,false,true,0.0014,artifact_4df27b603bbb5e06,artifact_9741b90d6a38e26b,artifact_70dbecf07410dd07,artifact_6bc4071aedfa1b57,artifact_bc17084ee2b7266d,artifact_31043febf295e8f5,def_f8d8eaa01f9842609624,1.0,ok,
vf_7067569a1052,pair_000132,targeted_pgd_facenet_verification,facenet-pytorch/InceptionResnetV1,vggface2,source_6eda93227392,target_056bbd32291f,0.01,0.001,10,0.47966246581077576,0.22481846809387207,0.7054764628410339,True,True,False,true,true,smoothing,transform,"{""radius"":3.0}",artifact_reload,0.62827718,0.36476487,false,false,true,false,0.0013,artifact_4df27b603bbb5e06,artifact_9741b90d6a38e26b,artifact_70dbecf07410dd07,artifact_6bc4071aedfa1b57,artifact_f500755afe94d293,artifact_31043febf295e8f5,def_8d2d8b2cc1e71846f089,1.0,ok,
vf_7067569a1052,pair_000132,targeted_pgd_facenet_verification,facenet-pytorch/InceptionResnetV1,vggface2,source_6eda93227392,target_056bbd32291f,0.01,0.001,10,0.47966246581077576,0.22481846809387207,0.7054764628410339,True,True,False,true,true,bitdepth,transform,"{""bits"":4}",artifact_reload,0.62827718,0.60378724,true,true,false,true,0.0007,artifact_4df27b603bbb5e06,artifact_9741b90d6a38e26b,artifact_70dbecf07410dd07,artifact_6bc4071aedfa1b57,artifact_09180507e72a7bf4,artifact_31043febf295e8f5,def_89eaede62409a9da3d11,1.0,ok,
vf_7067569a1052,pair_000132,targeted_pgd_facenet_verification,facenet-pytorch/InceptionResnetV1,vggface2,source_6eda93227392,target_056bbd32291f,0.01,0.001,10,0.47966246581077576,0.22481846809387207,0.7054764628410339,True,True,False,true,true,adv_training,trained,"{""epochs"":5,""lr"":1e-05,""margin"":0.15}",legacy_record,0.7054764628410339,0.09365916,false,false,true,false,,artifact_4df27b603bbb5e06,artifact_9741b90d6a38e26b,artifact_70dbecf07410dd07,artifact_6bc4071aedfa1b57,,artifact_ea7152eddc5ff20e,def_73d8917c73a836842dbd,1.0,ok,
vf_6f5a7ccd035b,pair_000143,targeted_pgd_facenet_verification,facenet-pytorch/InceptionResnetV1,vggface2,source_ebc43d3edd78,target_b750d1d78860,0.01,0.001,10,0.47966246581077576,-0.1311463713645935,0.559013843536377,True,True,False,false,false,jpeg,transform,"{""quality"":75}",artifact_reload,0.45193756,0.45226693,false,false,false,false,0.0013,artifact_79d85aa374ff3afa,artifact_02b71bfa255fd02e,artifact_8d62f0b22fae7df3,artifact_d4177d0ae73bf075,artifact_d67f6fd5a32aeeb8,artifact_31043febf295e8f5,def_ac235a50b8752ec7aba2,1.0,ok,
vf_6f5a7ccd035b,pair_000143,targeted_pgd_facenet_verification,facenet-pytorch/InceptionResnetV1,vggface2,source_ebc43d3edd78,target_b750d1d78860,0.01,0.001,10,0.47966246581077576,-0.1311463713645935,0.559013843536377,True,True,False,false,false,smoothing,transform,"{""radius"":3.0}",artifact_reload,0.45193756,0.16189803,false,false,false,false,0.0014,artifact_79d85aa374ff3afa,artifact_02b71bfa255fd02e,artifact_8d62f0b22fae7df3,artifact_d4177d0ae73bf075,artifact_3c23b12971ef709d,artifact_31043febf295e8f5,def_895347e775ec8f33b907,1.0,ok,
vf_6f5a7ccd035b,pair_000143,targeted_pgd_facenet_verification,facenet-pytorch/InceptionResnetV1,vggface2,source_ebc43d3edd78,target_b750d1d78860,0.01,0.001,10,0.47966246581077576,-0.1311463713645935,0.559013843536377,True,True,False,false,false,bitdepth,transform,"{""bits"":4}",artifact_reload,0.45193756,0.41894263,false,false,false,false,0.0007,artifact_79d85aa374ff3afa,artifact_02b71bfa255fd02e,artifact_8d62f0b22fae7df3,artifact_d4177d0ae73bf075,artifact_c8e04d09f0730554,artifact_31043febf295e8f5,def_fecc1da2bb22fbcb904f,1.0,ok,
vf_6f5a7ccd035b,pair_000143,targeted_pgd_facenet_verification,facenet-pytorch/InceptionResnetV1,vggface2,source_ebc43d3edd78,target_b750d1d78860,0.01,0.001,10,0.47966246581077576,-0.1311463713645935,0.559013843536377,True,True,False,true,true,adv_training,trained,"{""epochs"":5,""lr"":1e-05,""margin"":0.15}",legacy_record,0.559013843536377,0.06735976,false,false,true,false,,artifact_79d85aa374ff3afa,artifact_02b71bfa255fd02e,artifact_8d62f0b22fae7df3,artifact_d4177d0ae73bf075,,artifact_ea7152eddc5ff20e,def_1484a108fc4993608097,1.0,ok,
vf_69347058fea9,pair_000147,targeted_pgd_facenet_verification,facenet-pytorch/InceptionResnetV1,vggface2,source_27656f3b65b8,target_03259d71c4a4,0.01,0.001,10,0.47966246581077576,0.3366205096244812,0.7419633269309998,True,True,False,true,true,jpeg,transform,"{""quality"":75}",artifact_reload,0.66382629,0.66379935,true,true,false,true,0.0012,artifact_c18cb0dd0f85eab6,artifact_53fc537848df1ed6,artifact_48a59ae38c94886e,artifact_b15690e9c7a86d4c,artifact_007448d27ce031dc,artifact_31043febf295e8f5,def_0ea8f14b4c2df1a2ac07,1.0,ok,
vf_69347058fea9,pair_000147,targeted_pgd_facenet_verification,facenet-pytorch/InceptionResnetV1,vggface2,source_27656f3b65b8,target_03259d71c4a4,0.01,0.001,10,0.47966246581077576,0.3366205096244812,0.7419633269309998,True,True,False,true,true,smoothing,transform,"{""radius"":3.0}",artifact_reload,0.66382629,0.21233925,false,false,true,false,0.0013,artifact_c18cb0dd0f85eab6,artifact_53fc537848df1ed6,artifact_48a59ae38c94886e,artifact_b15690e9c7a86d4c,artifact_e0a945547de2c875,artifact_31043febf295e8f5,def_adc320ad8cb17159f835,1.0,ok,
vf_69347058fea9,pair_000147,targeted_pgd_facenet_verification,facenet-pytorch/InceptionResnetV1,vggface2,source_27656f3b65b8,target_03259d71c4a4,0.01,0.001,10,0.47966246581077576,0.3366205096244812,0.7419633269309998,True,True,False,true,true,bitdepth,transform,"{""bits"":4}",artifact_reload,0.66382629,0.63099027,true,true,false,true,0.0007,artifact_c18cb0dd0f85eab6,artifact_53fc537848df1ed6,artifact_48a59ae38c94886e,artifact_b15690e9c7a86d4c,artifact_bf825b1a6b968419,artifact_31043febf295e8f5,def_4ac1b4c32877bd0badfe,1.0,ok,
vf_69347058fea9,pair_000147,targeted_pgd_facenet_verification,facenet-pytorch/InceptionResnetV1,vggface2,source_27656f3b65b8,target_03259d71c4a4,0.01,0.001,10,0.47966246581077576,0.3366205096244812,0.7419633269309998,True,True,False,true,true,adv_training,trained,"{""epochs"":5,""lr"":1e-05,""margin"":0.15}",legacy_record,0.7419633269309998,0.00227455,false,false,true,false,,artifact_c18cb0dd0f85eab6,artifact_53fc537848df1ed6,artifact_48a59ae38c94886e,artifact_b15690e9c7a86d4c,,artifact_ea7152eddc5ff20e,def_906f483c31ce7be687e8,1.0,ok,
vf_7adbcba2f659,pair_000150,targeted_pgd_facenet_verification,facenet-pytorch/InceptionResnetV1,vggface2,source_4008c321c1f3,target_056bbd32291f,0.01,0.001,10,0.47966246581077576,0.21702134609222412,0.6925289630889893,True,True,False,true,true,jpeg,transform,"{""quality"":75}",artifact_reload,0.60974216,0.60935205,true,true,false,true,0.0014,artifact_ae69a716d196f00c,artifact_ceaee9e5c082022d,artifact_16d4e5d5cf7a6066,artifact_21b67d86dd76a749,artifact_163a94860f36d955,artifact_31043febf295e8f5,def_bd40c1569cf65fb522e7,1.0,ok,
vf_7adbcba2f659,pair_000150,targeted_pgd_facenet_verification,facenet-pytorch/InceptionResnetV1,vggface2,source_4008c321c1f3,target_056bbd32291f,0.01,0.001,10,0.47966246581077576,0.21702134609222412,0.6925289630889893,True,True,False,true,true,smoothing,transform,"{""radius"":3.0}",artifact_reload,0.60974216,0.11845995,false,false,true,false,0.0013,artifact_ae69a716d196f00c,artifact_ceaee9e5c082022d,artifact_16d4e5d5cf7a6066,artifact_21b67d86dd76a749,artifact_52474df6d1f48a35,artifact_31043febf295e8f5,def_fcffab915c1e131d950b,1.0,ok,
vf_7adbcba2f659,pair_000150,targeted_pgd_facenet_verification,facenet-pytorch/InceptionResnetV1,vggface2,source_4008c321c1f3,target_056bbd32291f,0.01,0.001,10,0.47966246581077576,0.21702134609222412,0.6925289630889893,True,True,False,true,true,bitdepth,transform,"{""bits"":4}",artifact_reload,0.60974216,0.58570367,true,true,false,true,0.0007,artifact_ae69a716d196f00c,artifact_ceaee9e5c082022d,artifact_16d4e5d5cf7a6066,artifact_21b67d86dd76a749,artifact_6b1c3ce211f10218,artifact_31043febf295e8f5,def_c24877bbb7517df4b54d,1.0,ok,
vf_7adbcba2f659,pair_000150,targeted_pgd_facenet_verification,facenet-pytorch/InceptionResnetV1,vggface2,source_4008c321c1f3,target_056bbd32291f,0.01,0.001,10,0.47966246581077576,0.21702134609222412,0.6925289630889893,True,True,False,true,true,adv_training,trained,"{""epochs"":5,""lr"":1e-05,""margin"":0.15}",legacy_record,0.6925289630889893,0.12507311,false,false,true,false,,artifact_ae69a716d196f00c,artifact_ceaee9e5c082022d,artifact_16d4e5d5cf7a6066,artifact_21b67d86dd76a749,,artifact_ea7152eddc5ff20e,def_1749dfe4b24d56b4b841,1.0,ok,
vf_813b582996b0,pair_000154,targeted_pgd_facenet_verification,facenet-pytorch/InceptionResnetV1,vggface2,source_16254f944d43,target_f279b767b25d,0.01,0.001,10,0.47966246581077576,0.24971015751361847,0.8046053647994995,True,True,False,true,true,jpeg,transform,"{""quality"":75}",artifact_reload,0.72140396,0.72122234,true,true,false,true,0.0013,artifact_64a71993156c862e,artifact_c7e0025244d5225c,artifact_6df6e160fb615f07,artifact_06c99a21d9e34a61,artifact_b21ff06f611e9bdc,artifact_31043febf295e8f5,def_f7f028d7f5ba6742bdb4,1.0,ok,
vf_813b582996b0,pair_000154,targeted_pgd_facenet_verification,facenet-pytorch/InceptionResnetV1,vggface2,source_16254f944d43,target_f279b767b25d,0.01,0.001,10,0.47966246581077576,0.24971015751361847,0.8046053647994995,True,True,False,true,true,smoothing,transform,"{""radius"":3.0}",artifact_reload,0.72140396,0.4198277,false,false,true,false,0.0014,artifact_64a71993156c862e,artifact_c7e0025244d5225c,artifact_6df6e160fb615f07,artifact_06c99a21d9e34a61,artifact_7e9528aea767f8c4,artifact_31043febf295e8f5,def_e1d0665985c490faa31b,1.0,ok,
vf_813b582996b0,pair_000154,targeted_pgd_facenet_verification,facenet-pytorch/InceptionResnetV1,vggface2,source_16254f944d43,target_f279b767b25d,0.01,0.001,10,0.47966246581077576,0.24971015751361847,0.8046053647994995,True,True,False,true,true,bitdepth,transform,"{""bits"":4}",artifact_reload,0.72140396,0.64760751,true,true,false,true,0.0007,artifact_64a71993156c862e,artifact_c7e0025244d5225c,artifact_6df6e160fb615f07,artifact_06c99a21d9e34a61,artifact_61a71e4240df23a5,artifact_31043febf295e8f5,def_1bf96424a39ebbcab7e4,1.0,ok,
vf_813b582996b0,pair_000154,targeted_pgd_facenet_verification,facenet-pytorch/InceptionResnetV1,vggface2,source_16254f944d43,target_f279b767b25d,0.01,0.001,10,0.47966246581077576,0.24971015751361847,0.8046053647994995,True,True,False,true,true,adv_training,trained,"{""epochs"":5,""lr"":1e-05,""margin"":0.15}",legacy_record,0.8046053647994995,0.22790846,false,false,true,false,,artifact_64a71993156c862e,artifact_c7e0025244d5225c,artifact_6df6e160fb615f07,artifact_06c99a21d9e34a61,,artifact_ea7152eddc5ff20e,def_fd99c35087291ad6eb28,1.0,ok,
vf_6b0e24ee0c42,pair_000160,targeted_pgd_facenet_verification,facenet-pytorch/InceptionResnetV1,vggface2,source_b82940bb25ca,target_f279b767b25d,0.01,0.001,10,0.47966246581077576,0.26550135016441345,0.6895993947982788,True,True,False,true,true,jpeg,transform,"{""quality"":75}",artifact_reload,0.62422049,0.62408781,true,true,false,true,0.0013,artifact_d518f523a2e36d1a,artifact_b1bc00ba814bd7d4,artifact_99c92772ecec2a21,artifact_9dd13633bc771f36,artifact_b89327937cff5767,artifact_31043febf295e8f5,def_ac8dc4859d4d7d5a0a01,1.0,ok,
vf_6b0e24ee0c42,pair_000160,targeted_pgd_facenet_verification,facenet-pytorch/InceptionResnetV1,vggface2,source_b82940bb25ca,target_f279b767b25d,0.01,0.001,10,0.47966246581077576,0.26550135016441345,0.6895993947982788,True,True,False,true,true,smoothing,transform,"{""radius"":3.0}",artifact_reload,0.62422049,0.34809324,false,false,true,false,0.0014,artifact_d518f523a2e36d1a,artifact_b1bc00ba814bd7d4,artifact_99c92772ecec2a21,artifact_9dd13633bc771f36,artifact_ce4c8858b8a06d69,artifact_31043febf295e8f5,def_87164d900ddba77f44b4,1.0,ok,
vf_6b0e24ee0c42,pair_000160,targeted_pgd_facenet_verification,facenet-pytorch/InceptionResnetV1,vggface2,source_b82940bb25ca,target_f279b767b25d,0.01,0.001,10,0.47966246581077576,0.26550135016441345,0.6895993947982788,True,True,False,true,true,bitdepth,transform,"{""bits"":4}",artifact_reload,0.62422049,0.57611668,true,true,false,true,0.0008,artifact_d518f523a2e36d1a,artifact_b1bc00ba814bd7d4,artifact_99c92772ecec2a21,artifact_9dd13633bc771f36,artifact_48cfe3e662fa20ad,artifact_31043febf295e8f5,def_be1575e2f2a5bbd843e9,1.0,ok,
vf_6b0e24ee0c42,pair_000160,targeted_pgd_facenet_verification,facenet-pytorch/InceptionResnetV1,vggface2,source_b82940bb25ca,target_f279b767b25d,0.01,0.001,10,0.47966246581077576,0.26550135016441345,0.6895993947982788,True,True,False,true,true,adv_training,trained,"{""epochs"":5,""lr"":1e-05,""margin"":0.15}",legacy_record,0.6895993947982788,-0.0938298,false,false,true,false,,artifact_d518f523a2e36d1a,artifact_b1bc00ba814bd7d4,artifact_99c92772ecec2a21,artifact_9dd13633bc771f36,,artifact_ea7152eddc5ff20e,def_31661a0f5daed0ceafbc,1.0,ok,
vf_2b633530dc06,pair_000164,targeted_pgd_facenet_verification,facenet-pytorch/InceptionResnetV1,vggface2,source_3b3b33593a36,target_6d0d6f90d03e,0.01,0.001,10,0.47966246581077576,0.19368895888328552,0.7715429067611694,True,True,False,true,true,jpeg,transform,"{""quality"":75}",artifact_reload,0.64781165,0.64769673,true,true,false,true,0.0014,artifact_99112c87e694a769,artifact_a181abfb3977433f,artifact_e2add11db72a0f61,artifact_3be579196214d7dc,artifact_7c93fd5c49b325c0,artifact_31043febf295e8f5,def_fdf51ae7f2d81c8e0de2,1.0,ok,
vf_2b633530dc06,pair_000164,targeted_pgd_facenet_verification,facenet-pytorch/InceptionResnetV1,vggface2,source_3b3b33593a36,target_6d0d6f90d03e,0.01,0.001,10,0.47966246581077576,0.19368895888328552,0.7715429067611694,True,True,False,true,true,smoothing,transform,"{""radius"":3.0}",artifact_reload,0.64781165,0.40512404,false,false,true,false,0.0013,artifact_99112c87e694a769,artifact_a181abfb3977433f,artifact_e2add11db72a0f61,artifact_3be579196214d7dc,artifact_c2ae17fd17adac16,artifact_31043febf295e8f5,def_b71083298e388b534ca7,1.0,ok,
vf_2b633530dc06,pair_000164,targeted_pgd_facenet_verification,facenet-pytorch/InceptionResnetV1,vggface2,source_3b3b33593a36,target_6d0d6f90d03e,0.01,0.001,10,0.47966246581077576,0.19368895888328552,0.7715429067611694,True,True,False,true,true,bitdepth,transform,"{""bits"":4}",artifact_reload,0.64781165,0.55822247,true,true,false,true,0.0007,artifact_99112c87e694a769,artifact_a181abfb3977433f,artifact_e2add11db72a0f61,artifact_3be579196214d7dc,artifact_abf636fd5933848d,artifact_31043febf295e8f5,def_b6d8e9749c39d97b0a6e,1.0,ok,
vf_2b633530dc06,pair_000164,targeted_pgd_facenet_verification,facenet-pytorch/InceptionResnetV1,vggface2,source_3b3b33593a36,target_6d0d6f90d03e,0.01,0.001,10,0.47966246581077576,0.19368895888328552,0.7715429067611694,True,True,False,true,true,adv_training,trained,"{""epochs"":5,""lr"":1e-05,""margin"":0.15}",legacy_record,0.7715429067611694,0.24044818,false,false,true,false,,artifact_99112c87e694a769,artifact_a181abfb3977433f,artifact_e2add11db72a0f61,artifact_3be579196214d7dc,,artifact_ea7152eddc5ff20e,def_cf4990e4c39584940e8f,1.0,ok,
vf_5f9215622b13,pair_000167,targeted_pgd_facenet_verification,facenet-pytorch/InceptionResnetV1,vggface2,source_b82940bb25ca,target_3b63f0fe705d,0.01,0.001,10,0.47966246581077576,0.08470536768436432,0.6169680953025818,True,True,False,true,true,jpeg,transform,"{""quality"":75}",artifact_reload,0.48630953,0.48610228,true,true,false,true,0.0013,artifact_31c7948bbe3b8061,artifact_c0efdab06f616770,artifact_6f7b4e2b49dd49e5,artifact_3fbefd3a915a1617,artifact_cbb45a0fd371854f,artifact_31043febf295e8f5,def_b7865707bc22d0fea8bf,1.0,ok,
vf_5f9215622b13,pair_000167,targeted_pgd_facenet_verification,facenet-pytorch/InceptionResnetV1,vggface2,source_b82940bb25ca,target_3b63f0fe705d,0.01,0.001,10,0.47966246581077576,0.08470536768436432,0.6169680953025818,True,True,False,true,true,smoothing,transform,"{""radius"":3.0}",artifact_reload,0.48630953,0.03400593,false,false,true,false,0.0014,artifact_31c7948bbe3b8061,artifact_c0efdab06f616770,artifact_6f7b4e2b49dd49e5,artifact_3fbefd3a915a1617,artifact_1a393445127454d5,artifact_31043febf295e8f5,def_2fa7e945f128a2cbf36f,1.0,ok,
vf_5f9215622b13,pair_000167,targeted_pgd_facenet_verification,facenet-pytorch/InceptionResnetV1,vggface2,source_b82940bb25ca,target_3b63f0fe705d,0.01,0.001,10,0.47966246581077576,0.08470536768436432,0.6169680953025818,True,True,False,true,true,bitdepth,transform,"{""bits"":4}",artifact_reload,0.48630953,0.41790983,false,false,true,false,0.0008,artifact_31c7948bbe3b8061,artifact_c0efdab06f616770,artifact_6f7b4e2b49dd49e5,artifact_3fbefd3a915a1617,artifact_7e29d31f27f5ca7a,artifact_31043febf295e8f5,def_7c37b4b37fb2ede39af7,1.0,ok,
vf_5f9215622b13,pair_000167,targeted_pgd_facenet_verification,facenet-pytorch/InceptionResnetV1,vggface2,source_b82940bb25ca,target_3b63f0fe705d,0.01,0.001,10,0.47966246581077576,0.08470536768436432,0.6169680953025818,True,True,False,true,true,adv_training,trained,"{""epochs"":5,""lr"":1e-05,""margin"":0.15}",legacy_record,0.6169680953025818,0.29983175,false,false,true,false,,artifact_31c7948bbe3b8061,artifact_c0efdab06f616770,artifact_6f7b4e2b49dd49e5,artifact_3fbefd3a915a1617,,artifact_ea7152eddc5ff20e,def_982dd7a6407d670b93ba,1.0,ok,
vf_b17c86a3ea19,pair_000170,targeted_pgd_facenet_verification,facenet-pytorch/InceptionResnetV1,vggface2,source_4008c321c1f3,target_056bbd32291f,0.01,0.001,10,0.47966246581077576,0.14778810739517212,0.6151353120803833,True,True,False,true,true,jpeg,transform,"{""quality"":75}",artifact_reload,0.50978082,0.50855875,true,true,false,true,0.0012,artifact_176c3b9f55199acd,artifact_6533d27dbddd51d1,artifact_5ebcaa545d2dc162,artifact_e52d2d16d065b08b,artifact_a83ea455f6fb3908,artifact_31043febf295e8f5,def_c76f097e8e07f033598d,1.0,ok,
vf_b17c86a3ea19,pair_000170,targeted_pgd_facenet_verification,facenet-pytorch/InceptionResnetV1,vggface2,source_4008c321c1f3,target_056bbd32291f,0.01,0.001,10,0.47966246581077576,0.14778810739517212,0.6151353120803833,True,True,False,true,true,smoothing,transform,"{""radius"":3.0}",artifact_reload,0.50978082,0.20244148,false,false,true,false,0.0013,artifact_176c3b9f55199acd,artifact_6533d27dbddd51d1,artifact_5ebcaa545d2dc162,artifact_e52d2d16d065b08b,artifact_74b350161e0b3fa3,artifact_31043febf295e8f5,def_0dc4af10427eb69019c6,1.0,ok,
vf_b17c86a3ea19,pair_000170,targeted_pgd_facenet_verification,facenet-pytorch/InceptionResnetV1,vggface2,source_4008c321c1f3,target_056bbd32291f,0.01,0.001,10,0.47966246581077576,0.14778810739517212,0.6151353120803833,True,True,False,true,true,bitdepth,transform,"{""bits"":4}",artifact_reload,0.50978082,0.4384391,false,false,true,false,0.0008,artifact_176c3b9f55199acd,artifact_6533d27dbddd51d1,artifact_5ebcaa545d2dc162,artifact_e52d2d16d065b08b,artifact_a51842c4fb0b61ee,artifact_31043febf295e8f5,def_0fbc1f71b6cfb7af2795,1.0,ok,
vf_b17c86a3ea19,pair_000170,targeted_pgd_facenet_verification,facenet-pytorch/InceptionResnetV1,vggface2,source_4008c321c1f3,target_056bbd32291f,0.01,0.001,10,0.47966246581077576,0.14778810739517212,0.6151353120803833,True,True,False,true,true,adv_training,trained,"{""epochs"":5,""lr"":1e-05,""margin"":0.15}",legacy_record,0.6151353120803833,0.38264132,false,false,true,false,,artifact_176c3b9f55199acd,artifact_6533d27dbddd51d1,artifact_5ebcaa545d2dc162,artifact_e52d2d16d065b08b,,artifact_ea7152eddc5ff20e,def_83af1bb84653602d5d31,1.0,ok,
vf_f1d0486172a0,pair_000172,targeted_pgd_facenet_verification,facenet-pytorch/InceptionResnetV1,vggface2,source_3b3b33593a36,target_6d0d6f90d03e,0.01,0.001,10,0.47966246581077576,0.16956353187561035,0.7650293111801147,True,True,False,true,true,jpeg,transform,"{""quality"":75}",artifact_reload,0.68940109,0.68930745,true,true,false,true,0.0013,artifact_b341a554aef0ec6d,artifact_1edea079f7474cd8,artifact_c0d9a615e1e98a50,artifact_180c841f2b3471fe,artifact_bbe11cbe0dc65692,artifact_31043febf295e8f5,def_9c1795c4db1b9b1b28f1,1.0,ok,
vf_f1d0486172a0,pair_000172,targeted_pgd_facenet_verification,facenet-pytorch/InceptionResnetV1,vggface2,source_3b3b33593a36,target_6d0d6f90d03e,0.01,0.001,10,0.47966246581077576,0.16956353187561035,0.7650293111801147,True,True,False,true,true,smoothing,transform,"{""radius"":3.0}",artifact_reload,0.68940109,0.37493145,false,false,true,false,0.0017,artifact_b341a554aef0ec6d,artifact_1edea079f7474cd8,artifact_c0d9a615e1e98a50,artifact_180c841f2b3471fe,artifact_d8eee1f348b34061,artifact_31043febf295e8f5,def_3c705fefef0849a3a576,1.0,ok,
vf_f1d0486172a0,pair_000172,targeted_pgd_facenet_verification,facenet-pytorch/InceptionResnetV1,vggface2,source_3b3b33593a36,target_6d0d6f90d03e,0.01,0.001,10,0.47966246581077576,0.16956353187561035,0.7650293111801147,True,True,False,true,true,bitdepth,transform,"{""bits"":4}",artifact_reload,0.68940109,0.6228205,true,true,false,true,0.0007,artifact_b341a554aef0ec6d,artifact_1edea079f7474cd8,artifact_c0d9a615e1e98a50,artifact_180c841f2b3471fe,artifact_7361d560fd2cc56b,artifact_31043febf295e8f5,def_aad84bd107fa651ffcd2,1.0,ok,
vf_f1d0486172a0,pair_000172,targeted_pgd_facenet_verification,facenet-pytorch/InceptionResnetV1,vggface2,source_3b3b33593a36,target_6d0d6f90d03e,0.01,0.001,10,0.47966246581077576,0.16956353187561035,0.7650293111801147,True,True,False,true,true,adv_training,trained,"{""epochs"":5,""lr"":1e-05,""margin"":0.15}",legacy_record,0.7650293111801147,-0.00891548,false,false,true,false,,artifact_b341a554aef0ec6d,artifact_1edea079f7474cd8,artifact_c0d9a615e1e98a50,artifact_180c841f2b3471fe,,artifact_ea7152eddc5ff20e,def_cca8dad723b55856572d,1.0,ok,
vf_5fefae7baf11,pair_000173,targeted_pgd_facenet_verification,facenet-pytorch/InceptionResnetV1,vggface2,source_c65c3c2f694d,target_3b63f0fe705d,0.01,0.001,10,0.47966246581077576,0.24413633346557617,0.6518185138702393,True,True,False,true,true,jpeg,transform,"{""quality"":75}",artifact_reload,0.58810425,0.58777529,true,true,false,true,0.0013,artifact_155d09f91e073322,artifact_564fe5490b2a3f3e,artifact_3f441b801da8aa6a,artifact_99b58a5c8e61b327,artifact_fdf2406193fccacc,artifact_31043febf295e8f5,def_6e23fd9aa642d6bfdaf7,1.0,ok,
vf_5fefae7baf11,pair_000173,targeted_pgd_facenet_verification,facenet-pytorch/InceptionResnetV1,vggface2,source_c65c3c2f694d,target_3b63f0fe705d,0.01,0.001,10,0.47966246581077576,0.24413633346557617,0.6518185138702393,True,True,False,true,true,smoothing,transform,"{""radius"":3.0}",artifact_reload,0.58810425,0.23296548,false,false,true,false,0.0016,artifact_155d09f91e073322,artifact_564fe5490b2a3f3e,artifact_3f441b801da8aa6a,artifact_99b58a5c8e61b327,artifact_e49054b988fe3d47,artifact_31043febf295e8f5,def_a100d8dd964775b01896,1.0,ok,
vf_5fefae7baf11,pair_000173,targeted_pgd_facenet_verification,facenet-pytorch/InceptionResnetV1,vggface2,source_c65c3c2f694d,target_3b63f0fe705d,0.01,0.001,10,0.47966246581077576,0.24413633346557617,0.6518185138702393,True,True,False,true,true,bitdepth,transform,"{""bits"":4}",artifact_reload,0.58810425,0.55689478,true,true,false,true,0.0007,artifact_155d09f91e073322,artifact_564fe5490b2a3f3e,artifact_3f441b801da8aa6a,artifact_99b58a5c8e61b327,artifact_f041a6463a20d469,artifact_31043febf295e8f5,def_1e589e7a86659c644499,1.0,ok,
vf_5fefae7baf11,pair_000173,targeted_pgd_facenet_verification,facenet-pytorch/InceptionResnetV1,vggface2,source_c65c3c2f694d,target_3b63f0fe705d,0.01,0.001,10,0.47966246581077576,0.24413633346557617,0.6518185138702393,True,True,False,true,true,adv_training,trained,"{""epochs"":5,""lr"":1e-05,""margin"":0.15}",legacy_record,0.6518185138702393,-0.09209318,false,false,true,false,,artifact_155d09f91e073322,artifact_564fe5490b2a3f3e,artifact_3f441b801da8aa6a,artifact_99b58a5c8e61b327,,artifact_ea7152eddc5ff20e,def_dc4ffdbb54b99a75c1e7,1.0,ok,
vf_6929e956eb55,pair_000174,targeted_pgd_facenet_verification,facenet-pytorch/InceptionResnetV1,vggface2,source_27656f3b65b8,target_5356319edd8e,0.01,0.001,10,0.47966246581077576,0.05099835246801376,0.5045754909515381,True,True,False,false,false,jpeg,transform,"{""quality"":75}",artifact_reload,0.40261775,0.40392333,false,false,false,false,0.0012,artifact_48c2f2c2d5df9d88,artifact_3ca652fef55b6977,artifact_577ff2532fe30e6b,artifact_b247baab01632bc4,artifact_aa31d8a0d68dd70c,artifact_31043febf295e8f5,def_3702d550481c9db6b913,1.0,ok,
vf_6929e956eb55,pair_000174,targeted_pgd_facenet_verification,facenet-pytorch/InceptionResnetV1,vggface2,source_27656f3b65b8,target_5356319edd8e,0.01,0.001,10,0.47966246581077576,0.05099835246801376,0.5045754909515381,True,True,False,false,false,smoothing,transform,"{""radius"":3.0}",artifact_reload,0.40261775,0.18861878,false,false,false,false,0.0016,artifact_48c2f2c2d5df9d88,artifact_3ca652fef55b6977,artifact_577ff2532fe30e6b,artifact_b247baab01632bc4,artifact_25b14702bcbce105,artifact_31043febf295e8f5,def_6b72afe4dc34009b1645,1.0,ok,
vf_6929e956eb55,pair_000174,targeted_pgd_facenet_verification,facenet-pytorch/InceptionResnetV1,vggface2,source_27656f3b65b8,target_5356319edd8e,0.01,0.001,10,0.47966246581077576,0.05099835246801376,0.5045754909515381,True,True,False,false,false,bitdepth,transform,"{""bits"":4}",artifact_reload,0.40261775,0.3578082,false,false,false,false,0.0007,artifact_48c2f2c2d5df9d88,artifact_3ca652fef55b6977,artifact_577ff2532fe30e6b,artifact_b247baab01632bc4,artifact_846e1a1742699a5c,artifact_31043febf295e8f5,def_4d28e09fa538616c7a05,1.0,ok,
vf_6929e956eb55,pair_000174,targeted_pgd_facenet_verification,facenet-pytorch/InceptionResnetV1,vggface2,source_27656f3b65b8,target_5356319edd8e,0.01,0.001,10,0.47966246581077576,0.05099835246801376,0.5045754909515381,True,True,False,true,true,adv_training,trained,"{""epochs"":5,""lr"":1e-05,""margin"":0.15}",legacy_record,0.5045754909515381,-0.00924952,false,false,true,false,,artifact_48c2f2c2d5df9d88,artifact_3ca652fef55b6977,artifact_577ff2532fe30e6b,artifact_b247baab01632bc4,,artifact_ea7152eddc5ff20e,def_5044121d4fdfd89cee9b,1.0,ok,
vf_d6bbc36eb3a1,pair_000175,targeted_pgd_facenet_verification,facenet-pytorch/InceptionResnetV1,vggface2,source_16254f944d43,target_5356319edd8e,0.01,0.001,10,0.47966246581077576,0.21243226528167725,0.7196261882781982,True,True,False,true,true,jpeg,transform,"{""quality"":75}",artifact_reload,0.62649572,0.62603158,true,true,false,true,0.0014,artifact_d79565ca37ea9aac,artifact_c277b8454c28c1a1,artifact_dedd84aef0c1b55a,artifact_d63c4ad5dcdc68cd,artifact_151079547e720d17,artifact_31043febf295e8f5,def_3b9e14e0357610594a30,1.0,ok,
vf_d6bbc36eb3a1,pair_000175,targeted_pgd_facenet_verification,facenet-pytorch/InceptionResnetV1,vggface2,source_16254f944d43,target_5356319edd8e,0.01,0.001,10,0.47966246581077576,0.21243226528167725,0.7196261882781982,True,True,False,true,true,smoothing,transform,"{""radius"":3.0}",artifact_reload,0.62649572,-0.16642193,false,false,true,false,0.0016,artifact_d79565ca37ea9aac,artifact_c277b8454c28c1a1,artifact_dedd84aef0c1b55a,artifact_d63c4ad5dcdc68cd,artifact_b9e4e0a2219ea274,artifact_31043febf295e8f5,def_d6801a243f51413024f7,1.0,ok,
vf_d6bbc36eb3a1,pair_000175,targeted_pgd_facenet_verification,facenet-pytorch/InceptionResnetV1,vggface2,source_16254f944d43,target_5356319edd8e,0.01,0.001,10,0.47966246581077576,0.21243226528167725,0.7196261882781982,True,True,False,true,true,bitdepth,transform,"{""bits"":4}",artifact_reload,0.62649572,0.60353202,true,true,false,true,0.0007,artifact_d79565ca37ea9aac,artifact_c277b8454c28c1a1,artifact_dedd84aef0c1b55a,artifact_d63c4ad5dcdc68cd,artifact_ee926c45dab8bcac,artifact_31043febf295e8f5,def_09a0d859f359f6b6298d,1.0,ok,
vf_d6bbc36eb3a1,pair_000175,targeted_pgd_facenet_verification,facenet-pytorch/InceptionResnetV1,vggface2,source_16254f944d43,target_5356319edd8e,0.01,0.001,10,0.47966246581077576,0.21243226528167725,0.7196261882781982,True,True,False,true,true,adv_training,trained,"{""epochs"":5,""lr"":1e-05,""margin"":0.15}",legacy_record,0.7196261882781982,0.1306387,false,false,true,false,,artifact_d79565ca37ea9aac,artifact_c277b8454c28c1a1,artifact_dedd84aef0c1b55a,artifact_d63c4ad5dcdc68cd,,artifact_ea7152eddc5ff20e,def_032d3c76dd4d6f7e2fc2,1.0,ok,
vf_e57b102395f1,pair_000176,targeted_pgd_facenet_verification,facenet-pytorch/InceptionResnetV1,vggface2,source_9a4dba119416,target_952b25972fe5,0.01,0.001,10,0.47966246581077576,0.009940795600414276,0.6455390453338623,True,True,False,true,true,jpeg,transform,"{""quality"":75}",artifact_reload,0.542292,0.54224038,true,true,false,true,0.0016,artifact_2379efdcf012d38c,artifact_bd11ea95e7f8562f,artifact_61a4a3fb91a30249,artifact_a1963189b05773c8,artifact_ff0189d3d44ebdf6,artifact_31043febf295e8f5,def_7aeaed173ea6370ed2ea,1.0,ok,
vf_e57b102395f1,pair_000176,targeted_pgd_facenet_verification,facenet-pytorch/InceptionResnetV1,vggface2,source_9a4dba119416,target_952b25972fe5,0.01,0.001,10,0.47966246581077576,0.009940795600414276,0.6455390453338623,True,True,False,true,true,smoothing,transform,"{""radius"":3.0}",artifact_reload,0.542292,0.00131458,false,false,true,false,0.0014,artifact_2379efdcf012d38c,artifact_bd11ea95e7f8562f,artifact_61a4a3fb91a30249,artifact_a1963189b05773c8,artifact_d355b7473dacd894,artifact_31043febf295e8f5,def_42228af099d7aa071a50,1.0,ok,
vf_e57b102395f1,pair_000176,targeted_pgd_facenet_verification,facenet-pytorch/InceptionResnetV1,vggface2,source_9a4dba119416,target_952b25972fe5,0.01,0.001,10,0.47966246581077576,0.009940795600414276,0.6455390453338623,True,True,False,true,true,bitdepth,transform,"{""bits"":4}",artifact_reload,0.542292,0.45040393,false,false,true,false,0.0008,artifact_2379efdcf012d38c,artifact_bd11ea95e7f8562f,artifact_61a4a3fb91a30249,artifact_a1963189b05773c8,artifact_7f3634b744669ccd,artifact_31043febf295e8f5,def_e612d0665c60c5dd5d2c,1.0,ok,
vf_e57b102395f1,pair_000176,targeted_pgd_facenet_verification,facenet-pytorch/InceptionResnetV1,vggface2,source_9a4dba119416,target_952b25972fe5,0.01,0.001,10,0.47966246581077576,0.009940795600414276,0.6455390453338623,True,True,False,true,true,adv_training,trained,"{""epochs"":5,""lr"":1e-05,""margin"":0.15}",legacy_record,0.6455390453338623,0.54123199,true,true,false,true,,artifact_2379efdcf012d38c,artifact_bd11ea95e7f8562f,artifact_61a4a3fb91a30249,artifact_a1963189b05773c8,,artifact_ea7152eddc5ff20e,def_3067024ddd88f2d01e78,1.0,ok,
vf_6de98ee3f79f,pair_000177,targeted_pgd_facenet_verification,facenet-pytorch/InceptionResnetV1,vggface2,source_9a4dba119416,target_6d0d6f90d03e,0.01,0.001,10,0.47966246581077576,0.17093873023986816,0.5572605133056641,True,True,False,true,true,jpeg,transform,"{""quality"":75}",artifact_reload,0.48942947,0.48940021,true,true,false,true,0.0014,artifact_b309e753885b117f,artifact_b4c67b53d645697e,artifact_a9889a7d4dd0d9d5,artifact_b4c4febaca70ace0,artifact_78f166303504d9ab,artifact_31043febf295e8f5,def_ececcf97ab8d01a7ce81,1.0,ok,
vf_6de98ee3f79f,pair_000177,targeted_pgd_facenet_verification,facenet-pytorch/InceptionResnetV1,vggface2,source_9a4dba119416,target_6d0d6f90d03e,0.01,0.001,10,0.47966246581077576,0.17093873023986816,0.5572605133056641,True,True,False,true,true,smoothing,transform,"{""radius"":3.0}",artifact_reload,0.48942947,0.23389848,false,false,true,false,0.0014,artifact_b309e753885b117f,artifact_b4c67b53d645697e,artifact_a9889a7d4dd0d9d5,artifact_b4c4febaca70ace0,artifact_6ef44db5c1165567,artifact_31043febf295e8f5,def_cee59e0203783493ec96,1.0,ok,
vf_6de98ee3f79f,pair_000177,targeted_pgd_facenet_verification,facenet-pytorch/InceptionResnetV1,vggface2,source_9a4dba119416,target_6d0d6f90d03e,0.01,0.001,10,0.47966246581077576,0.17093873023986816,0.5572605133056641,True,True,False,true,true,bitdepth,transform,"{""bits"":4}",artifact_reload,0.48942947,0.42827529,false,false,true,false,0.0007,artifact_b309e753885b117f,artifact_b4c67b53d645697e,artifact_a9889a7d4dd0d9d5,artifact_b4c4febaca70ace0,artifact_77fa600122ae0816,artifact_31043febf295e8f5,def_41419cf782ceab1ff18c,1.0,ok,
vf_6de98ee3f79f,pair_000177,targeted_pgd_facenet_verification,facenet-pytorch/InceptionResnetV1,vggface2,source_9a4dba119416,target_6d0d6f90d03e,0.01,0.001,10,0.47966246581077576,0.17093873023986816,0.5572605133056641,True,True,False,true,true,adv_training,trained,"{""epochs"":5,""lr"":1e-05,""margin"":0.15}",legacy_record,0.5572605133056641,-0.15702438,false,false,true,false,,artifact_b309e753885b117f,artifact_b4c67b53d645697e,artifact_a9889a7d4dd0d9d5,artifact_b4c4febaca70ace0,,artifact_ea7152eddc5ff20e,def_32abd6195262ccb6e2a1,1.0,ok,
vf_2322685d98ee,pair_000178,targeted_pgd_facenet_verification,facenet-pytorch/InceptionResnetV1,vggface2,source_9a4dba119416,target_056bbd32291f,0.01,0.001,10,0.47966246581077576,0.09481785446405411,0.55356764793396,True,True,False,true,true,jpeg,transform,"{""quality"":75}",artifact_reload,0.48146623,0.48155996,true,true,false,true,0.0012,artifact_0e4e8b776b8937d3,artifact_20e08b1657526e87,artifact_c345beb2a4692092,artifact_5ac3dae6ab21a8e1,artifact_c6b4287cd3c0d9ee,artifact_31043febf295e8f5,def_6452f99947d36951a99c,1.0,ok,
vf_2322685d98ee,pair_000178,targeted_pgd_facenet_verification,facenet-pytorch/InceptionResnetV1,vggface2,source_9a4dba119416,target_056bbd32291f,0.01,0.001,10,0.47966246581077576,0.09481785446405411,0.55356764793396,True,True,False,true,true,smoothing,transform,"{""radius"":3.0}",artifact_reload,0.48146623,-0.03087128,false,false,true,false,0.0013,artifact_0e4e8b776b8937d3,artifact_20e08b1657526e87,artifact_c345beb2a4692092,artifact_5ac3dae6ab21a8e1,artifact_cd2490ab816b73f1,artifact_31043febf295e8f5,def_4983ebe3ae0760666b82,1.0,ok,
vf_2322685d98ee,pair_000178,targeted_pgd_facenet_verification,facenet-pytorch/InceptionResnetV1,vggface2,source_9a4dba119416,target_056bbd32291f,0.01,0.001,10,0.47966246581077576,0.09481785446405411,0.55356764793396,True,True,False,true,true,bitdepth,transform,"{""bits"":4}",artifact_reload,0.48146623,0.40990222,false,false,true,false,0.0008,artifact_0e4e8b776b8937d3,artifact_20e08b1657526e87,artifact_c345beb2a4692092,artifact_5ac3dae6ab21a8e1,artifact_02995420481227b0,artifact_31043febf295e8f5,def_530ae958b1e1e6708db1,1.0,ok,
vf_2322685d98ee,pair_000178,targeted_pgd_facenet_verification,facenet-pytorch/InceptionResnetV1,vggface2,source_9a4dba119416,target_056bbd32291f,0.01,0.001,10,0.47966246581077576,0.09481785446405411,0.55356764793396,True,True,False,true,true,adv_training,trained,"{""epochs"":5,""lr"":1e-05,""margin"":0.15}",legacy_record,0.55356764793396,0.30632913,false,false,true,false,,artifact_0e4e8b776b8937d3,artifact_20e08b1657526e87,artifact_c345beb2a4692092,artifact_5ac3dae6ab21a8e1,,artifact_ea7152eddc5ff20e,def_3df9c900a82ce2b952fa,1.0,ok,
vf_706e2b75254c,pair_000184,targeted_pgd_facenet_verification,facenet-pytorch/InceptionResnetV1,vggface2,source_ebc43d3edd78,target_056bbd32291f,0.01,0.001,10,0.47966246581077576,0.3401437997817993,0.8522152304649353,True,True,False,true,true,jpeg,transform,"{""quality"":75}",artifact_reload,0.78762037,0.78738391,true,true,false,true,0.0015,artifact_1c9d6e018a2b3d5a,artifact_5c97c666c1dbbb49,artifact_ecaac278b8533129,artifact_155e177acce9776c,artifact_c82901b461b9e260,artifact_31043febf295e8f5,def_d0b9cabd74df9f3279ee,1.0,ok,
vf_706e2b75254c,pair_000184,targeted_pgd_facenet_verification,facenet-pytorch/InceptionResnetV1,vggface2,source_ebc43d3edd78,target_056bbd32291f,0.01,0.001,10,0.47966246581077576,0.3401437997817993,0.8522152304649353,True,True,False,true,true,smoothing,transform,"{""radius"":3.0}",artifact_reload,0.78762037,0.37116882,false,false,true,false,0.0013,artifact_1c9d6e018a2b3d5a,artifact_5c97c666c1dbbb49,artifact_ecaac278b8533129,artifact_155e177acce9776c,artifact_4a201def3e5e0b35,artifact_31043febf295e8f5,def_87f66b1debea414c9914,1.0,ok,
vf_706e2b75254c,pair_000184,targeted_pgd_facenet_verification,facenet-pytorch/InceptionResnetV1,vggface2,source_ebc43d3edd78,target_056bbd32291f,0.01,0.001,10,0.47966246581077576,0.3401437997817993,0.8522152304649353,True,True,False,true,true,bitdepth,transform,"{""bits"":4}",artifact_reload,0.78762037,0.74831247,true,true,false,true,0.0008,artifact_1c9d6e018a2b3d5a,artifact_5c97c666c1dbbb49,artifact_ecaac278b8533129,artifact_155e177acce9776c,artifact_a6aa5f3a7365405c,artifact_31043febf295e8f5,def_c10d94c24d6763384ca1,1.0,ok,
vf_706e2b75254c,pair_000184,targeted_pgd_facenet_verification,facenet-pytorch/InceptionResnetV1,vggface2,source_ebc43d3edd78,target_056bbd32291f,0.01,0.001,10,0.47966246581077576,0.3401437997817993,0.8522152304649353,True,True,False,true,true,adv_training,trained,"{""epochs"":5,""lr"":1e-05,""margin"":0.15}",legacy_record,0.8522152304649353,0.18696235,false,false,true,false,,artifact_1c9d6e018a2b3d5a,artifact_5c97c666c1dbbb49,artifact_ecaac278b8533129,artifact_155e177acce9776c,,artifact_ea7152eddc5ff20e,def_b56af4c7a5ebe695835f,1.0,ok,
vf_27cbdaa2d10a,pair_000186,targeted_pgd_facenet_verification,facenet-pytorch/InceptionResnetV1,vggface2,source_b82940bb25ca,target_3b63f0fe705d,0.01,0.001,10,0.47966246581077576,0.06618127226829529,0.5532379150390625,True,True,False,false,false,jpeg,transform,"{""quality"":75}",artifact_reload,0.4388282,0.43879771,false,false,false,false,0.0012,artifact_70eca350d2d4f68d,artifact_5ddb6bbedf90d852,artifact_bee8a7e786f2a125,artifact_0a220dc25f9774b0,artifact_5cdea305bf8136ed,artifact_31043febf295e8f5,def_b99bf2d9669ded235ffb,1.0,ok,
vf_27cbdaa2d10a,pair_000186,targeted_pgd_facenet_verification,facenet-pytorch/InceptionResnetV1,vggface2,source_b82940bb25ca,target_3b63f0fe705d,0.01,0.001,10,0.47966246581077576,0.06618127226829529,0.5532379150390625,True,True,False,false,false,smoothing,transform,"{""radius"":3.0}",artifact_reload,0.4388282,0.21737693,false,false,false,false,0.0014,artifact_70eca350d2d4f68d,artifact_5ddb6bbedf90d852,artifact_bee8a7e786f2a125,artifact_0a220dc25f9774b0,artifact_ad0607657079d851,artifact_31043febf295e8f5,def_e61ea8e9382e364da5b9,1.0,ok,
vf_27cbdaa2d10a,pair_000186,targeted_pgd_facenet_verification,facenet-pytorch/InceptionResnetV1,vggface2,source_b82940bb25ca,target_3b63f0fe705d,0.01,0.001,10,0.47966246581077576,0.06618127226829529,0.5532379150390625,True,True,False,false,false,bitdepth,transform,"{""bits"":4}",artifact_reload,0.4388282,0.41222775,false,false,false,false,0.0008,artifact_70eca350d2d4f68d,artifact_5ddb6bbedf90d852,artifact_bee8a7e786f2a125,artifact_0a220dc25f9774b0,artifact_16ee68a46f39b68f,artifact_31043febf295e8f5,def_4cbff8a859dcd76435f9,1.0,ok,
vf_27cbdaa2d10a,pair_000186,targeted_pgd_facenet_verification,facenet-pytorch/InceptionResnetV1,vggface2,source_b82940bb25ca,target_3b63f0fe705d,0.01,0.001,10,0.47966246581077576,0.06618127226829529,0.5532379150390625,True,True,False,true,true,adv_training,trained,"{""epochs"":5,""lr"":1e-05,""margin"":0.15}",legacy_record,0.5532379150390625,0.46233758,false,false,true,false,,artifact_70eca350d2d4f68d,artifact_5ddb6bbedf90d852,artifact_bee8a7e786f2a125,artifact_0a220dc25f9774b0,,artifact_ea7152eddc5ff20e,def_6b87b09cb2dafebdf508,1.0,ok,
vf_34c04a49a43f,pair_000190,targeted_pgd_facenet_verification,facenet-pytorch/InceptionResnetV1,vggface2,source_ebc43d3edd78,target_056bbd32291f,0.01,0.001,10,0.47966246581077576,0.16867852210998535,0.7278584241867065,True,True,False,true,true,jpeg,transform,"{""quality"":75}",artifact_reload,0.62508571,0.62521791,true,true,false,true,0.0012,artifact_24d45ea458fcae5e,artifact_d86bbaf21af72815,artifact_8e503fa01941e6a4,artifact_c946c8c54d39481d,artifact_900c6f45e2874c4b,artifact_31043febf295e8f5,def_4c15b5c1a4ad961245e5,1.0,ok,
vf_34c04a49a43f,pair_000190,targeted_pgd_facenet_verification,facenet-pytorch/InceptionResnetV1,vggface2,source_ebc43d3edd78,target_056bbd32291f,0.01,0.001,10,0.47966246581077576,0.16867852210998535,0.7278584241867065,True,True,False,true,true,smoothing,transform,"{""radius"":3.0}",artifact_reload,0.62508571,-0.05385878,false,false,true,false,0.0014,artifact_24d45ea458fcae5e,artifact_d86bbaf21af72815,artifact_8e503fa01941e6a4,artifact_c946c8c54d39481d,artifact_84514bf072365810,artifact_31043febf295e8f5,def_d1d942729400cd5c9677,1.0,ok,
vf_34c04a49a43f,pair_000190,targeted_pgd_facenet_verification,facenet-pytorch/InceptionResnetV1,vggface2,source_ebc43d3edd78,target_056bbd32291f,0.01,0.001,10,0.47966246581077576,0.16867852210998535,0.7278584241867065,True,True,False,true,true,bitdepth,transform,"{""bits"":4}",artifact_reload,0.62508571,0.55588037,true,true,false,true,0.0007,artifact_24d45ea458fcae5e,artifact_d86bbaf21af72815,artifact_8e503fa01941e6a4,artifact_c946c8c54d39481d,artifact_69da36ed83e91cfd,artifact_31043febf295e8f5,def_3a40383d78ad68bfcc4d,1.0,ok,
vf_34c04a49a43f,pair_000190,targeted_pgd_facenet_verification,facenet-pytorch/InceptionResnetV1,vggface2,source_ebc43d3edd78,target_056bbd32291f,0.01,0.001,10,0.47966246581077576,0.16867852210998535,0.7278584241867065,True,True,False,true,true,adv_training,trained,"{""epochs"":5,""lr"":1e-05,""margin"":0.15}",legacy_record,0.7278584241867065,0.10848874,false,false,true,false,,artifact_24d45ea458fcae5e,artifact_d86bbaf21af72815,artifact_8e503fa01941e6a4,artifact_c946c8c54d39481d,,artifact_ea7152eddc5ff20e,def_87755d95c28e83b1edf3,1.0,ok,
vf_8fd0ba6d5a59,pair_000191,targeted_pgd_facenet_verification,facenet-pytorch/InceptionResnetV1,vggface2,source_c65c3c2f694d,target_3b63f0fe705d,0.01,0.001,10,0.47966246581077576,0.32002243399620056,0.6424180269241333,True,True,False,true,true,jpeg,transform,"{""quality"":75}",artifact_reload,0.58670843,0.58663785,true,true,false,true,0.0014,artifact_360f085c50df79bc,artifact_798eeac839c8f398,artifact_a0f6e68a53b0d331,artifact_265e89d53ebe5b70,artifact_aa0b32661b87923d,artifact_31043febf295e8f5,def_48ad8dca64bf6aace0e3,1.0,ok,
vf_8fd0ba6d5a59,pair_000191,targeted_pgd_facenet_verification,facenet-pytorch/InceptionResnetV1,vggface2,source_c65c3c2f694d,target_3b63f0fe705d,0.01,0.001,10,0.47966246581077576,0.32002243399620056,0.6424180269241333,True,True,False,true,true,smoothing,transform,"{""radius"":3.0}",artifact_reload,0.58670843,0.31525251,false,false,true,false,0.0014,artifact_360f085c50df79bc,artifact_798eeac839c8f398,artifact_a0f6e68a53b0d331,artifact_265e89d53ebe5b70,artifact_f088b3ff33a1adef,artifact_31043febf295e8f5,def_09012aaf1bf107e006c5,1.0,ok,
vf_8fd0ba6d5a59,pair_000191,targeted_pgd_facenet_verification,facenet-pytorch/InceptionResnetV1,vggface2,source_c65c3c2f694d,target_3b63f0fe705d,0.01,0.001,10,0.47966246581077576,0.32002243399620056,0.6424180269241333,True,True,False,true,true,bitdepth,transform,"{""bits"":4}",artifact_reload,0.58670843,0.55523783,true,true,false,true,0.0007,artifact_360f085c50df79bc,artifact_798eeac839c8f398,artifact_a0f6e68a53b0d331,artifact_265e89d53ebe5b70,artifact_11121e9dec85d162,artifact_31043febf295e8f5,def_5a8cbc91e5f7a50a0737,1.0,ok,
vf_8fd0ba6d5a59,pair_000191,targeted_pgd_facenet_verification,facenet-pytorch/InceptionResnetV1,vggface2,source_c65c3c2f694d,target_3b63f0fe705d,0.01,0.001,10,0.47966246581077576,0.32002243399620056,0.6424180269241333,True,True,False,true,true,adv_training,trained,"{""epochs"":5,""lr"":1e-05,""margin"":0.15}",legacy_record,0.6424180269241333,0.24934547,false,false,true,false,,artifact_360f085c50df79bc,artifact_798eeac839c8f398,artifact_a0f6e68a53b0d331,artifact_265e89d53ebe5b70,,artifact_ea7152eddc5ff20e,def_8e0684ac1baf0049b87f,1.0,ok,
vf_6a63f157f962,pair_000192,targeted_pgd_facenet_verification,facenet-pytorch/InceptionResnetV1,vggface2,source_6eda93227392,target_03259d71c4a4,0.01,0.001,10,0.47966246581077576,0.23458966612815857,0.7150100469589233,True,True,False,true,true,jpeg,transform,"{""quality"":75}",artifact_reload,0.6222719,0.62264335,true,true,false,true,0.0013,artifact_357da420b96b0d43,artifact_69827de4b16b5516,artifact_eeefa596464eb75a,artifact_97b49fcb640f2b5f,artifact_e587e043fd12a4d6,artifact_31043febf295e8f5,def_a7db42962e8d80e2d371,1.0,ok,
vf_6a63f157f962,pair_000192,targeted_pgd_facenet_verification,facenet-pytorch/InceptionResnetV1,vggface2,source_6eda93227392,target_03259d71c4a4,0.01,0.001,10,0.47966246581077576,0.23458966612815857,0.7150100469589233,True,True,False,true,true,smoothing,transform,"{""radius"":3.0}",artifact_reload,0.6222719,0.23323497,false,false,true,false,0.0013,artifact_357da420b96b0d43,artifact_69827de4b16b5516,artifact_eeefa596464eb75a,artifact_97b49fcb640f2b5f,artifact_b8a7328f076129a8,artifact_31043febf295e8f5,def_bba9960a7e3d504f3d13,1.0,ok,
vf_6a63f157f962,pair_000192,targeted_pgd_facenet_verification,facenet-pytorch/InceptionResnetV1,vggface2,source_6eda93227392,target_03259d71c4a4,0.01,0.001,10,0.47966246581077576,0.23458966612815857,0.7150100469589233,True,True,False,true,true,bitdepth,transform,"{""bits"":4}",artifact_reload,0.6222719,0.56345934,true,true,false,true,0.0007,artifact_357da420b96b0d43,artifact_69827de4b16b5516,artifact_eeefa596464eb75a,artifact_97b49fcb640f2b5f,artifact_a54e663cad38f313,artifact_31043febf295e8f5,def_cf1a081f65eff691e5bd,1.0,ok,
vf_6a63f157f962,pair_000192,targeted_pgd_facenet_verification,facenet-pytorch/InceptionResnetV1,vggface2,source_6eda93227392,target_03259d71c4a4,0.01,0.001,10,0.47966246581077576,0.23458966612815857,0.7150100469589233,True,True,False,true,true,adv_training,trained,"{""epochs"":5,""lr"":1e-05,""margin"":0.15}",legacy_record,0.7150100469589233,0.08172741,false,false,true,false,,artifact_357da420b96b0d43,artifact_69827de4b16b5516,artifact_eeefa596464eb75a,artifact_97b49fcb640f2b5f,,artifact_ea7152eddc5ff20e,def_35ff762395bb84c4eace,1.0,ok,
vf_fc3d91e52d0c,pair_000193,targeted_pgd_facenet_verification,facenet-pytorch/InceptionResnetV1,vggface2,source_ebc43d3edd78,target_5356319edd8e,0.01,0.001,10,0.47966246581077576,0.18537792563438416,0.7103397846221924,True,True,False,true,true,jpeg,transform,"{""quality"":75}",artifact_reload,0.60694122,0.60669273,true,true,false,true,0.0012,artifact_a3797df7c6cb69ba,artifact_6dcf27ebae56eef4,artifact_bd8196b9c7fe79b8,artifact_83939282007ad5e1,artifact_d90a50f500621249,artifact_31043febf295e8f5,def_dd6d74e5f9073b1001a1,1.0,ok,
vf_fc3d91e52d0c,pair_000193,targeted_pgd_facenet_verification,facenet-pytorch/InceptionResnetV1,vggface2,source_ebc43d3edd78,target_5356319edd8e,0.01,0.001,10,0.47966246581077576,0.18537792563438416,0.7103397846221924,True,True,False,true,true,smoothing,transform,"{""radius"":3.0}",artifact_reload,0.60694122,-0.19881627,false,false,true,false,0.0013,artifact_a3797df7c6cb69ba,artifact_6dcf27ebae56eef4,artifact_bd8196b9c7fe79b8,artifact_83939282007ad5e1,artifact_55c53b5a4fd042a2,artifact_31043febf295e8f5,def_403fbf067eab614f5f2d,1.0,ok,
vf_fc3d91e52d0c,pair_000193,targeted_pgd_facenet_verification,facenet-pytorch/InceptionResnetV1,vggface2,source_ebc43d3edd78,target_5356319edd8e,0.01,0.001,10,0.47966246581077576,0.18537792563438416,0.7103397846221924,True,True,False,true,true,bitdepth,transform,"{""bits"":4}",artifact_reload,0.60694122,0.5630393,true,true,false,true,0.0008,artifact_a3797df7c6cb69ba,artifact_6dcf27ebae56eef4,artifact_bd8196b9c7fe79b8,artifact_83939282007ad5e1,artifact_5b2157dd5de9d2f6,artifact_31043febf295e8f5,def_b766f90a6bc035e1ee5c,1.0,ok,
vf_fc3d91e52d0c,pair_000193,targeted_pgd_facenet_verification,facenet-pytorch/InceptionResnetV1,vggface2,source_ebc43d3edd78,target_5356319edd8e,0.01,0.001,10,0.47966246581077576,0.18537792563438416,0.7103397846221924,True,True,False,true,true,adv_training,trained,"{""epochs"":5,""lr"":1e-05,""margin"":0.15}",legacy_record,0.7103397846221924,0.14290382,false,false,true,false,,artifact_a3797df7c6cb69ba,artifact_6dcf27ebae56eef4,artifact_bd8196b9c7fe79b8,artifact_83939282007ad5e1,,artifact_ea7152eddc5ff20e,def_22770894606900033c36,1.0,ok,
vf_c5ad29a93239,pair_000196,targeted_pgd_facenet_verification,facenet-pytorch/InceptionResnetV1,vggface2,source_4008c321c1f3,target_f279b767b25d,0.01,0.001,10,0.47966246581077576,0.0858793631196022,0.5972987413406372,True,True,False,true,true,jpeg,transform,"{""quality"":75}",artifact_reload,0.4919723,0.49178779,true,true,false,true,0.0012,artifact_af191a6836bbb801,artifact_3df24e1a4c0d0e0d,artifact_3cdae10845d6391b,artifact_836d3884d333ae63,artifact_fd15f506decd6c80,artifact_31043febf295e8f5,def_c1378afe5685d812a0eb,1.0,ok,
vf_c5ad29a93239,pair_000196,targeted_pgd_facenet_verification,facenet-pytorch/InceptionResnetV1,vggface2,source_4008c321c1f3,target_f279b767b25d,0.01,0.001,10,0.47966246581077576,0.0858793631196022,0.5972987413406372,True,True,False,true,true,smoothing,transform,"{""radius"":3.0}",artifact_reload,0.4919723,0.01663755,false,false,true,false,0.0015,artifact_af191a6836bbb801,artifact_3df24e1a4c0d0e0d,artifact_3cdae10845d6391b,artifact_836d3884d333ae63,artifact_714c01302a4f0595,artifact_31043febf295e8f5,def_c1ff47003eaf25106c20,1.0,ok,
vf_c5ad29a93239,pair_000196,targeted_pgd_facenet_verification,facenet-pytorch/InceptionResnetV1,vggface2,source_4008c321c1f3,target_f279b767b25d,0.01,0.001,10,0.47966246581077576,0.0858793631196022,0.5972987413406372,True,True,False,true,true,bitdepth,transform,"{""bits"":4}",artifact_reload,0.4919723,0.44352925,false,false,true,false,0.0008,artifact_af191a6836bbb801,artifact_3df24e1a4c0d0e0d,artifact_3cdae10845d6391b,artifact_836d3884d333ae63,artifact_32463840926a5617,artifact_31043febf295e8f5,def_5af990d1000848f30fc9,1.0,ok,
vf_c5ad29a93239,pair_000196,targeted_pgd_facenet_verification,facenet-pytorch/InceptionResnetV1,vggface2,source_4008c321c1f3,target_f279b767b25d,0.01,0.001,10,0.47966246581077576,0.0858793631196022,0.5972987413406372,True,True,False,true,true,adv_training,trained,"{""epochs"":5,""lr"":1e-05,""margin"":0.15}",legacy_record,0.5972987413406372,-0.03046697,false,false,true,false,,artifact_af191a6836bbb801,artifact_3df24e1a4c0d0e0d,artifact_3cdae10845d6391b,artifact_836d3884d333ae63,,artifact_ea7152eddc5ff20e,def_f432d632ec026ac1142a,1.0,ok,
vf_fb9fc409e7cd,pair_000197,targeted_pgd_facenet_verification,facenet-pytorch/InceptionResnetV1,vggface2,source_c65c3c2f694d,target_056bbd32291f,0.01,0.001,10,0.47966246581077576,0.1945665031671524,0.6128577589988708,True,True,False,true,true,jpeg,transform,"{""quality"":75}",artifact_reload,0.52741891,0.527457,true,true,false,true,0.0012,artifact_cbc361a99da7d2be,artifact_f37e11784c8d24ab,artifact_cfd920e8fc5e9174,artifact_91c06ac008599562,artifact_841ac0ee5c14557a,artifact_31043febf295e8f5,def_335ca25ac87b8180d5ef,1.0,ok,
vf_fb9fc409e7cd,pair_000197,targeted_pgd_facenet_verification,facenet-pytorch/InceptionResnetV1,vggface2,source_c65c3c2f694d,target_056bbd32291f,0.01,0.001,10,0.47966246581077576,0.1945665031671524,0.6128577589988708,True,True,False,true,true,smoothing,transform,"{""radius"":3.0}",artifact_reload,0.52741891,0.30957794,false,false,true,false,0.0014,artifact_cbc361a99da7d2be,artifact_f37e11784c8d24ab,artifact_cfd920e8fc5e9174,artifact_91c06ac008599562,artifact_a9bc6271dbcde9f5,artifact_31043febf295e8f5,def_9832bc2baf2db4761f8e,1.0,ok,
vf_fb9fc409e7cd,pair_000197,targeted_pgd_facenet_verification,facenet-pytorch/InceptionResnetV1,vggface2,source_c65c3c2f694d,target_056bbd32291f,0.01,0.001,10,0.47966246581077576,0.1945665031671524,0.6128577589988708,True,True,False,true,true,bitdepth,transform,"{""bits"":4}",artifact_reload,0.52741891,0.51268548,true,true,false,true,0.0007,artifact_cbc361a99da7d2be,artifact_f37e11784c8d24ab,artifact_cfd920e8fc5e9174,artifact_91c06ac008599562,artifact_7298101e44e262aa,artifact_31043febf295e8f5,def_a9ac9ae00f5d23854aab,1.0,ok,
vf_fb9fc409e7cd,pair_000197,targeted_pgd_facenet_verification,facenet-pytorch/InceptionResnetV1,vggface2,source_c65c3c2f694d,target_056bbd32291f,0.01,0.001,10,0.47966246581077576,0.1945665031671524,0.6128577589988708,True,True,False,true,true,adv_training,trained,"{""epochs"":5,""lr"":1e-05,""margin"":0.15}",legacy_record,0.6128577589988708,0.13414106,false,false,true,false,,artifact_cbc361a99da7d2be,artifact_f37e11784c8d24ab,artifact_cfd920e8fc5e9174,artifact_91c06ac008599562,,artifact_ea7152eddc5ff20e,def_c0af2b48ae71b203e635,1.0,ok,
vf_6be53278bc7b,pair_000198,targeted_pgd_facenet_verification,facenet-pytorch/InceptionResnetV1,vggface2,source_9a4dba119416,target_bbb0daa338ba,0.01,0.001,10,0.47966246581077576,-0.16434818506240845,0.5586450099945068,True,True,False,false,false,jpeg,transform,"{""quality"":75}",artifact_reload,0.4424099,0.44227329,false,false,false,false,0.0013,artifact_94b3b0704c439c86,artifact_649a7c5b24dd380d,artifact_9ccab3e6fef05a63,artifact_30e2ebe993faf4d9,artifact_781b362bd13fc158,artifact_31043febf295e8f5,def_41153ca91a08ccd06a6a,1.0,ok,
vf_6be53278bc7b,pair_000198,targeted_pgd_facenet_verification,facenet-pytorch/InceptionResnetV1,vggface2,source_9a4dba119416,target_bbb0daa338ba,0.01,0.001,10,0.47966246581077576,-0.16434818506240845,0.5586450099945068,True,True,False,false,false,smoothing,transform,"{""radius"":3.0}",artifact_reload,0.4424099,0.07167419,false,false,false,false,0.0015,artifact_94b3b0704c439c86,artifact_649a7c5b24dd380d,artifact_9ccab3e6fef05a63,artifact_30e2ebe993faf4d9,artifact_23a69e8ecde378e7,artifact_31043febf295e8f5,def_4b29ec4e2d3a5093de56,1.0,ok,
vf_6be53278bc7b,pair_000198,targeted_pgd_facenet_verification,facenet-pytorch/InceptionResnetV1,vggface2,source_9a4dba119416,target_bbb0daa338ba,0.01,0.001,10,0.47966246581077576,-0.16434818506240845,0.5586450099945068,True,True,False,false,false,bitdepth,transform,"{""bits"":4}",artifact_reload,0.4424099,0.35638112,false,false,false,false,0.0007,artifact_94b3b0704c439c86,artifact_649a7c5b24dd380d,artifact_9ccab3e6fef05a63,artifact_30e2ebe993faf4d9,artifact_82b063da8148b314,artifact_31043febf295e8f5,def_0ecca5ace30e5e821a5e,1.0,ok,
vf_6be53278bc7b,pair_000198,targeted_pgd_facenet_verification,facenet-pytorch/InceptionResnetV1,vggface2,source_9a4dba119416,target_bbb0daa338ba,0.01,0.001,10,0.47966246581077576,-0.16434818506240845,0.5586450099945068,True,True,False,true,true,adv_training,trained,"{""epochs"":5,""lr"":1e-05,""margin"":0.15}",legacy_record,0.5586450099945068,0.17073011,false,false,true,false,,artifact_94b3b0704c439c86,artifact_649a7c5b24dd380d,artifact_9ccab3e6fef05a63,artifact_30e2ebe993faf4d9,,artifact_ea7152eddc5ff20e,def_61222b901182fc3842d7,1.0,ok,
vf_0e5d5858de2b,pair_000199,targeted_pgd_facenet_verification,facenet-pytorch/InceptionResnetV1,vggface2,source_ebc43d3edd78,target_952b25972fe5,0.01,0.001,10,0.47966246581077576,0.16628426313400269,0.5872421264648438,True,True,False,true,true,jpeg,transform,"{""quality"":75}",artifact_reload,0.51396734,0.51476502,true,true,false,true,0.0014,artifact_aa6641afd0a60e68,artifact_806e88b7acf21558,artifact_44098a5cec295c79,artifact_9349b69c5e51697c,artifact_d7e297ff1be09617,artifact_31043febf295e8f5,def_edac49cd8cd3f5bde9ab,1.0,ok,
vf_0e5d5858de2b,pair_000199,targeted_pgd_facenet_verification,facenet-pytorch/InceptionResnetV1,vggface2,source_ebc43d3edd78,target_952b25972fe5,0.01,0.001,10,0.47966246581077576,0.16628426313400269,0.5872421264648438,True,True,False,true,true,smoothing,transform,"{""radius"":3.0}",artifact_reload,0.51396734,0.00333965,false,false,true,false,0.0015,artifact_aa6641afd0a60e68,artifact_806e88b7acf21558,artifact_44098a5cec295c79,artifact_9349b69c5e51697c,artifact_a254db54ee294042,artifact_31043febf295e8f5,def_8a657baffa34780db510,1.0,ok,
vf_0e5d5858de2b,pair_000199,targeted_pgd_facenet_verification,facenet-pytorch/InceptionResnetV1,vggface2,source_ebc43d3edd78,target_952b25972fe5,0.01,0.001,10,0.47966246581077576,0.16628426313400269,0.5872421264648438,True,True,False,true,true,bitdepth,transform,"{""bits"":4}",artifact_reload,0.51396734,0.48881245,true,true,false,true,0.0008,artifact_aa6641afd0a60e68,artifact_806e88b7acf21558,artifact_44098a5cec295c79,artifact_9349b69c5e51697c,artifact_0a2bdc35c74d9aa0,artifact_31043febf295e8f5,def_2a4a6fa155dc4f60ba1a,1.0,ok,
vf_0e5d5858de2b,pair_000199,targeted_pgd_facenet_verification,facenet-pytorch/InceptionResnetV1,vggface2,source_ebc43d3edd78,target_952b25972fe5,0.01,0.001,10,0.47966246581077576,0.16628426313400269,0.5872421264648438,True,True,False,true,true,adv_training,trained,"{""epochs"":5,""lr"":1e-05,""margin"":0.15}",legacy_record,0.5872421264648438,0.22052018,false,false,true,false,,artifact_aa6641afd0a60e68,artifact_806e88b7acf21558,artifact_44098a5cec295c79,artifact_9349b69c5e51697c,,artifact_ea7152eddc5ff20e,def_13950e910e6d799de715,1.0,ok,
vf_93abc506fb23,pair_000201,targeted_pgd_facenet_verification,facenet-pytorch/InceptionResnetV1,vggface2,source_9a4dba119416,target_f279b767b25d,0.01,0.001,10,0.47966246581077576,0.20822519063949585,0.7027390003204346,True,True,False,true,true,jpeg,transform,"{""quality"":75}",artifact_reload,0.61170793,0.61115766,true,true,false,true,0.0013,artifact_b0688c862f3385c1,artifact_ddd2136ff9f5bfa3,artifact_fa76efaa7481240a,artifact_628dfba5956a376f,artifact_0b35f9385f40c00f,artifact_31043febf295e8f5,def_fb08eac089747da7c926,1.0,ok,
vf_93abc506fb23,pair_000201,targeted_pgd_facenet_verification,facenet-pytorch/InceptionResnetV1,vggface2,source_9a4dba119416,target_f279b767b25d,0.01,0.001,10,0.47966246581077576,0.20822519063949585,0.7027390003204346,True,True,False,true,true,smoothing,transform,"{""radius"":3.0}",artifact_reload,0.61170793,0.18317963,false,false,true,false,0.0013,artifact_b0688c862f3385c1,artifact_ddd2136ff9f5bfa3,artifact_fa76efaa7481240a,artifact_628dfba5956a376f,artifact_3f3429774ba5e625,artifact_31043febf295e8f5,def_87b37d2005e4e2ae9155,1.0,ok,
vf_93abc506fb23,pair_000201,targeted_pgd_facenet_verification,facenet-pytorch/InceptionResnetV1,vggface2,source_9a4dba119416,target_f279b767b25d,0.01,0.001,10,0.47966246581077576,0.20822519063949585,0.7027390003204346,True,True,False,true,true,bitdepth,transform,"{""bits"":4}",artifact_reload,0.61170793,0.57990885,true,true,false,true,0.0008,artifact_b0688c862f3385c1,artifact_ddd2136ff9f5bfa3,artifact_fa76efaa7481240a,artifact_628dfba5956a376f,artifact_ce534ecb4512bd04,artifact_31043febf295e8f5,def_265cd3bd82e3c7795495,1.0,ok,
vf_93abc506fb23,pair_000201,targeted_pgd_facenet_verification,facenet-pytorch/InceptionResnetV1,vggface2,source_9a4dba119416,target_f279b767b25d,0.01,0.001,10,0.47966246581077576,0.20822519063949585,0.7027390003204346,True,True,False,true,true,adv_training,trained,"{""epochs"":5,""lr"":1e-05,""margin"":0.15}",legacy_record,0.7027390003204346,0.04170964,false,false,true,false,,artifact_b0688c862f3385c1,artifact_ddd2136ff9f5bfa3,artifact_fa76efaa7481240a,artifact_628dfba5956a376f,,artifact_ea7152eddc5ff20e,def_1349e6b8906a045c1a96,1.0,ok,
vf_fac2e7818510,pair_000206,targeted_pgd_facenet_verification,facenet-pytorch/InceptionResnetV1,vggface2,source_6eda93227392,target_5356319edd8e,0.01,0.001,10,0.47966246581077576,0.44168901443481445,0.91066575050354,True,True,False,true,true,jpeg,transform,"{""quality"":75}",artifact_reload,0.85301054,0.8531478,true,true,false,true,0.0013,artifact_067565ca492ad4e5,artifact_a23e3458e509dc04,artifact_c667112ad4f2b726,artifact_74f9f61ec413d66c,artifact_1321de317aa4c204,artifact_31043febf295e8f5,def_4e34145bdadd2d979fe9,1.0,ok,
vf_fac2e7818510,pair_000206,targeted_pgd_facenet_verification,facenet-pytorch/InceptionResnetV1,vggface2,source_6eda93227392,target_5356319edd8e,0.01,0.001,10,0.47966246581077576,0.44168901443481445,0.91066575050354,True,True,False,true,true,smoothing,transform,"{""radius"":3.0}",artifact_reload,0.85301054,0.29682451,false,false,true,false,0.0014,artifact_067565ca492ad4e5,artifact_a23e3458e509dc04,artifact_c667112ad4f2b726,artifact_74f9f61ec413d66c,artifact_121b872a73ebb161,artifact_31043febf295e8f5,def_11d51bc0999a041e9196,1.0,ok,
vf_fac2e7818510,pair_000206,targeted_pgd_facenet_verification,facenet-pytorch/InceptionResnetV1,vggface2,source_6eda93227392,target_5356319edd8e,0.01,0.001,10,0.47966246581077576,0.44168901443481445,0.91066575050354,True,True,False,true,true,bitdepth,transform,"{""bits"":4}",artifact_reload,0.85301054,0.82247365,true,true,false,true,0.0007,artifact_067565ca492ad4e5,artifact_a23e3458e509dc04,artifact_c667112ad4f2b726,artifact_74f9f61ec413d66c,artifact_34d6d4cc475391ca,artifact_31043febf295e8f5,def_790f530171e1490c1090,1.0,ok,
vf_fac2e7818510,pair_000206,targeted_pgd_facenet_verification,facenet-pytorch/InceptionResnetV1,vggface2,source_6eda93227392,target_5356319edd8e,0.01,0.001,10,0.47966246581077576,0.44168901443481445,0.91066575050354,True,True,False,true,true,adv_training,trained,"{""epochs"":5,""lr"":1e-05,""margin"":0.15}",legacy_record,0.91066575050354,0.3677291,false,false,true,false,,artifact_067565ca492ad4e5,artifact_a23e3458e509dc04,artifact_c667112ad4f2b726,artifact_74f9f61ec413d66c,,artifact_ea7152eddc5ff20e,def_f23de9f5f17009c4da7c,1.0,ok,
vf_13d5d3fae321,pair_000208,targeted_pgd_facenet_verification,facenet-pytorch/InceptionResnetV1,vggface2,source_ebc43d3edd78,target_f279b767b25d,0.01,0.001,10,0.47966246581077576,0.20576512813568115,0.6704524159431458,True,True,False,true,true,jpeg,transform,"{""quality"":75}",artifact_reload,0.57804531,0.57809675,true,true,false,true,0.0015,artifact_d2d057fe38662ac4,artifact_b4226e0ba18787ce,artifact_8e2ede54d4476069,artifact_ff27795c2fa49169,artifact_7929fc80783aefdd,artifact_31043febf295e8f5,def_bc910b5c48cb0bad31e9,1.0,ok,
vf_13d5d3fae321,pair_000208,targeted_pgd_facenet_verification,facenet-pytorch/InceptionResnetV1,vggface2,source_ebc43d3edd78,target_f279b767b25d,0.01,0.001,10,0.47966246581077576,0.20576512813568115,0.6704524159431458,True,True,False,true,true,smoothing,transform,"{""radius"":3.0}",artifact_reload,0.57804531,-0.02386486,false,false,true,false,0.0013,artifact_d2d057fe38662ac4,artifact_b4226e0ba18787ce,artifact_8e2ede54d4476069,artifact_ff27795c2fa49169,artifact_ab9a72120a610582,artifact_31043febf295e8f5,def_d30f54d8d2ac1b36f9e4,1.0,ok,
vf_13d5d3fae321,pair_000208,targeted_pgd_facenet_verification,facenet-pytorch/InceptionResnetV1,vggface2,source_ebc43d3edd78,target_f279b767b25d,0.01,0.001,10,0.47966246581077576,0.20576512813568115,0.6704524159431458,True,True,False,true,true,bitdepth,transform,"{""bits"":4}",artifact_reload,0.57804531,0.52201599,true,true,false,true,0.0007,artifact_d2d057fe38662ac4,artifact_b4226e0ba18787ce,artifact_8e2ede54d4476069,artifact_ff27795c2fa49169,artifact_347a80cfd2911a76,artifact_31043febf295e8f5,def_2c6be6f54e3755852693,1.0,ok,
vf_13d5d3fae321,pair_000208,targeted_pgd_facenet_verification,facenet-pytorch/InceptionResnetV1,vggface2,source_ebc43d3edd78,target_f279b767b25d,0.01,0.001,10,0.47966246581077576,0.20576512813568115,0.6704524159431458,True,True,False,true,true,adv_training,trained,"{""epochs"":5,""lr"":1e-05,""margin"":0.15}",legacy_record,0.6704524159431458,-0.2285552,false,false,true,false,,artifact_d2d057fe38662ac4,artifact_b4226e0ba18787ce,artifact_8e2ede54d4476069,artifact_ff27795c2fa49169,,artifact_ea7152eddc5ff20e,def_8a6fa960f5149d16366d,1.0,ok,
vf_34d3aacf6835,pair_000209,targeted_pgd_facenet_verification,facenet-pytorch/InceptionResnetV1,vggface2,source_4008c321c1f3,target_bbb0daa338ba,0.01,0.001,10,0.47966246581077576,0.2542901635169983,0.7876735925674438,True,True,False,true,true,jpeg,transform,"{""quality"":75}",artifact_reload,0.69334275,0.69328374,true,true,false,true,0.0013,artifact_d5b90418ffebfeff,artifact_e84eae80ca21be3b,artifact_b45df93707b8f7bb,artifact_74e7806408daf584,artifact_7c1b3104eeba8414,artifact_31043febf295e8f5,def_4a95607f3fbb11dfb795,1.0,ok,
vf_34d3aacf6835,pair_000209,targeted_pgd_facenet_verification,facenet-pytorch/InceptionResnetV1,vggface2,source_4008c321c1f3,target_bbb0daa338ba,0.01,0.001,10,0.47966246581077576,0.2542901635169983,0.7876735925674438,True,True,False,true,true,smoothing,transform,"{""radius"":3.0}",artifact_reload,0.69334275,0.27185676,false,false,true,false,0.0013,artifact_d5b90418ffebfeff,artifact_e84eae80ca21be3b,artifact_b45df93707b8f7bb,artifact_74e7806408daf584,artifact_eba6d8d4eb074781,artifact_31043febf295e8f5,def_922080cde07546a7c1c6,1.0,ok,
vf_34d3aacf6835,pair_000209,targeted_pgd_facenet_verification,facenet-pytorch/InceptionResnetV1,vggface2,source_4008c321c1f3,target_bbb0daa338ba,0.01,0.001,10,0.47966246581077576,0.2542901635169983,0.7876735925674438,True,True,False,true,true,bitdepth,transform,"{""bits"":4}",artifact_reload,0.69334275,0.67475021,true,true,false,true,0.0007,artifact_d5b90418ffebfeff,artifact_e84eae80ca21be3b,artifact_b45df93707b8f7bb,artifact_74e7806408daf584,artifact_3dfde22facdb5947,artifact_31043febf295e8f5,def_4ea2370e886c088b076d,1.0,ok,
vf_34d3aacf6835,pair_000209,targeted_pgd_facenet_verification,facenet-pytorch/InceptionResnetV1,vggface2,source_4008c321c1f3,target_bbb0daa338ba,0.01,0.001,10,0.47966246581077576,0.2542901635169983,0.7876735925674438,True,True,False,true,true,adv_training,trained,"{""epochs"":5,""lr"":1e-05,""margin"":0.15}",legacy_record,0.7876735925674438,0.31037763,false,false,true,false,,artifact_d5b90418ffebfeff,artifact_e84eae80ca21be3b,artifact_b45df93707b8f7bb,artifact_74e7806408daf584,,artifact_ea7152eddc5ff20e,def_1829bcd6e39aebdb34bd,1.0,ok,
vf_7dba6446a3fd,pair_000210,targeted_pgd_facenet_verification,facenet-pytorch/InceptionResnetV1,vggface2,source_6eda93227392,target_b750d1d78860,0.01,0.001,10,0.47966246581077576,0.042424898594617844,0.6014293432235718,True,True,False,true,true,jpeg,transform,"{""quality"":75}",artifact_reload,0.48977059,0.48974279,true,true,false,true,0.0013,artifact_fcb1049eb92a017a,artifact_6428b151f7e6c68a,artifact_073521807b2ee2e0,artifact_649a7fbe8ae00162,artifact_47aa01ca481f5a46,artifact_31043febf295e8f5,def_a60468d4e4dfb70475aa,1.0,ok,
vf_7dba6446a3fd,pair_000210,targeted_pgd_facenet_verification,facenet-pytorch/InceptionResnetV1,vggface2,source_6eda93227392,target_b750d1d78860,0.01,0.001,10,0.47966246581077576,0.042424898594617844,0.6014293432235718,True,True,False,true,true,smoothing,transform,"{""radius"":3.0}",artifact_reload,0.48977059,-0.08228227,false,false,true,false,0.0013,artifact_fcb1049eb92a017a,artifact_6428b151f7e6c68a,artifact_073521807b2ee2e0,artifact_649a7fbe8ae00162,artifact_9114c40df1a228b9,artifact_31043febf295e8f5,def_ef2f0c442ab7d926be22,1.0,ok,
vf_7dba6446a3fd,pair_000210,targeted_pgd_facenet_verification,facenet-pytorch/InceptionResnetV1,vggface2,source_6eda93227392,target_b750d1d78860,0.01,0.001,10,0.47966246581077576,0.042424898594617844,0.6014293432235718,True,True,False,true,true,bitdepth,transform,"{""bits"":4}",artifact_reload,0.48977059,0.45680371,false,false,true,false,0.0007,artifact_fcb1049eb92a017a,artifact_6428b151f7e6c68a,artifact_073521807b2ee2e0,artifact_649a7fbe8ae00162,artifact_4036c806d2aa385a,artifact_31043febf295e8f5,def_c798a1df357011b8aa38,1.0,ok,
vf_7dba6446a3fd,pair_000210,targeted_pgd_facenet_verification,facenet-pytorch/InceptionResnetV1,vggface2,source_6eda93227392,target_b750d1d78860,0.01,0.001,10,0.47966246581077576,0.042424898594617844,0.6014293432235718,True,True,False,true,true,adv_training,trained,"{""epochs"":5,""lr"":1e-05,""margin"":0.15}",legacy_record,0.6014293432235718,0.24098076,false,false,true,false,,artifact_fcb1049eb92a017a,artifact_6428b151f7e6c68a,artifact_073521807b2ee2e0,artifact_649a7fbe8ae00162,,artifact_ea7152eddc5ff20e,def_0047364b49c2eb639a33,1.0,ok,
vf_87b25b3220a2,pair_000211,targeted_pgd_facenet_verification,facenet-pytorch/InceptionResnetV1,vggface2,source_16254f944d43,target_f279b767b25d,0.01,0.001,10,0.47966246581077576,0.14301392436027527,0.6437032222747803,True,True,False,true,true,jpeg,transform,"{""quality"":75}",artifact_reload,0.53028208,0.52981174,true,true,false,true,0.0014,artifact_ba482f19eedca386,artifact_363ee06af2ac260c,artifact_0f34c290645675b1,artifact_4e05a1d1fe47ce0c,artifact_7a7b0b0c7d8b30c3,artifact_31043febf295e8f5,def_6e513e4a5dc6829b4c30,1.0,ok,
vf_87b25b3220a2,pair_000211,targeted_pgd_facenet_verification,facenet-pytorch/InceptionResnetV1,vggface2,source_16254f944d43,target_f279b767b25d,0.01,0.001,10,0.47966246581077576,0.14301392436027527,0.6437032222747803,True,True,False,true,true,smoothing,transform,"{""radius"":3.0}",artifact_reload,0.53028208,0.13725896,false,false,true,false,0.0014,artifact_ba482f19eedca386,artifact_363ee06af2ac260c,artifact_0f34c290645675b1,artifact_4e05a1d1fe47ce0c,artifact_905768e22ce3b6d8,artifact_31043febf295e8f5,def_b5f17b3dac97626acbd4,1.0,ok,
vf_87b25b3220a2,pair_000211,targeted_pgd_facenet_verification,facenet-pytorch/InceptionResnetV1,vggface2,source_16254f944d43,target_f279b767b25d,0.01,0.001,10,0.47966246581077576,0.14301392436027527,0.6437032222747803,True,True,False,true,true,bitdepth,transform,"{""bits"":4}",artifact_reload,0.53028208,0.48197338,true,true,false,true,0.0007,artifact_ba482f19eedca386,artifact_363ee06af2ac260c,artifact_0f34c290645675b1,artifact_4e05a1d1fe47ce0c,artifact_fa431d7c51f036c0,artifact_31043febf295e8f5,def_3dd1cafdf75d084cc3fa,1.0,ok,
vf_87b25b3220a2,pair_000211,targeted_pgd_facenet_verification,facenet-pytorch/InceptionResnetV1,vggface2,source_16254f944d43,target_f279b767b25d,0.01,0.001,10,0.47966246581077576,0.14301392436027527,0.6437032222747803,True,True,False,true,true,adv_training,trained,"{""epochs"":5,""lr"":1e-05,""margin"":0.15}",legacy_record,0.6437032222747803,0.19759887,false,false,true,false,,artifact_ba482f19eedca386,artifact_363ee06af2ac260c,artifact_0f34c290645675b1,artifact_4e05a1d1fe47ce0c,,artifact_ea7152eddc5ff20e,def_18aa1b61955e6ea745e6,1.0,ok,
vf_be41f89ac067,pair_000002,targeted_pgd_facenet_verification,facenet-pytorch/InceptionResnetV1,vggface2,source_4008c321c1f3,target_03259d71c4a4,0.01,0.001,20,0.47966246581077576,0.25670093297958374,0.7556528449058533,True,True,False,true,true,jpeg,transform,"{""quality"":75}",artifact_reload,0.61463392,0.61361325,true,true,false,true,0.0014,artifact_731ee85df1bcc0b9,artifact_ea2a4c7a943b265b,artifact_1cab6d42a7c3e64c,artifact_2ff1933dfdcd9d40,artifact_de2491514d3668d3,artifact_31043febf295e8f5,def_7bb02917cfb91f790542,1.0,ok,
vf_be41f89ac067,pair_000002,targeted_pgd_facenet_verification,facenet-pytorch/InceptionResnetV1,vggface2,source_4008c321c1f3,target_03259d71c4a4,0.01,0.001,20,0.47966246581077576,0.25670093297958374,0.7556528449058533,True,True,False,true,true,smoothing,transform,"{""radius"":3.0}",artifact_reload,0.61463392,0.12443324,false,false,true,false,0.0013,artifact_731ee85df1bcc0b9,artifact_ea2a4c7a943b265b,artifact_1cab6d42a7c3e64c,artifact_2ff1933dfdcd9d40,artifact_708fccaa2bfbfa6e,artifact_31043febf295e8f5,def_d619767bddb21491395f,1.0,ok,
vf_be41f89ac067,pair_000002,targeted_pgd_facenet_verification,facenet-pytorch/InceptionResnetV1,vggface2,source_4008c321c1f3,target_03259d71c4a4,0.01,0.001,20,0.47966246581077576,0.25670093297958374,0.7556528449058533,True,True,False,true,true,bitdepth,transform,"{""bits"":4}",artifact_reload,0.61463392,0.56201303,true,true,false,true,0.0008,artifact_731ee85df1bcc0b9,artifact_ea2a4c7a943b265b,artifact_1cab6d42a7c3e64c,artifact_2ff1933dfdcd9d40,artifact_5d3ba5eced1a4082,artifact_31043febf295e8f5,def_c969f517e2e0b75c012a,1.0,ok,
vf_be41f89ac067,pair_000002,targeted_pgd_facenet_verification,facenet-pytorch/InceptionResnetV1,vggface2,source_4008c321c1f3,target_03259d71c4a4,0.01,0.001,20,0.47966246581077576,0.25670093297958374,0.7556528449058533,True,True,False,true,true,adv_training,trained,"{""epochs"":5,""lr"":1e-05,""margin"":0.15}",legacy_record,0.7556528449058533,0.02059584,false,false,true,false,,artifact_731ee85df1bcc0b9,artifact_ea2a4c7a943b265b,artifact_1cab6d42a7c3e64c,artifact_2ff1933dfdcd9d40,,artifact_ea7152eddc5ff20e,def_5c7591658e7e8f5e381c,1.0,ok,
vf_2b57f4beca06,pair_000004,targeted_pgd_facenet_verification,facenet-pytorch/InceptionResnetV1,vggface2,source_3b3b33593a36,target_3b63f0fe705d,0.01,0.001,20,0.47966246581077576,0.3230995237827301,0.7533535361289978,True,True,False,true,true,jpeg,transform,"{""quality"":75}",artifact_reload,0.64625371,0.64623749,true,true,false,true,0.0013,artifact_d98639cf375a107f,artifact_5c6185eb6dd446c7,artifact_522e634ca0ce6847,artifact_3135446d90426b5c,artifact_fb5c9627e01cc9a4,artifact_31043febf295e8f5,def_31642eaa35ca849deac2,1.0,ok,
vf_2b57f4beca06,pair_000004,targeted_pgd_facenet_verification,facenet-pytorch/InceptionResnetV1,vggface2,source_3b3b33593a36,target_3b63f0fe705d,0.01,0.001,20,0.47966246581077576,0.3230995237827301,0.7533535361289978,True,True,False,true,true,smoothing,transform,"{""radius"":3.0}",artifact_reload,0.64625371,0.44609547,false,false,true,false,0.0014,artifact_d98639cf375a107f,artifact_5c6185eb6dd446c7,artifact_522e634ca0ce6847,artifact_3135446d90426b5c,artifact_75e376ce2d501939,artifact_31043febf295e8f5,def_f851095133497f6e99ca,1.0,ok,
vf_2b57f4beca06,pair_000004,targeted_pgd_facenet_verification,facenet-pytorch/InceptionResnetV1,vggface2,source_3b3b33593a36,target_3b63f0fe705d,0.01,0.001,20,0.47966246581077576,0.3230995237827301,0.7533535361289978,True,True,False,true,true,bitdepth,transform,"{""bits"":4}",artifact_reload,0.64625371,0.6079843,true,true,false,true,0.0008,artifact_d98639cf375a107f,artifact_5c6185eb6dd446c7,artifact_522e634ca0ce6847,artifact_3135446d90426b5c,artifact_a60220616414def2,artifact_31043febf295e8f5,def_cb33ff09e534c32079f4,1.0,ok,
vf_2b57f4beca06,pair_000004,targeted_pgd_facenet_verification,facenet-pytorch/InceptionResnetV1,vggface2,source_3b3b33593a36,target_3b63f0fe705d,0.01,0.001,20,0.47966246581077576,0.3230995237827301,0.7533535361289978,True,True,False,true,true,adv_training,trained,"{""epochs"":5,""lr"":1e-05,""margin"":0.15}",legacy_record,0.7533535361289978,0.15393507,false,false,true,false,,artifact_d98639cf375a107f,artifact_5c6185eb6dd446c7,artifact_522e634ca0ce6847,artifact_3135446d90426b5c,,artifact_ea7152eddc5ff20e,def_47abb985413e9b57a2aa,1.0,ok,
vf_a60b00595fd9,pair_000005,targeted_pgd_facenet_verification,facenet-pytorch/InceptionResnetV1,vggface2,source_ebc43d3edd78,target_5356319edd8e,0.01,0.001,20,0.47966246581077576,-0.04813320189714432,0.6669520735740662,True,True,False,true,true,jpeg,transform,"{""quality"":75}",artifact_reload,0.50037992,0.50028574,true,true,false,true,0.0012,artifact_0775fb52f7839a08,artifact_52541b3e6278e06c,artifact_4b5704f8bc7ab06d,artifact_71d9ea5e2bab3a6f,artifact_4b131e4feda265e7,artifact_31043febf295e8f5,def_b8ccd2d6d382b2e0ff3e,1.0,ok,
vf_a60b00595fd9,pair_000005,targeted_pgd_facenet_verification,facenet-pytorch/InceptionResnetV1,vggface2,source_ebc43d3edd78,target_5356319edd8e,0.01,0.001,20,0.47966246581077576,-0.04813320189714432,0.6669520735740662,True,True,False,true,true,smoothing,transform,"{""radius"":3.0}",artifact_reload,0.50037992,0.07080293,false,false,true,false,0.0014,artifact_0775fb52f7839a08,artifact_52541b3e6278e06c,artifact_4b5704f8bc7ab06d,artifact_71d9ea5e2bab3a6f,artifact_989d91f6f06eb051,artifact_31043febf295e8f5,def_4861c15f7efabfe1649e,1.0,ok,
vf_a60b00595fd9,pair_000005,targeted_pgd_facenet_verification,facenet-pytorch/InceptionResnetV1,vggface2,source_ebc43d3edd78,target_5356319edd8e,0.01,0.001,20,0.47966246581077576,-0.04813320189714432,0.6669520735740662,True,True,False,true,true,bitdepth,transform,"{""bits"":4}",artifact_reload,0.50037992,0.43963766,false,false,true,false,0.0008,artifact_0775fb52f7839a08,artifact_52541b3e6278e06c,artifact_4b5704f8bc7ab06d,artifact_71d9ea5e2bab3a6f,artifact_e465b0e08045d1b4,artifact_31043febf295e8f5,def_4c65cee4822a87d42f72,1.0,ok,
vf_a60b00595fd9,pair_000005,targeted_pgd_facenet_verification,facenet-pytorch/InceptionResnetV1,vggface2,source_ebc43d3edd78,target_5356319edd8e,0.01,0.001,20,0.47966246581077576,-0.04813320189714432,0.6669520735740662,True,True,False,true,true,adv_training,trained,"{""epochs"":5,""lr"":1e-05,""margin"":0.15}",legacy_record,0.6669520735740662,0.08059794,false,false,true,false,,artifact_0775fb52f7839a08,artifact_52541b3e6278e06c,artifact_4b5704f8bc7ab06d,artifact_71d9ea5e2bab3a6f,,artifact_ea7152eddc5ff20e,def_8ac2494051a8f4422f6d,1.0,ok,
vf_0591f2a2c339,pair_000007,targeted_pgd_facenet_verification,facenet-pytorch/InceptionResnetV1,vggface2,source_b82940bb25ca,target_bbb0daa338ba,0.01,0.001,20,0.47966246581077576,0.3100721538066864,0.9590348601341248,True,True,False,true,true,jpeg,transform,"{""quality"":75}",artifact_reload,0.88146496,0.88125718,true,true,false,true,0.0012,artifact_733dd7646cd360f1,artifact_2059fb3adb87b3f8,artifact_2def3ffc80c7cf84,artifact_fbc8c0b0c2cc714f,artifact_d86b421d6772f081,artifact_31043febf295e8f5,def_9fca794d62bdbb8d827a,1.0,ok,
vf_0591f2a2c339,pair_000007,targeted_pgd_facenet_verification,facenet-pytorch/InceptionResnetV1,vggface2,source_b82940bb25ca,target_bbb0daa338ba,0.01,0.001,20,0.47966246581077576,0.3100721538066864,0.9590348601341248,True,True,False,true,true,smoothing,transform,"{""radius"":3.0}",artifact_reload,0.88146496,-0.00941913,false,false,true,false,0.0014,artifact_733dd7646cd360f1,artifact_2059fb3adb87b3f8,artifact_2def3ffc80c7cf84,artifact_fbc8c0b0c2cc714f,artifact_9d98a3081bf44920,artifact_31043febf295e8f5,def_0d1d2500107f5b43474c,1.0,ok,
vf_0591f2a2c339,pair_000007,targeted_pgd_facenet_verification,facenet-pytorch/InceptionResnetV1,vggface2,source_b82940bb25ca,target_bbb0daa338ba,0.01,0.001,20,0.47966246581077576,0.3100721538066864,0.9590348601341248,True,True,False,true,true,bitdepth,transform,"{""bits"":4}",artifact_reload,0.88146496,0.84430969,true,true,false,true,0.0007,artifact_733dd7646cd360f1,artifact_2059fb3adb87b3f8,artifact_2def3ffc80c7cf84,artifact_fbc8c0b0c2cc714f,artifact_9b40b196cc5bfc7e,artifact_31043febf295e8f5,def_808bdcbbcc7cd0700408,1.0,ok,
vf_0591f2a2c339,pair_000007,targeted_pgd_facenet_verification,facenet-pytorch/InceptionResnetV1,vggface2,source_b82940bb25ca,target_bbb0daa338ba,0.01,0.001,20,0.47966246581077576,0.3100721538066864,0.9590348601341248,True,True,False,true,true,adv_training,trained,"{""epochs"":5,""lr"":1e-05,""margin"":0.15}",legacy_record,0.9590348601341248,0.26163149,false,false,true,false,,artifact_733dd7646cd360f1,artifact_2059fb3adb87b3f8,artifact_2def3ffc80c7cf84,artifact_fbc8c0b0c2cc714f,,artifact_ea7152eddc5ff20e,def_49616b89c1f664062b27,1.0,ok,
vf_d6917f1f0a42,pair_000009,targeted_pgd_facenet_verification,facenet-pytorch/InceptionResnetV1,vggface2,source_3b3b33593a36,target_952b25972fe5,0.01,0.001,20,0.47966246581077576,0.23096619546413422,0.6980025768280029,True,True,False,true,true,jpeg,transform,"{""quality"":75}",artifact_reload,0.59695071,0.5948174,true,true,false,true,0.0015,artifact_319d55f9b693782d,artifact_d7f2d8aa81f7942e,artifact_a2e4514e50c94b31,artifact_37a2809136ed06e7,artifact_27a6a99c014aa12c,artifact_31043febf295e8f5,def_cc7b139f09b150913cdd,1.0,ok,
vf_d6917f1f0a42,pair_000009,targeted_pgd_facenet_verification,facenet-pytorch/InceptionResnetV1,vggface2,source_3b3b33593a36,target_952b25972fe5,0.01,0.001,20,0.47966246581077576,0.23096619546413422,0.6980025768280029,True,True,False,true,true,smoothing,transform,"{""radius"":3.0}",artifact_reload,0.59695071,0.11594774,false,false,true,false,0.0016,artifact_319d55f9b693782d,artifact_d7f2d8aa81f7942e,artifact_a2e4514e50c94b31,artifact_37a2809136ed06e7,artifact_7330d1bbaaa7f1b5,artifact_31043febf295e8f5,def_8d982e67c7c89e03cab3,1.0,ok,
vf_d6917f1f0a42,pair_000009,targeted_pgd_facenet_verification,facenet-pytorch/InceptionResnetV1,vggface2,source_3b3b33593a36,target_952b25972fe5,0.01,0.001,20,0.47966246581077576,0.23096619546413422,0.6980025768280029,True,True,False,true,true,bitdepth,transform,"{""bits"":4}",artifact_reload,0.59695071,0.50877851,true,true,false,true,0.0007,artifact_319d55f9b693782d,artifact_d7f2d8aa81f7942e,artifact_a2e4514e50c94b31,artifact_37a2809136ed06e7,artifact_974d1cb0636d2463,artifact_31043febf295e8f5,def_9f4498a9745676b291cc,1.0,ok,
vf_d6917f1f0a42,pair_000009,targeted_pgd_facenet_verification,facenet-pytorch/InceptionResnetV1,vggface2,source_3b3b33593a36,target_952b25972fe5,0.01,0.001,20,0.47966246581077576,0.23096619546413422,0.6980025768280029,True,True,False,true,true,adv_training,trained,"{""epochs"":5,""lr"":1e-05,""margin"":0.15}",legacy_record,0.6980025768280029,0.1263067,false,false,true,false,,artifact_319d55f9b693782d,artifact_d7f2d8aa81f7942e,artifact_a2e4514e50c94b31,artifact_37a2809136ed06e7,,artifact_ea7152eddc5ff20e,def_c0912528f1cf7fb4b59e,1.0,ok,
vf_959f46c9c7af,pair_000011,targeted_pgd_facenet_verification,facenet-pytorch/InceptionResnetV1,vggface2,source_ebc43d3edd78,target_5356319edd8e,0.01,0.001,20,0.47966246581077576,0.08974141627550125,0.68604576587677,True,True,False,true,true,jpeg,transform,"{""quality"":75}",artifact_reload,0.54770464,0.5475648,true,true,false,true,0.0013,artifact_a9fa55e5ed4807cc,artifact_baafbde6f589155a,artifact_7e90f9ca4f5bde11,artifact_15f4b5538a60bcd4,artifact_636468ab27007f7d,artifact_31043febf295e8f5,def_23248602f3f4c9572214,1.0,ok,
vf_959f46c9c7af,pair_000011,targeted_pgd_facenet_verification,facenet-pytorch/InceptionResnetV1,vggface2,source_ebc43d3edd78,target_5356319edd8e,0.01,0.001,20,0.47966246581077576,0.08974141627550125,0.68604576587677,True,True,False,true,true,smoothing,transform,"{""radius"":3.0}",artifact_reload,0.54770464,0.22270754,false,false,true,false,0.0013,artifact_a9fa55e5ed4807cc,artifact_baafbde6f589155a,artifact_7e90f9ca4f5bde11,artifact_15f4b5538a60bcd4,artifact_b40b3a0d6453480c,artifact_31043febf295e8f5,def_928d870e2e22a75d435e,1.0,ok,
vf_959f46c9c7af,pair_000011,targeted_pgd_facenet_verification,facenet-pytorch/InceptionResnetV1,vggface2,source_ebc43d3edd78,target_5356319edd8e,0.01,0.001,20,0.47966246581077576,0.08974141627550125,0.68604576587677,True,True,False,true,true,bitdepth,transform,"{""bits"":4}",artifact_reload,0.54770464,0.48639333,true,true,false,true,0.0007,artifact_a9fa55e5ed4807cc,artifact_baafbde6f589155a,artifact_7e90f9ca4f5bde11,artifact_15f4b5538a60bcd4,artifact_9113d445bb0cb993,artifact_31043febf295e8f5,def_935607151f1fb34ec53c,1.0,ok,
vf_959f46c9c7af,pair_000011,targeted_pgd_facenet_verification,facenet-pytorch/InceptionResnetV1,vggface2,source_ebc43d3edd78,target_5356319edd8e,0.01,0.001,20,0.47966246581077576,0.08974141627550125,0.68604576587677,True,True,False,true,true,adv_training,trained,"{""epochs"":5,""lr"":1e-05,""margin"":0.15}",legacy_record,0.68604576587677,0.30769539,false,false,true,false,,artifact_a9fa55e5ed4807cc,artifact_baafbde6f589155a,artifact_7e90f9ca4f5bde11,artifact_15f4b5538a60bcd4,,artifact_ea7152eddc5ff20e,def_545ba470a0afb42aff80,1.0,ok,
vf_26e61d74d27f,pair_000017,targeted_pgd_facenet_verification,facenet-pytorch/InceptionResnetV1,vggface2,source_16254f944d43,target_5356319edd8e,0.01,0.001,20,0.47966246581077576,0.2069093883037567,0.7338758707046509,True,True,False,true,true,jpeg,transform,"{""quality"":75}",artifact_reload,0.6393522,0.63936734,true,true,false,true,0.0012,artifact_4f05460efc49f9b0,artifact_f21ab51734b0092e,artifact_5e36466b1ca773b1,artifact_9a2fb9778ff0f8ca,artifact_7169aa8986c5c800,artifact_31043febf295e8f5,def_036ad526d374eefd7597,1.0,ok,
vf_26e61d74d27f,pair_000017,targeted_pgd_facenet_verification,facenet-pytorch/InceptionResnetV1,vggface2,source_16254f944d43,target_5356319edd8e,0.01,0.001,20,0.47966246581077576,0.2069093883037567,0.7338758707046509,True,True,False,true,true,smoothing,transform,"{""radius"":3.0}",artifact_reload,0.6393522,0.12067237,false,false,true,false,0.0013,artifact_4f05460efc49f9b0,artifact_f21ab51734b0092e,artifact_5e36466b1ca773b1,artifact_9a2fb9778ff0f8ca,artifact_0f406209d313ea4b,artifact_31043febf295e8f5,def_e9b9dc0dbb7c08110688,1.0,ok,
vf_26e61d74d27f,pair_000017,targeted_pgd_facenet_verification,facenet-pytorch/InceptionResnetV1,vggface2,source_16254f944d43,target_5356319edd8e,0.01,0.001,20,0.47966246581077576,0.2069093883037567,0.7338758707046509,True,True,False,true,true,bitdepth,transform,"{""bits"":4}",artifact_reload,0.6393522,0.5902428,true,true,false,true,0.0007,artifact_4f05460efc49f9b0,artifact_f21ab51734b0092e,artifact_5e36466b1ca773b1,artifact_9a2fb9778ff0f8ca,artifact_dcfb02be69481613,artifact_31043febf295e8f5,def_d1a7f941d0dd641063ce,1.0,ok,
vf_26e61d74d27f,pair_000017,targeted_pgd_facenet_verification,facenet-pytorch/InceptionResnetV1,vggface2,source_16254f944d43,target_5356319edd8e,0.01,0.001,20,0.47966246581077576,0.2069093883037567,0.7338758707046509,True,True,False,true,true,adv_training,trained,"{""epochs"":5,""lr"":1e-05,""margin"":0.15}",legacy_record,0.7338758707046509,0.28864205,false,false,true,false,,artifact_4f05460efc49f9b0,artifact_f21ab51734b0092e,artifact_5e36466b1ca773b1,artifact_9a2fb9778ff0f8ca,,artifact_ea7152eddc5ff20e,def_41737524d955a549c081,1.0,ok,
vf_42a4f8a1f5fe,pair_000022,targeted_pgd_facenet_verification,facenet-pytorch/InceptionResnetV1,vggface2,source_ea9c6f198674,target_f279b767b25d,0.01,0.001,20,0.47966246581077576,0.10973245650529861,0.6252254843711853,True,True,False,true,true,jpeg,transform,"{""quality"":75}",artifact_reload,0.51401764,0.51343471,true,true,false,true,0.0013,artifact_20f93b09a062eb51,artifact_1089d23d56b7e987,artifact_9247e86f81236d5a,artifact_bfb7548782306cba,artifact_2bab6715f493fb4d,artifact_31043febf295e8f5,def_94fd8239100aaf6590fe,1.0,ok,
vf_42a4f8a1f5fe,pair_000022,targeted_pgd_facenet_verification,facenet-pytorch/InceptionResnetV1,vggface2,source_ea9c6f198674,target_f279b767b25d,0.01,0.001,20,0.47966246581077576,0.10973245650529861,0.6252254843711853,True,True,False,true,true,smoothing,transform,"{""radius"":3.0}",artifact_reload,0.51401764,0.19481726,false,false,true,false,0.0015,artifact_20f93b09a062eb51,artifact_1089d23d56b7e987,artifact_9247e86f81236d5a,artifact_bfb7548782306cba,artifact_11d23e7db63f2105,artifact_31043febf295e8f5,def_6fd686b7eccefa34be8b,1.0,ok,
vf_42a4f8a1f5fe,pair_000022,targeted_pgd_facenet_verification,facenet-pytorch/InceptionResnetV1,vggface2,source_ea9c6f198674,target_f279b767b25d,0.01,0.001,20,0.47966246581077576,0.10973245650529861,0.6252254843711853,True,True,False,true,true,bitdepth,transform,"{""bits"":4}",artifact_reload,0.51401764,0.43820399,false,false,true,false,0.0007,artifact_20f93b09a062eb51,artifact_1089d23d56b7e987,artifact_9247e86f81236d5a,artifact_bfb7548782306cba,artifact_12e52b3016b73f47,artifact_31043febf295e8f5,def_9fe419b85ff46819bb40,1.0,ok,
vf_42a4f8a1f5fe,pair_000022,targeted_pgd_facenet_verification,facenet-pytorch/InceptionResnetV1,vggface2,source_ea9c6f198674,target_f279b767b25d,0.01,0.001,20,0.47966246581077576,0.10973245650529861,0.6252254843711853,True,True,False,true,true,adv_training,trained,"{""epochs"":5,""lr"":1e-05,""margin"":0.15}",legacy_record,0.6252254843711853,0.12295994,false,false,true,false,,artifact_20f93b09a062eb51,artifact_1089d23d56b7e987,artifact_9247e86f81236d5a,artifact_bfb7548782306cba,,artifact_ea7152eddc5ff20e,def_eaec6846cf12c82b6ba7,1.0,ok,
vf_c241d9ece98e,pair_000023,targeted_pgd_facenet_verification,facenet-pytorch/InceptionResnetV1,vggface2,source_ea9c6f198674,target_3b63f0fe705d,0.01,0.001,20,0.47966246581077576,0.28864219784736633,0.7651340961456299,True,True,False,true,true,jpeg,transform,"{""quality"":75}",artifact_reload,0.64413863,0.6442458,true,true,false,true,0.0013,artifact_d151a2dba475a6c5,artifact_d548b52542292ae1,artifact_93c64699846b93e9,artifact_689c46511a8386b1,artifact_423089ef4b409a62,artifact_31043febf295e8f5,def_440c563f80f6f81a38ac,1.0,ok,
vf_c241d9ece98e,pair_000023,targeted_pgd_facenet_verification,facenet-pytorch/InceptionResnetV1,vggface2,source_ea9c6f198674,target_3b63f0fe705d,0.01,0.001,20,0.47966246581077576,0.28864219784736633,0.7651340961456299,True,True,False,true,true,smoothing,transform,"{""radius"":3.0}",artifact_reload,0.64413863,0.25499079,false,false,true,false,0.0013,artifact_d151a2dba475a6c5,artifact_d548b52542292ae1,artifact_93c64699846b93e9,artifact_689c46511a8386b1,artifact_6b218a4f036ab27b,artifact_31043febf295e8f5,def_cc916480fd23e4962add,1.0,ok,
vf_c241d9ece98e,pair_000023,targeted_pgd_facenet_verification,facenet-pytorch/InceptionResnetV1,vggface2,source_ea9c6f198674,target_3b63f0fe705d,0.01,0.001,20,0.47966246581077576,0.28864219784736633,0.7651340961456299,True,True,False,true,true,bitdepth,transform,"{""bits"":4}",artifact_reload,0.64413863,0.57811451,true,true,false,true,0.0007,artifact_d151a2dba475a6c5,artifact_d548b52542292ae1,artifact_93c64699846b93e9,artifact_689c46511a8386b1,artifact_0eb53b4299f1629c,artifact_31043febf295e8f5,def_1f262f5ca10c344dacf4,1.0,ok,
vf_c241d9ece98e,pair_000023,targeted_pgd_facenet_verification,facenet-pytorch/InceptionResnetV1,vggface2,source_ea9c6f198674,target_3b63f0fe705d,0.01,0.001,20,0.47966246581077576,0.28864219784736633,0.7651340961456299,True,True,False,true,true,adv_training,trained,"{""epochs"":5,""lr"":1e-05,""margin"":0.15}",legacy_record,0.7651340961456299,0.31985527,false,false,true,false,,artifact_d151a2dba475a6c5,artifact_d548b52542292ae1,artifact_93c64699846b93e9,artifact_689c46511a8386b1,,artifact_ea7152eddc5ff20e,def_ba12c2d33e62b16cd8df,1.0,ok,
vf_58246b8715b4,pair_000029,targeted_pgd_facenet_verification,facenet-pytorch/InceptionResnetV1,vggface2,source_ebc43d3edd78,target_03259d71c4a4,0.01,0.001,20,0.47966246581077576,0.2958222031593323,0.7879781723022461,True,True,False,true,true,jpeg,transform,"{""quality"":75}",artifact_reload,0.67302829,0.67268157,true,true,false,true,0.0013,artifact_40d32d060efce16d,artifact_86b2cd2434311546,artifact_1a3a3f2952884796,artifact_1e4e1ed8221f3b1e,artifact_a9efcd43c7a52a72,artifact_31043febf295e8f5,def_7333ceadf412a9e88ce0,1.0,ok,
vf_58246b8715b4,pair_000029,targeted_pgd_facenet_verification,facenet-pytorch/InceptionResnetV1,vggface2,source_ebc43d3edd78,target_03259d71c4a4,0.01,0.001,20,0.47966246581077576,0.2958222031593323,0.7879781723022461,True,True,False,true,true,smoothing,transform,"{""radius"":3.0}",artifact_reload,0.67302829,0.29538676,false,false,true,false,0.0014,artifact_40d32d060efce16d,artifact_86b2cd2434311546,artifact_1a3a3f2952884796,artifact_1e4e1ed8221f3b1e,artifact_eb9074a70084051f,artifact_31043febf295e8f5,def_55f8ba5a9742ed19ecbe,1.0,ok,
vf_58246b8715b4,pair_000029,targeted_pgd_facenet_verification,facenet-pytorch/InceptionResnetV1,vggface2,source_ebc43d3edd78,target_03259d71c4a4,0.01,0.001,20,0.47966246581077576,0.2958222031593323,0.7879781723022461,True,True,False,true,true,bitdepth,transform,"{""bits"":4}",artifact_reload,0.67302829,0.60405052,true,true,false,true,0.0007,artifact_40d32d060efce16d,artifact_86b2cd2434311546,artifact_1a3a3f2952884796,artifact_1e4e1ed8221f3b1e,artifact_e14236cc968ca09b,artifact_31043febf295e8f5,def_e90c1130ecacbc26f1ea,1.0,ok,
vf_58246b8715b4,pair_000029,targeted_pgd_facenet_verification,facenet-pytorch/InceptionResnetV1,vggface2,source_ebc43d3edd78,target_03259d71c4a4,0.01,0.001,20,0.47966246581077576,0.2958222031593323,0.7879781723022461,True,True,False,true,true,adv_training,trained,"{""epochs"":5,""lr"":1e-05,""margin"":0.15}",legacy_record,0.7879781723022461,0.20804693,false,false,true,false,,artifact_40d32d060efce16d,artifact_86b2cd2434311546,artifact_1a3a3f2952884796,artifact_1e4e1ed8221f3b1e,,artifact_ea7152eddc5ff20e,def_c473f4d625a569a51872,1.0,ok,
vf_47f2fcecb685,pair_000030,targeted_pgd_facenet_verification,facenet-pytorch/InceptionResnetV1,vggface2,source_ebc43d3edd78,target_6d0d6f90d03e,0.01,0.001,20,0.47966246581077576,0.21223020553588867,0.8013876080513,True,True,False,true,true,jpeg,transform,"{""quality"":75}",artifact_reload,0.65375811,0.65375811,true,true,false,true,0.0012,artifact_44999e07eac73626,artifact_036b70680a1b71e9,artifact_9238673226fc619c,artifact_209c3661e99d6f10,artifact_adb19ec2c2a7bca1,artifact_31043febf295e8f5,def_19c3acfed0e002d16eb2,1.0,ok,
vf_47f2fcecb685,pair_000030,targeted_pgd_facenet_verification,facenet-pytorch/InceptionResnetV1,vggface2,source_ebc43d3edd78,target_6d0d6f90d03e,0.01,0.001,20,0.47966246581077576,0.21223020553588867,0.8013876080513,True,True,False,true,true,smoothing,transform,"{""radius"":3.0}",artifact_reload,0.65375811,0.23887907,false,false,true,false,0.0013,artifact_44999e07eac73626,artifact_036b70680a1b71e9,artifact_9238673226fc619c,artifact_209c3661e99d6f10,artifact_54922c6b99e77133,artifact_31043febf295e8f5,def_36a669ebb267e72cbab0,1.0,ok,
vf_47f2fcecb685,pair_000030,targeted_pgd_facenet_verification,facenet-pytorch/InceptionResnetV1,vggface2,source_ebc43d3edd78,target_6d0d6f90d03e,0.01,0.001,20,0.47966246581077576,0.21223020553588867,0.8013876080513,True,True,False,true,true,bitdepth,transform,"{""bits"":4}",artifact_reload,0.65375811,0.60686415,true,true,false,true,0.0008,artifact_44999e07eac73626,artifact_036b70680a1b71e9,artifact_9238673226fc619c,artifact_209c3661e99d6f10,artifact_fd76e41e2234a78a,artifact_31043febf295e8f5,def_44bbf2314e632b609128,1.0,ok,
vf_47f2fcecb685,pair_000030,targeted_pgd_facenet_verification,facenet-pytorch/InceptionResnetV1,vggface2,source_ebc43d3edd78,target_6d0d6f90d03e,0.01,0.001,20,0.47966246581077576,0.21223020553588867,0.8013876080513,True,True,False,true,true,adv_training,trained,"{""epochs"":5,""lr"":1e-05,""margin"":0.15}",legacy_record,0.8013876080513,0.11899637,false,false,true,false,,artifact_44999e07eac73626,artifact_036b70680a1b71e9,artifact_9238673226fc619c,artifact_209c3661e99d6f10,,artifact_ea7152eddc5ff20e,def_8d281c6cbba373a2d540,1.0,ok,
vf_5763c567fa7f,pair_000032,targeted_pgd_facenet_verification,facenet-pytorch/InceptionResnetV1,vggface2,source_c65c3c2f694d,target_952b25972fe5,0.01,0.001,20,0.47966246581077576,0.19210177659988403,0.7382447719573975,True,True,False,true,true,jpeg,transform,"{""quality"":75}",artifact_reload,0.62133402,0.62131822,true,true,false,true,0.0013,artifact_d78a9f5e139c2556,artifact_c3d668f090d20ba3,artifact_78a0f9d2a9ae7d73,artifact_53bd355d1749eeaf,artifact_494c6cf07784d82f,artifact_31043febf295e8f5,def_b4157c8f61365a1cab5d,1.0,ok,
vf_5763c567fa7f,pair_000032,targeted_pgd_facenet_verification,facenet-pytorch/InceptionResnetV1,vggface2,source_c65c3c2f694d,target_952b25972fe5,0.01,0.001,20,0.47966246581077576,0.19210177659988403,0.7382447719573975,True,True,False,true,true,smoothing,transform,"{""radius"":3.0}",artifact_reload,0.62133402,0.26396051,false,false,true,false,0.0016,artifact_d78a9f5e139c2556,artifact_c3d668f090d20ba3,artifact_78a0f9d2a9ae7d73,artifact_53bd355d1749eeaf,artifact_5ec07431e6fa0572,artifact_31043febf295e8f5,def_3f6442556c6dd20c8201,1.0,ok,
vf_5763c567fa7f,pair_000032,targeted_pgd_facenet_verification,facenet-pytorch/InceptionResnetV1,vggface2,source_c65c3c2f694d,target_952b25972fe5,0.01,0.001,20,0.47966246581077576,0.19210177659988403,0.7382447719573975,True,True,False,true,true,bitdepth,transform,"{""bits"":4}",artifact_reload,0.62133402,0.53889263,true,true,false,true,0.0007,artifact_d78a9f5e139c2556,artifact_c3d668f090d20ba3,artifact_78a0f9d2a9ae7d73,artifact_53bd355d1749eeaf,artifact_3059f489a968956e,artifact_31043febf295e8f5,def_ea033d3658ce1f38aeb1,1.0,ok,
vf_5763c567fa7f,pair_000032,targeted_pgd_facenet_verification,facenet-pytorch/InceptionResnetV1,vggface2,source_c65c3c2f694d,target_952b25972fe5,0.01,0.001,20,0.47966246581077576,0.19210177659988403,0.7382447719573975,True,True,False,true,true,adv_training,trained,"{""epochs"":5,""lr"":1e-05,""margin"":0.15}",legacy_record,0.7382447719573975,0.10373615,false,false,true,false,,artifact_d78a9f5e139c2556,artifact_c3d668f090d20ba3,artifact_78a0f9d2a9ae7d73,artifact_53bd355d1749eeaf,,artifact_ea7152eddc5ff20e,def_833675a8279816caad35,1.0,ok,
vf_53041ab01867,pair_000034,targeted_pgd_facenet_verification,facenet-pytorch/InceptionResnetV1,vggface2,source_4008c321c1f3,target_03259d71c4a4,0.01,0.001,20,0.47966246581077576,0.19492340087890625,0.7296029925346375,True,True,False,true,true,jpeg,transform,"{""quality"":75}",artifact_reload,0.56838417,0.56839645,true,true,false,true,0.0012,artifact_33b2ede56d25f857,artifact_0119aa7c2f4a5864,artifact_3511ae1dd89a5f91,artifact_644c77b8abf5962a,artifact_870e3145619362e9,artifact_31043febf295e8f5,def_2021b778ab2fd766d880,1.0,ok,
vf_53041ab01867,pair_000034,targeted_pgd_facenet_verification,facenet-pytorch/InceptionResnetV1,vggface2,source_4008c321c1f3,target_03259d71c4a4,0.01,0.001,20,0.47966246581077576,0.19492340087890625,0.7296029925346375,True,True,False,true,true,smoothing,transform,"{""radius"":3.0}",artifact_reload,0.56838417,0.16471025,false,false,true,false,0.0013,artifact_33b2ede56d25f857,artifact_0119aa7c2f4a5864,artifact_3511ae1dd89a5f91,artifact_644c77b8abf5962a,artifact_45c9c1a223090196,artifact_31043febf295e8f5,def_64f6f8d7ec1c70dc940a,1.0,ok,
vf_53041ab01867,pair_000034,targeted_pgd_facenet_verification,facenet-pytorch/InceptionResnetV1,vggface2,source_4008c321c1f3,target_03259d71c4a4,0.01,0.001,20,0.47966246581077576,0.19492340087890625,0.7296029925346375,True,True,False,true,true,bitdepth,transform,"{""bits"":4}",artifact_reload,0.56838417,0.51338351,true,true,false,true,0.0007,artifact_33b2ede56d25f857,artifact_0119aa7c2f4a5864,artifact_3511ae1dd89a5f91,artifact_644c77b8abf5962a,artifact_ad73f96e1fa5d9d2,artifact_31043febf295e8f5,def_b6c2ccfbb35275ae6321,1.0,ok,
vf_53041ab01867,pair_000034,targeted_pgd_facenet_verification,facenet-pytorch/InceptionResnetV1,vggface2,source_4008c321c1f3,target_03259d71c4a4,0.01,0.001,20,0.47966246581077576,0.19492340087890625,0.7296029925346375,True,True,False,true,true,adv_training,trained,"{""epochs"":5,""lr"":1e-05,""margin"":0.15}",legacy_record,0.7296029925346375,0.23253343,false,false,true,false,,artifact_33b2ede56d25f857,artifact_0119aa7c2f4a5864,artifact_3511ae1dd89a5f91,artifact_644c77b8abf5962a,,artifact_ea7152eddc5ff20e,def_0fc6efe84355f254ccec,1.0,ok,
vf_79a6a001672e,pair_000036,targeted_pgd_facenet_verification,facenet-pytorch/InceptionResnetV1,vggface2,source_16254f944d43,target_f279b767b25d,0.01,0.001,20,0.47966246581077576,0.1922152042388916,0.761002779006958,True,True,False,true,true,jpeg,transform,"{""quality"":75}",artifact_reload,0.61619002,0.61564904,true,true,false,true,0.0013,artifact_ee037bd451a9202a,artifact_1f82a667e693ab5d,artifact_9d56f1d29d528f9f,artifact_6d9ff1b94b581f48,artifact_c21ee3717835d008,artifact_31043febf295e8f5,def_62b4a8d78b3c097c2c81,1.0,ok,
vf_79a6a001672e,pair_000036,targeted_pgd_facenet_verification,facenet-pytorch/InceptionResnetV1,vggface2,source_16254f944d43,target_f279b767b25d,0.01,0.001,20,0.47966246581077576,0.1922152042388916,0.761002779006958,True,True,False,true,true,smoothing,transform,"{""radius"":3.0}",artifact_reload,0.61619002,0.06821074,false,false,true,false,0.0014,artifact_ee037bd451a9202a,artifact_1f82a667e693ab5d,artifact_9d56f1d29d528f9f,artifact_6d9ff1b94b581f48,artifact_bcf0a30d75ef51f9,artifact_31043febf295e8f5,def_35b6deb57596ee883ff0,1.0,ok,
vf_79a6a001672e,pair_000036,targeted_pgd_facenet_verification,facenet-pytorch/InceptionResnetV1,vggface2,source_16254f944d43,target_f279b767b25d,0.01,0.001,20,0.47966246581077576,0.1922152042388916,0.761002779006958,True,True,False,true,true,bitdepth,transform,"{""bits"":4}",artifact_reload,0.61619002,0.55010456,true,true,false,true,0.0007,artifact_ee037bd451a9202a,artifact_1f82a667e693ab5d,artifact_9d56f1d29d528f9f,artifact_6d9ff1b94b581f48,artifact_d7fb8268fac4c07d,artifact_31043febf295e8f5,def_3988b07b540b5568afcb,1.0,ok,
vf_79a6a001672e,pair_000036,targeted_pgd_facenet_verification,facenet-pytorch/InceptionResnetV1,vggface2,source_16254f944d43,target_f279b767b25d,0.01,0.001,20,0.47966246581077576,0.1922152042388916,0.761002779006958,True,True,False,true,true,adv_training,trained,"{""epochs"":5,""lr"":1e-05,""margin"":0.15}",legacy_record,0.761002779006958,0.02534219,false,false,true,false,,artifact_ee037bd451a9202a,artifact_1f82a667e693ab5d,artifact_9d56f1d29d528f9f,artifact_6d9ff1b94b581f48,,artifact_ea7152eddc5ff20e,def_305a2b567fde0915f5f7,1.0,ok,
vf_5ac12474b323,pair_000037,targeted_pgd_facenet_verification,facenet-pytorch/InceptionResnetV1,vggface2,source_27656f3b65b8,target_bbb0daa338ba,0.01,0.001,20,0.47966246581077576,0.11175183951854706,0.7243698835372925,True,True,False,true,true,jpeg,transform,"{""quality"":75}",artifact_reload,0.56827426,0.56745851,true,true,false,true,0.0013,artifact_5cd091e3e349e4f0,artifact_2f940c88643f473e,artifact_0a439324e067bdb3,artifact_589449d780341b07,artifact_239e31c62fe1a6e2,artifact_31043febf295e8f5,def_e2f637088619aed1c08b,1.0,ok,
vf_5ac12474b323,pair_000037,targeted_pgd_facenet_verification,facenet-pytorch/InceptionResnetV1,vggface2,source_27656f3b65b8,target_bbb0daa338ba,0.01,0.001,20,0.47966246581077576,0.11175183951854706,0.7243698835372925,True,True,False,true,true,smoothing,transform,"{""radius"":3.0}",artifact_reload,0.56827426,0.22560959,false,false,true,false,0.0015,artifact_5cd091e3e349e4f0,artifact_2f940c88643f473e,artifact_0a439324e067bdb3,artifact_589449d780341b07,artifact_be5bd0c42cc08833,artifact_31043febf295e8f5,def_0078653f1f50f06abfeb,1.0,ok,
vf_5ac12474b323,pair_000037,targeted_pgd_facenet_verification,facenet-pytorch/InceptionResnetV1,vggface2,source_27656f3b65b8,target_bbb0daa338ba,0.01,0.001,20,0.47966246581077576,0.11175183951854706,0.7243698835372925,True,True,False,true,true,bitdepth,transform,"{""bits"":4}",artifact_reload,0.56827426,0.49540552,true,true,false,true,0.0007,artifact_5cd091e3e349e4f0,artifact_2f940c88643f473e,artifact_0a439324e067bdb3,artifact_589449d780341b07,artifact_e3b08bc6630b510b,artifact_31043febf295e8f5,def_aa1cc02cdb2b97b1dadf,1.0,ok,
vf_5ac12474b323,pair_000037,targeted_pgd_facenet_verification,facenet-pytorch/InceptionResnetV1,vggface2,source_27656f3b65b8,target_bbb0daa338ba,0.01,0.001,20,0.47966246581077576,0.11175183951854706,0.7243698835372925,True,True,False,true,true,adv_training,trained,"{""epochs"":5,""lr"":1e-05,""margin"":0.15}",legacy_record,0.7243698835372925,0.13960412,false,false,true,false,,artifact_5cd091e3e349e4f0,artifact_2f940c88643f473e,artifact_0a439324e067bdb3,artifact_589449d780341b07,,artifact_ea7152eddc5ff20e,def_f0e890011fcb0fec9dc4,1.0,ok,
vf_6ebbe2b8ba39,pair_000044,targeted_pgd_facenet_verification,facenet-pytorch/InceptionResnetV1,vggface2,source_16254f944d43,target_bbb0daa338ba,0.01,0.001,20,0.47966246581077576,0.1911584734916687,0.7213709354400635,True,True,False,true,true,jpeg,transform,"{""quality"":75}",artifact_reload,0.58929801,0.5891515,true,true,false,true,0.0013,artifact_f730224321d33c4f,artifact_b79df6a7586b9c88,artifact_7605a3feb89ae211,artifact_faa1881a785ac674,artifact_af3ad4f34a77167f,artifact_31043febf295e8f5,def_26f977186f12eeaedcc2,1.0,ok,
vf_6ebbe2b8ba39,pair_000044,targeted_pgd_facenet_verification,facenet-pytorch/InceptionResnetV1,vggface2,source_16254f944d43,target_bbb0daa338ba,0.01,0.001,20,0.47966246581077576,0.1911584734916687,0.7213709354400635,True,True,False,true,true,smoothing,transform,"{""radius"":3.0}",artifact_reload,0.58929801,0.12925309,false,false,true,false,0.0014,artifact_f730224321d33c4f,artifact_b79df6a7586b9c88,artifact_7605a3feb89ae211,artifact_faa1881a785ac674,artifact_82df8ab85ff90dd4,artifact_31043febf295e8f5,def_565b1e9deacd123a492a,1.0,ok,
vf_6ebbe2b8ba39,pair_000044,targeted_pgd_facenet_verification,facenet-pytorch/InceptionResnetV1,vggface2,source_16254f944d43,target_bbb0daa338ba,0.01,0.001,20,0.47966246581077576,0.1911584734916687,0.7213709354400635,True,True,False,true,true,bitdepth,transform,"{""bits"":4}",artifact_reload,0.58929801,0.54052985,true,true,false,true,0.0008,artifact_f730224321d33c4f,artifact_b79df6a7586b9c88,artifact_7605a3feb89ae211,artifact_faa1881a785ac674,artifact_b6117eb1c80f5942,artifact_31043febf295e8f5,def_4ccfe0f7f39f471359d7,1.0,ok,
vf_6ebbe2b8ba39,pair_000044,targeted_pgd_facenet_verification,facenet-pytorch/InceptionResnetV1,vggface2,source_16254f944d43,target_bbb0daa338ba,0.01,0.001,20,0.47966246581077576,0.1911584734916687,0.7213709354400635,True,True,False,true,true,adv_training,trained,"{""epochs"":5,""lr"":1e-05,""margin"":0.15}",legacy_record,0.7213709354400635,0.24877183,false,false,true,false,,artifact_f730224321d33c4f,artifact_b79df6a7586b9c88,artifact_7605a3feb89ae211,artifact_faa1881a785ac674,,artifact_ea7152eddc5ff20e,def_d96f9ac91c2728ace02e,1.0,ok,
vf_41d07a4257d6,pair_000045,targeted_pgd_facenet_verification,facenet-pytorch/InceptionResnetV1,vggface2,source_ebc43d3edd78,target_f279b767b25d,0.01,0.001,20,0.47966246581077576,0.03405424579977989,0.6702730655670166,True,True,False,true,true,jpeg,transform,"{""quality"":75}",artifact_reload,0.52429014,0.52480489,true,true,false,true,0.0012,artifact_a60ba1c77867ea13,artifact_abb471ce40b717bd,artifact_d8c1ecf8a14c142c,artifact_065f47b9a58bf8f3,artifact_70d90143af34e6c3,artifact_31043febf295e8f5,def_91b395df2165932d85cf,1.0,ok,
vf_41d07a4257d6,pair_000045,targeted_pgd_facenet_verification,facenet-pytorch/InceptionResnetV1,vggface2,source_ebc43d3edd78,target_f279b767b25d,0.01,0.001,20,0.47966246581077576,0.03405424579977989,0.6702730655670166,True,True,False,true,true,smoothing,transform,"{""radius"":3.0}",artifact_reload,0.52429014,0.2795791,false,false,true,false,0.0015,artifact_a60ba1c77867ea13,artifact_abb471ce40b717bd,artifact_d8c1ecf8a14c142c,artifact_065f47b9a58bf8f3,artifact_852d9c13e8313a54,artifact_31043febf295e8f5,def_5724961cb20bf734aab1,1.0,ok,
vf_41d07a4257d6,pair_000045,targeted_pgd_facenet_verification,facenet-pytorch/InceptionResnetV1,vggface2,source_ebc43d3edd78,target_f279b767b25d,0.01,0.001,20,0.47966246581077576,0.03405424579977989,0.6702730655670166,True,True,False,true,true,bitdepth,transform,"{""bits"":4}",artifact_reload,0.52429014,0.47889873,false,false,true,false,0.0007,artifact_a60ba1c77867ea13,artifact_abb471ce40b717bd,artifact_d8c1ecf8a14c142c,artifact_065f47b9a58bf8f3,artifact_caafdab615d94b81,artifact_31043febf295e8f5,def_ed4912f7f4619619b11b,1.0,ok,
vf_41d07a4257d6,pair_000045,targeted_pgd_facenet_verification,facenet-pytorch/InceptionResnetV1,vggface2,source_ebc43d3edd78,target_f279b767b25d,0.01,0.001,20,0.47966246581077576,0.03405424579977989,0.6702730655670166,True,True,False,true,true,adv_training,trained,"{""epochs"":5,""lr"":1e-05,""margin"":0.15}",legacy_record,0.6702730655670166,0.34770745,false,false,true,false,,artifact_a60ba1c77867ea13,artifact_abb471ce40b717bd,artifact_d8c1ecf8a14c142c,artifact_065f47b9a58bf8f3,,artifact_ea7152eddc5ff20e,def_bfdc1ccbd9abc4b6d30f,1.0,ok,
vf_d8af3b18e907,pair_000049,targeted_pgd_facenet_verification,facenet-pytorch/InceptionResnetV1,vggface2,source_6eda93227392,target_952b25972fe5,0.01,0.001,20,0.47966246581077576,-0.030870646238327026,0.587486982345581,True,True,False,false,false,jpeg,transform,"{""quality"":75}",artifact_reload,0.46197733,0.46173176,false,false,false,false,0.0015,artifact_93f8cc67bb8c862e,artifact_0c5a8b942f81dc35,artifact_93bf127b0a8cc94c,artifact_d4c34a6a8a708921,artifact_1323162fac5ef1a1,artifact_31043febf295e8f5,def_f8c42f85e46b40464e14,1.0,ok,
vf_d8af3b18e907,pair_000049,targeted_pgd_facenet_verification,facenet-pytorch/InceptionResnetV1,vggface2,source_6eda93227392,target_952b25972fe5,0.01,0.001,20,0.47966246581077576,-0.030870646238327026,0.587486982345581,True,True,False,false,false,smoothing,transform,"{""radius"":3.0}",artifact_reload,0.46197733,0.31852987,false,false,false,false,0.0013,artifact_93f8cc67bb8c862e,artifact_0c5a8b942f81dc35,artifact_93bf127b0a8cc94c,artifact_d4c34a6a8a708921,artifact_0bb3f4a9b1b95249,artifact_31043febf295e8f5,def_5ff1b5f020d25f746971,1.0,ok,
vf_d8af3b18e907,pair_000049,targeted_pgd_facenet_verification,facenet-pytorch/InceptionResnetV1,vggface2,source_6eda93227392,target_952b25972fe5,0.01,0.001,20,0.47966246581077576,-0.030870646238327026,0.587486982345581,True,True,False,false,false,bitdepth,transform,"{""bits"":4}",artifact_reload,0.46197733,0.42734635,false,false,false,false,0.0007,artifact_93f8cc67bb8c862e,artifact_0c5a8b942f81dc35,artifact_93bf127b0a8cc94c,artifact_d4c34a6a8a708921,artifact_276b8fcf9644eb70,artifact_31043febf295e8f5,def_2ec6c29938df00f9816f,1.0,ok,
vf_d8af3b18e907,pair_000049,targeted_pgd_facenet_verification,facenet-pytorch/InceptionResnetV1,vggface2,source_6eda93227392,target_952b25972fe5,0.01,0.001,20,0.47966246581077576,-0.030870646238327026,0.587486982345581,True,True,False,true,true,adv_training,trained,"{""epochs"":5,""lr"":1e-05,""margin"":0.15}",legacy_record,0.587486982345581,0.21246579,false,false,true,false,,artifact_93f8cc67bb8c862e,artifact_0c5a8b942f81dc35,artifact_93bf127b0a8cc94c,artifact_d4c34a6a8a708921,,artifact_ea7152eddc5ff20e,def_103bda8998f47480f39c,1.0,ok,
vf_d4a4df257b90,pair_000052,targeted_pgd_facenet_verification,facenet-pytorch/InceptionResnetV1,vggface2,source_27656f3b65b8,target_6d0d6f90d03e,0.01,0.001,20,0.47966246581077576,0.13571301102638245,0.5721921920776367,True,True,False,false,false,jpeg,transform,"{""quality"":75}",artifact_reload,0.47845125,0.47850782,false,false,false,false,0.0013,artifact_34e96089aa474ea1,artifact_915e3ff9697456a3,artifact_b6178d35f606398c,artifact_f19c524d3379cc88,artifact_85c0f4a3d3bbb519,artifact_31043febf295e8f5,def_94f26346812572abf6f1,1.0,ok,
vf_d4a4df257b90,pair_000052,targeted_pgd_facenet_verification,facenet-pytorch/InceptionResnetV1,vggface2,source_27656f3b65b8,target_6d0d6f90d03e,0.01,0.001,20,0.47966246581077576,0.13571301102638245,0.5721921920776367,True,True,False,false,false,smoothing,transform,"{""radius"":3.0}",artifact_reload,0.47845125,0.09897252,false,false,false,false,0.0013,artifact_34e96089aa474ea1,artifact_915e3ff9697456a3,artifact_b6178d35f606398c,artifact_f19c524d3379cc88,artifact_ee1295948329fdc8,artifact_31043febf295e8f5,def_892c00a9af6c7444fa5f,1.0,ok,
vf_d4a4df257b90,pair_000052,targeted_pgd_facenet_verification,facenet-pytorch/InceptionResnetV1,vggface2,source_27656f3b65b8,target_6d0d6f90d03e,0.01,0.001,20,0.47966246581077576,0.13571301102638245,0.5721921920776367,True,True,False,false,false,bitdepth,transform,"{""bits"":4}",artifact_reload,0.47845125,0.44392499,false,false,false,false,0.0007,artifact_34e96089aa474ea1,artifact_915e3ff9697456a3,artifact_b6178d35f606398c,artifact_f19c524d3379cc88,artifact_bec8df164a96d72a,artifact_31043febf295e8f5,def_9bb7e347ae9633da21d8,1.0,ok,
vf_d4a4df257b90,pair_000052,targeted_pgd_facenet_verification,facenet-pytorch/InceptionResnetV1,vggface2,source_27656f3b65b8,target_6d0d6f90d03e,0.01,0.001,20,0.47966246581077576,0.13571301102638245,0.5721921920776367,True,True,False,true,true,adv_training,trained,"{""epochs"":5,""lr"":1e-05,""margin"":0.15}",legacy_record,0.5721921920776367,-0.02115729,false,false,true,false,,artifact_34e96089aa474ea1,artifact_915e3ff9697456a3,artifact_b6178d35f606398c,artifact_f19c524d3379cc88,,artifact_ea7152eddc5ff20e,def_2d9e46cd8af82631ae5c,1.0,ok,
vf_922f98628366,pair_000053,targeted_pgd_facenet_verification,facenet-pytorch/InceptionResnetV1,vggface2,source_4008c321c1f3,target_5356319edd8e,0.01,0.001,20,0.47966246581077576,0.030508117750287056,0.5659294724464417,True,True,False,false,false,jpeg,transform,"{""quality"":75}",artifact_reload,0.42300171,0.42283076,false,false,false,false,0.0013,artifact_1678fc445914c317,artifact_367a24c4430a15ac,artifact_92176f828e24efce,artifact_650a4673b6f60d25,artifact_3b7d56d27f96fcdd,artifact_31043febf295e8f5,def_f7a5d62d713177165a4d,1.0,ok,
vf_922f98628366,pair_000053,targeted_pgd_facenet_verification,facenet-pytorch/InceptionResnetV1,vggface2,source_4008c321c1f3,target_5356319edd8e,0.01,0.001,20,0.47966246581077576,0.030508117750287056,0.5659294724464417,True,True,False,false,false,smoothing,transform,"{""radius"":3.0}",artifact_reload,0.42300171,-0.09155074,false,false,false,false,0.0014,artifact_1678fc445914c317,artifact_367a24c4430a15ac,artifact_92176f828e24efce,artifact_650a4673b6f60d25,artifact_1a5ace7b2a4c1b08,artifact_31043febf295e8f5,def_aa7eb4abd4f5a0e1c58c,1.0,ok,
vf_922f98628366,pair_000053,targeted_pgd_facenet_verification,facenet-pytorch/InceptionResnetV1,vggface2,source_4008c321c1f3,target_5356319edd8e,0.01,0.001,20,0.47966246581077576,0.030508117750287056,0.5659294724464417,True,True,False,false,false,bitdepth,transform,"{""bits"":4}",artifact_reload,0.42300171,0.36181441,false,false,false,false,0.0008,artifact_1678fc445914c317,artifact_367a24c4430a15ac,artifact_92176f828e24efce,artifact_650a4673b6f60d25,artifact_775e8b86fadfdb0b,artifact_31043febf295e8f5,def_2b98fa991d47c9026d67,1.0,ok,
vf_922f98628366,pair_000053,targeted_pgd_facenet_verification,facenet-pytorch/InceptionResnetV1,vggface2,source_4008c321c1f3,target_5356319edd8e,0.01,0.001,20,0.47966246581077576,0.030508117750287056,0.5659294724464417,True,True,False,true,true,adv_training,trained,"{""epochs"":5,""lr"":1e-05,""margin"":0.15}",legacy_record,0.5659294724464417,0.14969261,false,false,true,false,,artifact_1678fc445914c317,artifact_367a24c4430a15ac,artifact_92176f828e24efce,artifact_650a4673b6f60d25,,artifact_ea7152eddc5ff20e,def_7a5b06cd61dcd3bbf256,1.0,ok,
vf_45c024f9f2db,pair_000054,targeted_pgd_facenet_verification,facenet-pytorch/InceptionResnetV1,vggface2,source_6eda93227392,target_6d0d6f90d03e,0.01,0.001,20,0.47966246581077576,0.22119750082492828,0.7284802794456482,True,True,False,true,true,jpeg,transform,"{""quality"":75}",artifact_reload,0.59601438,0.59589171,true,true,false,true,0.0013,artifact_7484201b65e80b2d,artifact_8015849c4dbc68f6,artifact_05dbc4107de10cad,artifact_883bf5d47c9988c4,artifact_04480da92b8cdf1d,artifact_31043febf295e8f5,def_7fe4bd21a5c0a62ac978,1.0,ok,
vf_45c024f9f2db,pair_000054,targeted_pgd_facenet_verification,facenet-pytorch/InceptionResnetV1,vggface2,source_6eda93227392,target_6d0d6f90d03e,0.01,0.001,20,0.47966246581077576,0.22119750082492828,0.7284802794456482,True,True,False,true,true,smoothing,transform,"{""radius"":3.0}",artifact_reload,0.59601438,0.28442031,false,false,true,false,0.0018,artifact_7484201b65e80b2d,artifact_8015849c4dbc68f6,artifact_05dbc4107de10cad,artifact_883bf5d47c9988c4,artifact_3e1b44fb14ff4134,artifact_31043febf295e8f5,def_8461f52473bc5e955060,1.0,ok,
vf_45c024f9f2db,pair_000054,targeted_pgd_facenet_verification,facenet-pytorch/InceptionResnetV1,vggface2,source_6eda93227392,target_6d0d6f90d03e,0.01,0.001,20,0.47966246581077576,0.22119750082492828,0.7284802794456482,True,True,False,true,true,bitdepth,transform,"{""bits"":4}",artifact_reload,0.59601438,0.570885,true,true,false,true,0.0007,artifact_7484201b65e80b2d,artifact_8015849c4dbc68f6,artifact_05dbc4107de10cad,artifact_883bf5d47c9988c4,artifact_a8e4526e96c0cecc,artifact_31043febf295e8f5,def_5026224595117d78c8e0,1.0,ok,
vf_45c024f9f2db,pair_000054,targeted_pgd_facenet_verification,facenet-pytorch/InceptionResnetV1,vggface2,source_6eda93227392,target_6d0d6f90d03e,0.01,0.001,20,0.47966246581077576,0.22119750082492828,0.7284802794456482,True,True,False,true,true,adv_training,trained,"{""epochs"":5,""lr"":1e-05,""margin"":0.15}",legacy_record,0.7284802794456482,-0.03451316,false,false,true,false,,artifact_7484201b65e80b2d,artifact_8015849c4dbc68f6,artifact_05dbc4107de10cad,artifact_883bf5d47c9988c4,,artifact_ea7152eddc5ff20e,def_22ce8b03c5f24d611203,1.0,ok,
vf_b67eae4dddb8,pair_000056,targeted_pgd_facenet_verification,facenet-pytorch/InceptionResnetV1,vggface2,source_ea9c6f198674,target_a5eaf0f7d6ad,0.01,0.001,20,0.47966246581077576,0.10943670570850372,0.6712652444839478,True,True,False,true,true,jpeg,transform,"{""quality"":75}",artifact_reload,0.50815326,0.50807428,true,true,false,true,0.0012,artifact_65d4aeda080f32e1,artifact_3dc737920119f0e6,artifact_2135a66caf4808fb,artifact_7ffc3454f2392012,artifact_fd667e3ad758fc4c,artifact_31043febf295e8f5,def_a36ac0b39efe88b203e2,1.0,ok,
vf_b67eae4dddb8,pair_000056,targeted_pgd_facenet_verification,facenet-pytorch/InceptionResnetV1,vggface2,source_ea9c6f198674,target_a5eaf0f7d6ad,0.01,0.001,20,0.47966246581077576,0.10943670570850372,0.6712652444839478,True,True,False,true,true,smoothing,transform,"{""radius"":3.0}",artifact_reload,0.50815326,0.18106531,false,false,true,false,0.0013,artifact_65d4aeda080f32e1,artifact_3dc737920119f0e6,artifact_2135a66caf4808fb,artifact_7ffc3454f2392012,artifact_1d2e11c07ec84b6c,artifact_31043febf295e8f5,def_9dad0fced2749d26768b,1.0,ok,
vf_b67eae4dddb8,pair_000056,targeted_pgd_facenet_verification,facenet-pytorch/InceptionResnetV1,vggface2,source_ea9c6f198674,target_a5eaf0f7d6ad,0.01,0.001,20,0.47966246581077576,0.10943670570850372,0.6712652444839478,True,True,False,true,true,bitdepth,transform,"{""bits"":4}",artifact_reload,0.50815326,0.4305146,false,false,true,false,0.0007,artifact_65d4aeda080f32e1,artifact_3dc737920119f0e6,artifact_2135a66caf4808fb,artifact_7ffc3454f2392012,artifact_36a08d8e61b20b6c,artifact_31043febf295e8f5,def_02d8fbfc67beb8b8ee80,1.0,ok,
vf_b67eae4dddb8,pair_000056,targeted_pgd_facenet_verification,facenet-pytorch/InceptionResnetV1,vggface2,source_ea9c6f198674,target_a5eaf0f7d6ad,0.01,0.001,20,0.47966246581077576,0.10943670570850372,0.6712652444839478,True,True,False,true,true,adv_training,trained,"{""epochs"":5,""lr"":1e-05,""margin"":0.15}",legacy_record,0.6712652444839478,0.01405774,false,false,true,false,,artifact_65d4aeda080f32e1,artifact_3dc737920119f0e6,artifact_2135a66caf4808fb,artifact_7ffc3454f2392012,,artifact_ea7152eddc5ff20e,def_117138a98086217f49d6,1.0,ok,
vf_f4ee66182b4f,pair_000057,targeted_pgd_facenet_verification,facenet-pytorch/InceptionResnetV1,vggface2,source_16254f944d43,target_f279b767b25d,0.01,0.001,20,0.47966246581077576,0.3084094226360321,0.8452789783477783,True,True,False,true,true,jpeg,transform,"{""quality"":75}",artifact_reload,0.73281974,0.73261189,true,true,false,true,0.0013,artifact_bb686b0518f10782,artifact_74ea10fa10d56751,artifact_2a86a816c395ee02,artifact_758cd7bbb39ddd1f,artifact_cc457f7cd5a3ce1c,artifact_31043febf295e8f5,def_9bf99c2bcf2edffc54d4,1.0,ok,
vf_f4ee66182b4f,pair_000057,targeted_pgd_facenet_verification,facenet-pytorch/InceptionResnetV1,vggface2,source_16254f944d43,target_f279b767b25d,0.01,0.001,20,0.47966246581077576,0.3084094226360321,0.8452789783477783,True,True,False,true,true,smoothing,transform,"{""radius"":3.0}",artifact_reload,0.73281974,0.33270079,false,false,true,false,0.0015,artifact_bb686b0518f10782,artifact_74ea10fa10d56751,artifact_2a86a816c395ee02,artifact_758cd7bbb39ddd1f,artifact_852492fe1a887e54,artifact_31043febf295e8f5,def_b1c7b166cf09b8f4d0ef,1.0,ok,
vf_f4ee66182b4f,pair_000057,targeted_pgd_facenet_verification,facenet-pytorch/InceptionResnetV1,vggface2,source_16254f944d43,target_f279b767b25d,0.01,0.001,20,0.47966246581077576,0.3084094226360321,0.8452789783477783,True,True,False,true,true,bitdepth,transform,"{""bits"":4}",artifact_reload,0.73281974,0.68638754,true,true,false,true,0.0007,artifact_bb686b0518f10782,artifact_74ea10fa10d56751,artifact_2a86a816c395ee02,artifact_758cd7bbb39ddd1f,artifact_e6f85f9171beb498,artifact_31043febf295e8f5,def_6afd9b626d70f59d4df9,1.0,ok,
vf_f4ee66182b4f,pair_000057,targeted_pgd_facenet_verification,facenet-pytorch/InceptionResnetV1,vggface2,source_16254f944d43,target_f279b767b25d,0.01,0.001,20,0.47966246581077576,0.3084094226360321,0.8452789783477783,True,True,False,true,true,adv_training,trained,"{""epochs"":5,""lr"":1e-05,""margin"":0.15}",legacy_record,0.8452789783477783,0.37086046,false,false,true,false,,artifact_bb686b0518f10782,artifact_74ea10fa10d56751,artifact_2a86a816c395ee02,artifact_758cd7bbb39ddd1f,,artifact_ea7152eddc5ff20e,def_ef12e45085a17044a763,1.0,ok,
vf_54c2d66704ac,pair_000060,targeted_pgd_facenet_verification,facenet-pytorch/InceptionResnetV1,vggface2,source_ea9c6f198674,target_a5eaf0f7d6ad,0.01,0.001,20,0.47966246581077576,0.08015882223844528,0.6080592274665833,True,True,False,false,false,jpeg,transform,"{""quality"":75}",artifact_reload,0.4710516,0.46992522,false,false,false,false,0.0012,artifact_7872f7e501c71ab6,artifact_3fc2d30b3e61cd54,artifact_9c9162f635114e72,artifact_86690c4850a16fa7,artifact_8f2c4e907665daa0,artifact_31043febf295e8f5,def_1a64911d0be768493adc,1.0,ok,
vf_54c2d66704ac,pair_000060,targeted_pgd_facenet_verification,facenet-pytorch/InceptionResnetV1,vggface2,source_ea9c6f198674,target_a5eaf0f7d6ad,0.01,0.001,20,0.47966246581077576,0.08015882223844528,0.6080592274665833,True,True,False,false,false,smoothing,transform,"{""radius"":3.0}",artifact_reload,0.4710516,0.01173716,false,false,false,false,0.0014,artifact_7872f7e501c71ab6,artifact_3fc2d30b3e61cd54,artifact_9c9162f635114e72,artifact_86690c4850a16fa7,artifact_d841cc1870f0c931,artifact_31043febf295e8f5,def_a9315e8610b0b3f8a83e,1.0,ok,
vf_54c2d66704ac,pair_000060,targeted_pgd_facenet_verification,facenet-pytorch/InceptionResnetV1,vggface2,source_ea9c6f198674,target_a5eaf0f7d6ad,0.01,0.001,20,0.47966246581077576,0.08015882223844528,0.6080592274665833,True,True,False,false,false,bitdepth,transform,"{""bits"":4}",artifact_reload,0.4710516,0.40857551,false,false,false,false,0.0007,artifact_7872f7e501c71ab6,artifact_3fc2d30b3e61cd54,artifact_9c9162f635114e72,artifact_86690c4850a16fa7,artifact_70974020fcf797ca,artifact_31043febf295e8f5,def_a8487411e44cd4c4df41,1.0,ok,
vf_54c2d66704ac,pair_000060,targeted_pgd_facenet_verification,facenet-pytorch/InceptionResnetV1,vggface2,source_ea9c6f198674,target_a5eaf0f7d6ad,0.01,0.001,20,0.47966246581077576,0.08015882223844528,0.6080592274665833,True,True,False,true,true,adv_training,trained,"{""epochs"":5,""lr"":1e-05,""margin"":0.15}",legacy_record,0.6080592274665833,0.12996987,false,false,true,false,,artifact_7872f7e501c71ab6,artifact_3fc2d30b3e61cd54,artifact_9c9162f635114e72,artifact_86690c4850a16fa7,,artifact_ea7152eddc5ff20e,def_d5132933e9301a2ccd99,1.0,ok,
vf_4e7e4e82c77e,pair_000062,targeted_pgd_facenet_verification,facenet-pytorch/InceptionResnetV1,vggface2,source_4008c321c1f3,target_952b25972fe5,0.01,0.001,20,0.47966246581077576,-0.10891760885715485,0.6045341491699219,True,True,False,false,false,jpeg,transform,"{""quality"":75}",artifact_reload,0.38553023,0.38537043,false,false,false,false,0.0012,artifact_5685dcaf7319f41a,artifact_9039f84fbaf5f2e8,artifact_4fa287f90c6784b5,artifact_d347c4811207ab96,artifact_71ab443cd0353d50,artifact_31043febf295e8f5,def_0416763749f1cf342546,1.0,ok,
vf_4e7e4e82c77e,pair_000062,targeted_pgd_facenet_verification,facenet-pytorch/InceptionResnetV1,vggface2,source_4008c321c1f3,target_952b25972fe5,0.01,0.001,20,0.47966246581077576,-0.10891760885715485,0.6045341491699219,True,True,False,false,false,smoothing,transform,"{""radius"":3.0}",artifact_reload,0.38553023,0.07481498,false,false,false,false,0.0014,artifact_5685dcaf7319f41a,artifact_9039f84fbaf5f2e8,artifact_4fa287f90c6784b5,artifact_d347c4811207ab96,artifact_ac3cb8d4dda36624,artifact_31043febf295e8f5,def_c61e07c2afda2675c9f0,1.0,ok,
vf_4e7e4e82c77e,pair_000062,targeted_pgd_facenet_verification,facenet-pytorch/InceptionResnetV1,vggface2,source_4008c321c1f3,target_952b25972fe5,0.01,0.001,20,0.47966246581077576,-0.10891760885715485,0.6045341491699219,True,True,False,false,false,bitdepth,transform,"{""bits"":4}",artifact_reload,0.38553023,0.34049153,false,false,false,false,0.0007,artifact_5685dcaf7319f41a,artifact_9039f84fbaf5f2e8,artifact_4fa287f90c6784b5,artifact_d347c4811207ab96,artifact_9b70fd30f211b037,artifact_31043febf295e8f5,def_aaf840d54c572e8800e9,1.0,ok,
vf_4e7e4e82c77e,pair_000062,targeted_pgd_facenet_verification,facenet-pytorch/InceptionResnetV1,vggface2,source_4008c321c1f3,target_952b25972fe5,0.01,0.001,20,0.47966246581077576,-0.10891760885715485,0.6045341491699219,True,True,False,true,true,adv_training,trained,"{""epochs"":5,""lr"":1e-05,""margin"":0.15}",legacy_record,0.6045341491699219,0.19975214,false,false,true,false,,artifact_5685dcaf7319f41a,artifact_9039f84fbaf5f2e8,artifact_4fa287f90c6784b5,artifact_d347c4811207ab96,,artifact_ea7152eddc5ff20e,def_5638a8ecef788c171197,1.0,ok,
vf_d10f9693dc4f,pair_000063,targeted_pgd_facenet_verification,facenet-pytorch/InceptionResnetV1,vggface2,source_4008c321c1f3,target_f279b767b25d,0.01,0.001,20,0.47966246581077576,0.29493123292922974,0.8483471274375916,True,True,False,true,true,jpeg,transform,"{""quality"":75}",artifact_reload,0.73116088,0.73180985,true,true,false,true,0.0014,artifact_80c3a658a892142a,artifact_565ca8a8e87a53ad,artifact_c7f1887d744abd59,artifact_883bba1e47d10cdb,artifact_bdd78e17be66e0b3,artifact_31043febf295e8f5,def_0d64115cba94cd50aad1,1.0,ok,
vf_d10f9693dc4f,pair_000063,targeted_pgd_facenet_verification,facenet-pytorch/InceptionResnetV1,vggface2,source_4008c321c1f3,target_f279b767b25d,0.01,0.001,20,0.47966246581077576,0.29493123292922974,0.8483471274375916,True,True,False,true,true,smoothing,transform,"{""radius"":3.0}",artifact_reload,0.73116088,0.29510596,false,false,true,false,0.0014,artifact_80c3a658a892142a,artifact_565ca8a8e87a53ad,artifact_c7f1887d744abd59,artifact_883bba1e47d10cdb,artifact_fb2a5fd8c15da38c,artifact_31043febf295e8f5,def_7b0de4e383ae78cc4bf6,1.0,ok,
vf_d10f9693dc4f,pair_000063,targeted_pgd_facenet_verification,facenet-pytorch/InceptionResnetV1,vggface2,source_4008c321c1f3,target_f279b767b25d,0.01,0.001,20,0.47966246581077576,0.29493123292922974,0.8483471274375916,True,True,False,true,true,bitdepth,transform,"{""bits"":4}",artifact_reload,0.73116088,0.69291598,true,true,false,true,0.0007,artifact_80c3a658a892142a,artifact_565ca8a8e87a53ad,artifact_c7f1887d744abd59,artifact_883bba1e47d10cdb,artifact_912f312482d155af,artifact_31043febf295e8f5,def_dee19e3b133d2a4c9d93,1.0,ok,
vf_d10f9693dc4f,pair_000063,targeted_pgd_facenet_verification,facenet-pytorch/InceptionResnetV1,vggface2,source_4008c321c1f3,target_f279b767b25d,0.01,0.001,20,0.47966246581077576,0.29493123292922974,0.8483471274375916,True,True,False,true,true,adv_training,trained,"{""epochs"":5,""lr"":1e-05,""margin"":0.15}",legacy_record,0.8483471274375916,0.4759841,false,false,true,false,,artifact_80c3a658a892142a,artifact_565ca8a8e87a53ad,artifact_c7f1887d744abd59,artifact_883bba1e47d10cdb,,artifact_ea7152eddc5ff20e,def_5728ad25b33a07b271b1,1.0,ok,
vf_55533266ecd5,pair_000064,targeted_pgd_facenet_verification,facenet-pytorch/InceptionResnetV1,vggface2,source_27656f3b65b8,target_056bbd32291f,0.01,0.001,20,0.47966246581077576,0.36480143666267395,0.7865967750549316,True,True,False,true,true,jpeg,transform,"{""quality"":75}",artifact_reload,0.69456941,0.69397366,true,true,false,true,0.0015,artifact_65c44f1f1917cc74,artifact_f93a1a0821ff51f8,artifact_7ce24d1045c12e1e,artifact_a8372e90c3c3c949,artifact_4eded3b382f0bfec,artifact_31043febf295e8f5,def_e7e4836dcadd8ee271ce,1.0,ok,
vf_55533266ecd5,pair_000064,targeted_pgd_facenet_verification,facenet-pytorch/InceptionResnetV1,vggface2,source_27656f3b65b8,target_056bbd32291f,0.01,0.001,20,0.47966246581077576,0.36480143666267395,0.7865967750549316,True,True,False,true,true,smoothing,transform,"{""radius"":3.0}",artifact_reload,0.69456941,0.10129538,false,false,true,false,0.0013,artifact_65c44f1f1917cc74,artifact_f93a1a0821ff51f8,artifact_7ce24d1045c12e1e,artifact_a8372e90c3c3c949,artifact_eb0e4bdeef4373f1,artifact_31043febf295e8f5,def_be667be38b0e1b6bc47b,1.0,ok,
vf_55533266ecd5,pair_000064,targeted_pgd_facenet_verification,facenet-pytorch/InceptionResnetV1,vggface2,source_27656f3b65b8,target_056bbd32291f,0.01,0.001,20,0.47966246581077576,0.36480143666267395,0.7865967750549316,True,True,False,true,true,bitdepth,transform,"{""bits"":4}",artifact_reload,0.69456941,0.67104697,true,true,false,true,0.0007,artifact_65c44f1f1917cc74,artifact_f93a1a0821ff51f8,artifact_7ce24d1045c12e1e,artifact_a8372e90c3c3c949,artifact_c9ba60c77acd7523,artifact_31043febf295e8f5,def_addbca55a758c6bb0f43,1.0,ok,
vf_55533266ecd5,pair_000064,targeted_pgd_facenet_verification,facenet-pytorch/InceptionResnetV1,vggface2,source_27656f3b65b8,target_056bbd32291f,0.01,0.001,20,0.47966246581077576,0.36480143666267395,0.7865967750549316,True,True,False,true,true,adv_training,trained,"{""epochs"":5,""lr"":1e-05,""margin"":0.15}",legacy_record,0.7865967750549316,0.33095545,false,false,true,false,,artifact_65c44f1f1917cc74,artifact_f93a1a0821ff51f8,artifact_7ce24d1045c12e1e,artifact_a8372e90c3c3c949,,artifact_ea7152eddc5ff20e,def_73a0d265a305470ad0d2,1.0,ok,
vf_5cd9fd7e47e8,pair_000065,targeted_pgd_facenet_verification,facenet-pytorch/InceptionResnetV1,vggface2,source_16254f944d43,target_6d0d6f90d03e,0.01,0.001,20,0.47966246581077576,0.27380460500717163,0.71491938829422,True,True,False,true,true,jpeg,transform,"{""quality"":75}",artifact_reload,0.59839737,0.59748471,true,true,false,true,0.0013,artifact_9fe3316962ae9b6e,artifact_6694e945ea429881,artifact_8f2e0c27cc39463c,artifact_7ee20c8a8d36e4d2,artifact_fcd2e005e0cb993a,artifact_31043febf295e8f5,def_8515ffced20de995293f,1.0,ok,
vf_5cd9fd7e47e8,pair_000065,targeted_pgd_facenet_verification,facenet-pytorch/InceptionResnetV1,vggface2,source_16254f944d43,target_6d0d6f90d03e,0.01,0.001,20,0.47966246581077576,0.27380460500717163,0.71491938829422,True,True,False,true,true,smoothing,transform,"{""radius"":3.0}",artifact_reload,0.59839737,0.27617514,false,false,true,false,0.0014,artifact_9fe3316962ae9b6e,artifact_6694e945ea429881,artifact_8f2e0c27cc39463c,artifact_7ee20c8a8d36e4d2,artifact_ecb7097c89be0007,artifact_31043febf295e8f5,def_d9e21d43dc6368a5aa99,1.0,ok,
vf_5cd9fd7e47e8,pair_000065,targeted_pgd_facenet_verification,facenet-pytorch/InceptionResnetV1,vggface2,source_16254f944d43,target_6d0d6f90d03e,0.01,0.001,20,0.47966246581077576,0.27380460500717163,0.71491938829422,True,True,False,true,true,bitdepth,transform,"{""bits"":4}",artifact_reload,0.59839737,0.54327035,true,true,false,true,0.0007,artifact_9fe3316962ae9b6e,artifact_6694e945ea429881,artifact_8f2e0c27cc39463c,artifact_7ee20c8a8d36e4d2,artifact_9b4c7d6d8c1b56c9,artifact_31043febf295e8f5,def_106743bdf41a32eed25d,1.0,ok,
vf_5cd9fd7e47e8,pair_000065,targeted_pgd_facenet_verification,facenet-pytorch/InceptionResnetV1,vggface2,source_16254f944d43,target_6d0d6f90d03e,0.01,0.001,20,0.47966246581077576,0.27380460500717163,0.71491938829422,True,True,False,true,true,adv_training,trained,"{""epochs"":5,""lr"":1e-05,""margin"":0.15}",legacy_record,0.71491938829422,-0.01703115,false,false,true,false,,artifact_9fe3316962ae9b6e,artifact_6694e945ea429881,artifact_8f2e0c27cc39463c,artifact_7ee20c8a8d36e4d2,,artifact_ea7152eddc5ff20e,def_553283c00a9df4403436,1.0,ok,
vf_ec206adff666,pair_000068,targeted_pgd_facenet_verification,facenet-pytorch/InceptionResnetV1,vggface2,source_ebc43d3edd78,target_a5eaf0f7d6ad,0.01,0.001,20,0.47966246581077576,0.1892942488193512,0.8125053644180298,True,True,False,true,true,jpeg,transform,"{""quality"":75}",artifact_reload,0.67741048,0.67724061,true,true,false,true,0.0013,artifact_8d96455cc0a35992,artifact_49eebbd0ce22f17b,artifact_1b53ebe823058ad4,artifact_3d5f47d1d8343350,artifact_3d18622e795556da,artifact_31043febf295e8f5,def_c3222f1a4dc95f8a9f90,1.0,ok,
vf_ec206adff666,pair_000068,targeted_pgd_facenet_verification,facenet-pytorch/InceptionResnetV1,vggface2,source_ebc43d3edd78,target_a5eaf0f7d6ad,0.01,0.001,20,0.47966246581077576,0.1892942488193512,0.8125053644180298,True,True,False,true,true,smoothing,transform,"{""radius"":3.0}",artifact_reload,0.67741048,0.34667218,false,false,true,false,0.0013,artifact_8d96455cc0a35992,artifact_49eebbd0ce22f17b,artifact_1b53ebe823058ad4,artifact_3d5f47d1d8343350,artifact_1766c9c5fe064a06,artifact_31043febf295e8f5,def_48ed5a9890a8cf7ba135,1.0,ok,
vf_ec206adff666,pair_000068,targeted_pgd_facenet_verification,facenet-pytorch/InceptionResnetV1,vggface2,source_ebc43d3edd78,target_a5eaf0f7d6ad,0.01,0.001,20,0.47966246581077576,0.1892942488193512,0.8125053644180298,True,True,False,true,true,bitdepth,transform,"{""bits"":4}",artifact_reload,0.67741048,0.58866811,true,true,false,true,0.0007,artifact_8d96455cc0a35992,artifact_49eebbd0ce22f17b,artifact_1b53ebe823058ad4,artifact_3d5f47d1d8343350,artifact_14d4b68f779db6f0,artifact_31043febf295e8f5,def_61763001c77fad77b3eb,1.0,ok,
vf_ec206adff666,pair_000068,targeted_pgd_facenet_verification,facenet-pytorch/InceptionResnetV1,vggface2,source_ebc43d3edd78,target_a5eaf0f7d6ad,0.01,0.001,20,0.47966246581077576,0.1892942488193512,0.8125053644180298,True,True,False,true,true,adv_training,trained,"{""epochs"":5,""lr"":1e-05,""margin"":0.15}",legacy_record,0.8125053644180298,0.22384283,false,false,true,false,,artifact_8d96455cc0a35992,artifact_49eebbd0ce22f17b,artifact_1b53ebe823058ad4,artifact_3d5f47d1d8343350,,artifact_ea7152eddc5ff20e,def_5f2e2a07e1373d16282f,1.0,ok,
vf_bbeaebe04885,pair_000070,targeted_pgd_facenet_verification,facenet-pytorch/InceptionResnetV1,vggface2,source_4008c321c1f3,target_03259d71c4a4,0.01,0.001,20,0.47966246581077576,0.4787027835845947,0.8590072393417358,True,True,False,true,true,jpeg,transform,"{""quality"":75}",artifact_reload,0.76400495,0.76212835,true,true,false,true,0.0013,artifact_b03997628cf977fa,artifact_d04f0f94937ded8e,artifact_5f2096311c2ce4f8,artifact_435da4473517291d,artifact_4bdb7cc068a698cb,artifact_31043febf295e8f5,def_e3be65e5e0d4963d0906,1.0,ok,
vf_bbeaebe04885,pair_000070,targeted_pgd_facenet_verification,facenet-pytorch/InceptionResnetV1,vggface2,source_4008c321c1f3,target_03259d71c4a4,0.01,0.001,20,0.47966246581077576,0.4787027835845947,0.8590072393417358,True,True,False,true,true,smoothing,transform,"{""radius"":3.0}",artifact_reload,0.76400495,0.28918839,false,false,true,false,0.0014,artifact_b03997628cf977fa,artifact_d04f0f94937ded8e,artifact_5f2096311c2ce4f8,artifact_435da4473517291d,artifact_35899c76442201de,artifact_31043febf295e8f5,def_f44d050c1dcd04c562d1,1.0,ok,
vf_bbeaebe04885,pair_000070,targeted_pgd_facenet_verification,facenet-pytorch/InceptionResnetV1,vggface2,source_4008c321c1f3,target_03259d71c4a4,0.01,0.001,20,0.47966246581077576,0.4787027835845947,0.8590072393417358,True,True,False,true,true,bitdepth,transform,"{""bits"":4}",artifact_reload,0.76400495,0.71260983,true,true,false,true,0.0007,artifact_b03997628cf977fa,artifact_d04f0f94937ded8e,artifact_5f2096311c2ce4f8,artifact_435da4473517291d,artifact_a3d39793d08c9052,artifact_31043febf295e8f5,def_8661f303a39c50abdab6,1.0,ok,
vf_bbeaebe04885,pair_000070,targeted_pgd_facenet_verification,facenet-pytorch/InceptionResnetV1,vggface2,source_4008c321c1f3,target_03259d71c4a4,0.01,0.001,20,0.47966246581077576,0.4787027835845947,0.8590072393417358,True,True,False,true,true,adv_training,trained,"{""epochs"":5,""lr"":1e-05,""margin"":0.15}",legacy_record,0.8590072393417358,0.07211129,false,false,true,false,,artifact_b03997628cf977fa,artifact_d04f0f94937ded8e,artifact_5f2096311c2ce4f8,artifact_435da4473517291d,,artifact_ea7152eddc5ff20e,def_9ecb7ba1647cf44684c3,1.0,ok,
vf_7652d6a8e675,pair_000074,targeted_pgd_facenet_verification,facenet-pytorch/InceptionResnetV1,vggface2,source_9a4dba119416,target_a5eaf0f7d6ad,0.01,0.001,20,0.47966246581077576,0.1414480060338974,0.6399246454238892,True,True,False,true,true,jpeg,transform,"{""quality"":75}",artifact_reload,0.51003885,0.50996357,true,true,false,true,0.0013,artifact_e6722dc44d2753d0,artifact_ea0f744523032899,artifact_297f6efafc243790,artifact_96d85d5aa933e794,artifact_e52233c0e3e7fed1,artifact_31043febf295e8f5,def_8d15c1874bb6b0096540,1.0,ok,
vf_7652d6a8e675,pair_000074,targeted_pgd_facenet_verification,facenet-pytorch/InceptionResnetV1,vggface2,source_9a4dba119416,target_a5eaf0f7d6ad,0.01,0.001,20,0.47966246581077576,0.1414480060338974,0.6399246454238892,True,True,False,true,true,smoothing,transform,"{""radius"":3.0}",artifact_reload,0.51003885,0.330787,false,false,true,false,0.0013,artifact_e6722dc44d2753d0,artifact_ea0f744523032899,artifact_297f6efafc243790,artifact_96d85d5aa933e794,artifact_7b45f5c2d745a53f,artifact_31043febf295e8f5,def_827e178df1bea6a9fd44,1.0,ok,
vf_7652d6a8e675,pair_000074,targeted_pgd_facenet_verification,facenet-pytorch/InceptionResnetV1,vggface2,source_9a4dba119416,target_a5eaf0f7d6ad,0.01,0.001,20,0.47966246581077576,0.1414480060338974,0.6399246454238892,True,True,False,true,true,bitdepth,transform,"{""bits"":4}",artifact_reload,0.51003885,0.44140142,false,false,true,false,0.0007,artifact_e6722dc44d2753d0,artifact_ea0f744523032899,artifact_297f6efafc243790,artifact_96d85d5aa933e794,artifact_62f09e9cb3a10c1c,artifact_31043febf295e8f5,def_9aa3380685404fb6fefc,1.0,ok,
vf_7652d6a8e675,pair_000074,targeted_pgd_facenet_verification,facenet-pytorch/InceptionResnetV1,vggface2,source_9a4dba119416,target_a5eaf0f7d6ad,0.01,0.001,20,0.47966246581077576,0.1414480060338974,0.6399246454238892,True,True,False,true,true,adv_training,trained,"{""epochs"":5,""lr"":1e-05,""margin"":0.15}",legacy_record,0.6399246454238892,-0.10571131,false,false,true,false,,artifact_e6722dc44d2753d0,artifact_ea0f744523032899,artifact_297f6efafc243790,artifact_96d85d5aa933e794,,artifact_ea7152eddc5ff20e,def_73ea92c7f18fdcd7c8d1,1.0,ok,
vf_f6bada306d92,pair_000077,targeted_pgd_facenet_verification,facenet-pytorch/InceptionResnetV1,vggface2,source_9a4dba119416,target_03259d71c4a4,0.01,0.001,20,0.47966246581077576,0.021916797384619713,0.6154270172119141,True,True,False,true,true,jpeg,transform,"{""quality"":75}",artifact_reload,0.49414748,0.49423295,true,true,false,true,0.0013,artifact_74fe2787302474d3,artifact_cd2d54bdfca793fc,artifact_82c810d7e8345c35,artifact_2b94e4228d23a5f0,artifact_c1f358656292d476,artifact_31043febf295e8f5,def_3791402626187525fe52,1.0,ok,
vf_f6bada306d92,pair_000077,targeted_pgd_facenet_verification,facenet-pytorch/InceptionResnetV1,vggface2,source_9a4dba119416,target_03259d71c4a4,0.01,0.001,20,0.47966246581077576,0.021916797384619713,0.6154270172119141,True,True,False,true,true,smoothing,transform,"{""radius"":3.0}",artifact_reload,0.49414748,0.342895,false,false,true,false,0.0014,artifact_74fe2787302474d3,artifact_cd2d54bdfca793fc,artifact_82c810d7e8345c35,artifact_2b94e4228d23a5f0,artifact_d02ac499a46547bf,artifact_31043febf295e8f5,def_381fe2f6c2fcc4e58853,1.0,ok,
vf_f6bada306d92,pair_000077,targeted_pgd_facenet_verification,facenet-pytorch/InceptionResnetV1,vggface2,source_9a4dba119416,target_03259d71c4a4,0.01,0.001,20,0.47966246581077576,0.021916797384619713,0.6154270172119141,True,True,False,true,true,bitdepth,transform,"{""bits"":4}",artifact_reload,0.49414748,0.42266887,false,false,true,false,0.0006,artifact_74fe2787302474d3,artifact_cd2d54bdfca793fc,artifact_82c810d7e8345c35,artifact_2b94e4228d23a5f0,artifact_a5e531abfabbcbf9,artifact_31043febf295e8f5,def_2a37171ee55f4bd42798,1.0,ok,
vf_f6bada306d92,pair_000077,targeted_pgd_facenet_verification,facenet-pytorch/InceptionResnetV1,vggface2,source_9a4dba119416,target_03259d71c4a4,0.01,0.001,20,0.47966246581077576,0.021916797384619713,0.6154270172119141,True,True,False,true,true,adv_training,trained,"{""epochs"":5,""lr"":1e-05,""margin"":0.15}",legacy_record,0.6154270172119141,0.25133938,false,false,true,false,,artifact_74fe2787302474d3,artifact_cd2d54bdfca793fc,artifact_82c810d7e8345c35,artifact_2b94e4228d23a5f0,,artifact_ea7152eddc5ff20e,def_92c777a73cb31e82b6df,1.0,ok,
vf_53873bf16646,pair_000078,targeted_pgd_facenet_verification,facenet-pytorch/InceptionResnetV1,vggface2,source_3b3b33593a36,target_3b63f0fe705d,0.01,0.001,20,0.47966246581077576,0.39863404631614685,0.8801050186157227,True,True,False,true,true,jpeg,transform,"{""quality"":75}",artifact_reload,0.78419292,0.78425455,true,true,false,true,0.0012,artifact_5969a13a9ec2b56c,artifact_e039badb5b83497d,artifact_ec5916ae1e472c46,artifact_54cc3f8ecea08f02,artifact_3f71fcc0bfdf5adf,artifact_31043febf295e8f5,def_f60dc342512eff077b0c,1.0,ok,
vf_53873bf16646,pair_000078,targeted_pgd_facenet_verification,facenet-pytorch/InceptionResnetV1,vggface2,source_3b3b33593a36,target_3b63f0fe705d,0.01,0.001,20,0.47966246581077576,0.39863404631614685,0.8801050186157227,True,True,False,true,true,smoothing,transform,"{""radius"":3.0}",artifact_reload,0.78419292,0.37067524,false,false,true,false,0.0013,artifact_5969a13a9ec2b56c,artifact_e039badb5b83497d,artifact_ec5916ae1e472c46,artifact_54cc3f8ecea08f02,artifact_977d3729bba81b57,artifact_31043febf295e8f5,def_a1df277923ce72940d39,1.0,ok,
vf_53873bf16646,pair_000078,targeted_pgd_facenet_verification,facenet-pytorch/InceptionResnetV1,vggface2,source_3b3b33593a36,target_3b63f0fe705d,0.01,0.001,20,0.47966246581077576,0.39863404631614685,0.8801050186157227,True,True,False,true,true,bitdepth,transform,"{""bits"":4}",artifact_reload,0.78419292,0.71809757,true,true,false,true,0.0007,artifact_5969a13a9ec2b56c,artifact_e039badb5b83497d,artifact_ec5916ae1e472c46,artifact_54cc3f8ecea08f02,artifact_db11d98f158147fa,artifact_31043febf295e8f5,def_1a914c691e106532f578,1.0,ok,
vf_53873bf16646,pair_000078,targeted_pgd_facenet_verification,facenet-pytorch/InceptionResnetV1,vggface2,source_3b3b33593a36,target_3b63f0fe705d,0.01,0.001,20,0.47966246581077576,0.39863404631614685,0.8801050186157227,True,True,False,true,true,adv_training,trained,"{""epochs"":5,""lr"":1e-05,""margin"":0.15}",legacy_record,0.8801050186157227,0.36268914,false,false,true,false,,artifact_5969a13a9ec2b56c,artifact_e039badb5b83497d,artifact_ec5916ae1e472c46,artifact_54cc3f8ecea08f02,,artifact_ea7152eddc5ff20e,def_5f8245cbf219999ce374,1.0,ok,
vf_5a83e8acf964,pair_000088,targeted_pgd_facenet_verification,facenet-pytorch/InceptionResnetV1,vggface2,source_4008c321c1f3,target_3b63f0fe705d,0.01,0.001,20,0.47966246581077576,0.03595558553934097,0.5894824266433716,True,True,False,false,false,jpeg,transform,"{""quality"":75}",artifact_reload,0.44419223,0.44392076,false,false,false,false,0.0014,artifact_18a6e637426e31ce,artifact_b3dd17319f25892f,artifact_245ed6d5ab7430e0,artifact_9bedb343a87f1d91,artifact_1c326900299a974c,artifact_31043febf295e8f5,def_0b5aff3fb396ac3587f9,1.0,ok,
vf_5a83e8acf964,pair_000088,targeted_pgd_facenet_verification,facenet-pytorch/InceptionResnetV1,vggface2,source_4008c321c1f3,target_3b63f0fe705d,0.01,0.001,20,0.47966246581077576,0.03595558553934097,0.5894824266433716,True,True,False,false,false,smoothing,transform,"{""radius"":3.0}",artifact_reload,0.44419223,0.0867613,false,false,false,false,0.0014,artifact_18a6e637426e31ce,artifact_b3dd17319f25892f,artifact_245ed6d5ab7430e0,artifact_9bedb343a87f1d91,artifact_e1b0f3ae3324394a,artifact_31043febf295e8f5,def_6eb221709323fe00473b,1.0,ok,
vf_5a83e8acf964,pair_000088,targeted_pgd_facenet_verification,facenet-pytorch/InceptionResnetV1,vggface2,source_4008c321c1f3,target_3b63f0fe705d,0.01,0.001,20,0.47966246581077576,0.03595558553934097,0.5894824266433716,True,True,False,false,false,bitdepth,transform,"{""bits"":4}",artifact_reload,0.44419223,0.37945816,false,false,false,false,0.0006,artifact_18a6e637426e31ce,artifact_b3dd17319f25892f,artifact_245ed6d5ab7430e0,artifact_9bedb343a87f1d91,artifact_879ac16976e295ab,artifact_31043febf295e8f5,def_f14ade18c398e8b74f8e,1.0,ok,
vf_5a83e8acf964,pair_000088,targeted_pgd_facenet_verification,facenet-pytorch/InceptionResnetV1,vggface2,source_4008c321c1f3,target_3b63f0fe705d,0.01,0.001,20,0.47966246581077576,0.03595558553934097,0.5894824266433716,True,True,False,true,true,adv_training,trained,"{""epochs"":5,""lr"":1e-05,""margin"":0.15}",legacy_record,0.5894824266433716,0.12222068,false,false,true,false,,artifact_18a6e637426e31ce,artifact_b3dd17319f25892f,artifact_245ed6d5ab7430e0,artifact_9bedb343a87f1d91,,artifact_ea7152eddc5ff20e,def_c4c172109b7172d8cbba,1.0,ok,
vf_05ba8a308d75,pair_000093,targeted_pgd_facenet_verification,facenet-pytorch/InceptionResnetV1,vggface2,source_9a4dba119416,target_b750d1d78860,0.01,0.001,20,0.47966246581077576,0.39783260226249695,0.8498008847236633,True,True,False,true,true,jpeg,transform,"{""quality"":75}",artifact_reload,0.73503917,0.73459911,true,true,false,true,0.0013,artifact_dfaa58515462b1c0,artifact_f21d069d04851353,artifact_fc750b7b042aa6fd,artifact_9a00cefbb4f3e85f,artifact_4e104fca7f689305,artifact_31043febf295e8f5,def_203bbd3ce9fc21f32623,1.0,ok,
vf_05ba8a308d75,pair_000093,targeted_pgd_facenet_verification,facenet-pytorch/InceptionResnetV1,vggface2,source_9a4dba119416,target_b750d1d78860,0.01,0.001,20,0.47966246581077576,0.39783260226249695,0.8498008847236633,True,True,False,true,true,smoothing,transform,"{""radius"":3.0}",artifact_reload,0.73503917,0.24537766,false,false,true,false,0.0014,artifact_dfaa58515462b1c0,artifact_f21d069d04851353,artifact_fc750b7b042aa6fd,artifact_9a00cefbb4f3e85f,artifact_97bc0b4a0bc0d371,artifact_31043febf295e8f5,def_d787f2fb52663bb62998,1.0,ok,
vf_05ba8a308d75,pair_000093,targeted_pgd_facenet_verification,facenet-pytorch/InceptionResnetV1,vggface2,source_9a4dba119416,target_b750d1d78860,0.01,0.001,20,0.47966246581077576,0.39783260226249695,0.8498008847236633,True,True,False,true,true,bitdepth,transform,"{""bits"":4}",artifact_reload,0.73503917,0.67858756,true,true,false,true,0.0007,artifact_dfaa58515462b1c0,artifact_f21d069d04851353,artifact_fc750b7b042aa6fd,artifact_9a00cefbb4f3e85f,artifact_51cee730aa88e5d0,artifact_31043febf295e8f5,def_4239801e3b93d862d049,1.0,ok,
vf_05ba8a308d75,pair_000093,targeted_pgd_facenet_verification,facenet-pytorch/InceptionResnetV1,vggface2,source_9a4dba119416,target_b750d1d78860,0.01,0.001,20,0.47966246581077576,0.39783260226249695,0.8498008847236633,True,True,False,true,true,adv_training,trained,"{""epochs"":5,""lr"":1e-05,""margin"":0.15}",legacy_record,0.8498008847236633,0.26470083,false,false,true,false,,artifact_dfaa58515462b1c0,artifact_f21d069d04851353,artifact_fc750b7b042aa6fd,artifact_9a00cefbb4f3e85f,,artifact_ea7152eddc5ff20e,def_59f085d5b582676aa82e,1.0,ok,
vf_b4ebef03d306,pair_000094,targeted_pgd_facenet_verification,facenet-pytorch/InceptionResnetV1,vggface2,source_6eda93227392,target_bbb0daa338ba,0.01,0.001,20,0.47966246581077576,0.18950439989566803,0.8384526371955872,True,True,False,true,true,jpeg,transform,"{""quality"":75}",artifact_reload,0.73903334,0.73872846,true,true,false,true,0.0021,artifact_879fd99bd0517c18,artifact_ba5efa87dc7e6e1d,artifact_27faf71e731749c7,artifact_4cc38cef1db41881,artifact_ed4e4cf4c71c36e3,artifact_31043febf295e8f5,def_70bc1abfe3e792fedaa2,1.0,ok,
vf_b4ebef03d306,pair_000094,targeted_pgd_facenet_verification,facenet-pytorch/InceptionResnetV1,vggface2,source_6eda93227392,target_bbb0daa338ba,0.01,0.001,20,0.47966246581077576,0.18950439989566803,0.8384526371955872,True,True,False,true,true,smoothing,transform,"{""radius"":3.0}",artifact_reload,0.73903334,0.29332799,false,false,true,false,0.0015,artifact_879fd99bd0517c18,artifact_ba5efa87dc7e6e1d,artifact_27faf71e731749c7,artifact_4cc38cef1db41881,artifact_48971d35063481eb,artifact_31043febf295e8f5,def_c9221df5cddbd8a05b9c,1.0,ok,
vf_b4ebef03d306,pair_000094,targeted_pgd_facenet_verification,facenet-pytorch/InceptionResnetV1,vggface2,source_6eda93227392,target_bbb0daa338ba,0.01,0.001,20,0.47966246581077576,0.18950439989566803,0.8384526371955872,True,True,False,true,true,bitdepth,transform,"{""bits"":4}",artifact_reload,0.73903334,0.68045688,true,true,false,true,0.0007,artifact_879fd99bd0517c18,artifact_ba5efa87dc7e6e1d,artifact_27faf71e731749c7,artifact_4cc38cef1db41881,artifact_2f524fcee1ee4563,artifact_31043febf295e8f5,def_5bb11689939583d3b9ac,1.0,ok,
vf_b4ebef03d306,pair_000094,targeted_pgd_facenet_verification,facenet-pytorch/InceptionResnetV1,vggface2,source_6eda93227392,target_bbb0daa338ba,0.01,0.001,20,0.47966246581077576,0.18950439989566803,0.8384526371955872,True,True,False,true,true,adv_training,trained,"{""epochs"":5,""lr"":1e-05,""margin"":0.15}",legacy_record,0.8384526371955872,0.422149,false,false,true,false,,artifact_879fd99bd0517c18,artifact_ba5efa87dc7e6e1d,artifact_27faf71e731749c7,artifact_4cc38cef1db41881,,artifact_ea7152eddc5ff20e,def_cdd2740482fea6df9904,1.0,ok,
vf_e220046b18ce,pair_000095,targeted_pgd_facenet_verification,facenet-pytorch/InceptionResnetV1,vggface2,source_6eda93227392,target_056bbd32291f,0.01,0.001,20,0.47966246581077576,0.11491916328668594,0.7331441640853882,True,True,False,true,true,jpeg,transform,"{""quality"":75}",artifact_reload,0.56719261,0.56721729,true,true,false,true,0.0012,artifact_12b32ec43b4129f3,artifact_49232093c471d10d,artifact_c3454ae6dd720043,artifact_1e06e816b7588958,artifact_c12cf3f9fbca76d6,artifact_31043febf295e8f5,def_a212990348d11c194946,1.0,ok,
vf_e220046b18ce,pair_000095,targeted_pgd_facenet_verification,facenet-pytorch/InceptionResnetV1,vggface2,source_6eda93227392,target_056bbd32291f,0.01,0.001,20,0.47966246581077576,0.11491916328668594,0.7331441640853882,True,True,False,true,true,smoothing,transform,"{""radius"":3.0}",artifact_reload,0.56719261,0.1744682,false,false,true,false,0.0013,artifact_12b32ec43b4129f3,artifact_49232093c471d10d,artifact_c3454ae6dd720043,artifact_1e06e816b7588958,artifact_bd918aeccfd4a1bb,artifact_31043febf295e8f5,def_884f0bf54f4caf6d10d5,1.0,ok,
vf_e220046b18ce,pair_000095,targeted_pgd_facenet_verification,facenet-pytorch/InceptionResnetV1,vggface2,source_6eda93227392,target_056bbd32291f,0.01,0.001,20,0.47966246581077576,0.11491916328668594,0.7331441640853882,True,True,False,true,true,bitdepth,transform,"{""bits"":4}",artifact_reload,0.56719261,0.5071246,true,true,false,true,0.0007,artifact_12b32ec43b4129f3,artifact_49232093c471d10d,artifact_c3454ae6dd720043,artifact_1e06e816b7588958,artifact_9433c68cdd592849,artifact_31043febf295e8f5,def_b8326305d181401bfad8,1.0,ok,
vf_e220046b18ce,pair_000095,targeted_pgd_facenet_verification,facenet-pytorch/InceptionResnetV1,vggface2,source_6eda93227392,target_056bbd32291f,0.01,0.001,20,0.47966246581077576,0.11491916328668594,0.7331441640853882,True,True,False,true,true,adv_training,trained,"{""epochs"":5,""lr"":1e-05,""margin"":0.15}",legacy_record,0.7331441640853882,0.11057566,false,false,true,false,,artifact_12b32ec43b4129f3,artifact_49232093c471d10d,artifact_c3454ae6dd720043,artifact_1e06e816b7588958,,artifact_ea7152eddc5ff20e,def_d4c0ab7ea05a8c7503e5,1.0,ok,
vf_6e30a0127ed0,pair_000098,targeted_pgd_facenet_verification,facenet-pytorch/InceptionResnetV1,vggface2,source_ea9c6f198674,target_056bbd32291f,0.01,0.001,20,0.47966246581077576,0.08480535447597504,0.5401043891906738,True,True,False,false,false,jpeg,transform,"{""quality"":75}",artifact_reload,0.42853504,0.42856458,false,false,false,false,0.0015,artifact_fae16116e3232a63,artifact_e05b2a42b25d5a59,artifact_8326dbb84d6f71ca,artifact_1dd4146f62e5bf40,artifact_b5d5a10939f2c4e1,artifact_31043febf295e8f5,def_c19eaecfdf72837ea167,1.0,ok,
vf_6e30a0127ed0,pair_000098,targeted_pgd_facenet_verification,facenet-pytorch/InceptionResnetV1,vggface2,source_ea9c6f198674,target_056bbd32291f,0.01,0.001,20,0.47966246581077576,0.08480535447597504,0.5401043891906738,True,True,False,false,false,smoothing,transform,"{""radius"":3.0}",artifact_reload,0.42853504,0.05652932,false,false,false,false,0.0015,artifact_fae16116e3232a63,artifact_e05b2a42b25d5a59,artifact_8326dbb84d6f71ca,artifact_1dd4146f62e5bf40,artifact_ab961664e292dbcd,artifact_31043febf295e8f5,def_365afc84588780c5da55,1.0,ok,
vf_6e30a0127ed0,pair_000098,targeted_pgd_facenet_verification,facenet-pytorch/InceptionResnetV1,vggface2,source_ea9c6f198674,target_056bbd32291f,0.01,0.001,20,0.47966246581077576,0.08480535447597504,0.5401043891906738,True,True,False,false,false,bitdepth,transform,"{""bits"":4}",artifact_reload,0.42853504,0.37041435,false,false,false,false,0.0007,artifact_fae16116e3232a63,artifact_e05b2a42b25d5a59,artifact_8326dbb84d6f71ca,artifact_1dd4146f62e5bf40,artifact_a118dada1c9ef7c5,artifact_31043febf295e8f5,def_aaac08ef2e6994ddbdab,1.0,ok,
vf_6e30a0127ed0,pair_000098,targeted_pgd_facenet_verification,facenet-pytorch/InceptionResnetV1,vggface2,source_ea9c6f198674,target_056bbd32291f,0.01,0.001,20,0.47966246581077576,0.08480535447597504,0.5401043891906738,True,True,False,true,true,adv_training,trained,"{""epochs"":5,""lr"":1e-05,""margin"":0.15}",legacy_record,0.5401043891906738,0.14107095,false,false,true,false,,artifact_fae16116e3232a63,artifact_e05b2a42b25d5a59,artifact_8326dbb84d6f71ca,artifact_1dd4146f62e5bf40,,artifact_ea7152eddc5ff20e,def_b38bec233ae25dd3c997,1.0,ok,
vf_a979d26e1a66,pair_000101,targeted_pgd_facenet_verification,facenet-pytorch/InceptionResnetV1,vggface2,source_9a4dba119416,target_03259d71c4a4,0.01,0.001,20,0.47966246581077576,0.03613599017262459,0.49649930000305176,True,True,False,false,false,jpeg,transform,"{""quality"":75}",artifact_reload,0.37494484,0.37513977,false,false,false,false,0.0013,artifact_5e67db769f9867eb,artifact_74db1ceb3b41973e,artifact_95a73d94ed89e488,artifact_2a3fb720b51c5820,artifact_90efde701ff2fe60,artifact_31043febf295e8f5,def_1452387433a5858caa1c,1.0,ok,
vf_a979d26e1a66,pair_000101,targeted_pgd_facenet_verification,facenet-pytorch/InceptionResnetV1,vggface2,source_9a4dba119416,target_03259d71c4a4,0.01,0.001,20,0.47966246581077576,0.03613599017262459,0.49649930000305176,True,True,False,false,false,smoothing,transform,"{""radius"":3.0}",artifact_reload,0.37494484,0.23459306,false,false,false,false,0.0013,artifact_5e67db769f9867eb,artifact_74db1ceb3b41973e,artifact_95a73d94ed89e488,artifact_2a3fb720b51c5820,artifact_bfb952f69629add9,artifact_31043febf295e8f5,def_b5c4d0513aa481646ccb,1.0,ok,
vf_a979d26e1a66,pair_000101,targeted_pgd_facenet_verification,facenet-pytorch/InceptionResnetV1,vggface2,source_9a4dba119416,target_03259d71c4a4,0.01,0.001,20,0.47966246581077576,0.03613599017262459,0.49649930000305176,True,True,False,false,false,bitdepth,transform,"{""bits"":4}",artifact_reload,0.37494484,0.31251439,false,false,false,false,0.0007,artifact_5e67db769f9867eb,artifact_74db1ceb3b41973e,artifact_95a73d94ed89e488,artifact_2a3fb720b51c5820,artifact_1d7b31cafda94af6,artifact_31043febf295e8f5,def_0747b71707d4bd9ba45c,1.0,ok,
vf_a979d26e1a66,pair_000101,targeted_pgd_facenet_verification,facenet-pytorch/InceptionResnetV1,vggface2,source_9a4dba119416,target_03259d71c4a4,0.01,0.001,20,0.47966246581077576,0.03613599017262459,0.49649930000305176,True,True,False,true,true,adv_training,trained,"{""epochs"":5,""lr"":1e-05,""margin"":0.15}",legacy_record,0.49649930000305176,-0.11812054,false,false,true,false,,artifact_5e67db769f9867eb,artifact_74db1ceb3b41973e,artifact_95a73d94ed89e488,artifact_2a3fb720b51c5820,,artifact_ea7152eddc5ff20e,def_6423c8bd79ce694ddec0,1.0,ok,
vf_2bdece140a8f,pair_000103,targeted_pgd_facenet_verification,facenet-pytorch/InceptionResnetV1,vggface2,source_3b3b33593a36,target_952b25972fe5,0.01,0.001,20,0.47966246581077576,0.36310362815856934,0.750274658203125,True,True,False,true,true,jpeg,transform,"{""quality"":75}",artifact_reload,0.66562909,0.66555715,true,true,false,true,0.0014,artifact_4f5165b328c8fbe4,artifact_e28435f7db6c7c4c,artifact_b2a8328abc8c3694,artifact_047207af479f0e03,artifact_935299bda6fc7484,artifact_31043febf295e8f5,def_5584b82e431e030094fb,1.0,ok,
vf_2bdece140a8f,pair_000103,targeted_pgd_facenet_verification,facenet-pytorch/InceptionResnetV1,vggface2,source_3b3b33593a36,target_952b25972fe5,0.01,0.001,20,0.47966246581077576,0.36310362815856934,0.750274658203125,True,True,False,true,true,smoothing,transform,"{""radius"":3.0}",artifact_reload,0.66562909,0.2381362,false,false,true,false,0.0013,artifact_4f5165b328c8fbe4,artifact_e28435f7db6c7c4c,artifact_b2a8328abc8c3694,artifact_047207af479f0e03,artifact_b28daff8dae035b7,artifact_31043febf295e8f5,def_0e1c9a4a99936ebb96ca,1.0,ok,
vf_2bdece140a8f,pair_000103,targeted_pgd_facenet_verification,facenet-pytorch/InceptionResnetV1,vggface2,source_3b3b33593a36,target_952b25972fe5,0.01,0.001,20,0.47966246581077576,0.36310362815856934,0.750274658203125,True,True,False,true,true,bitdepth,transform,"{""bits"":4}",artifact_reload,0.66562909,0.589683,true,true,false,true,0.0007,artifact_4f5165b328c8fbe4,artifact_e28435f7db6c7c4c,artifact_b2a8328abc8c3694,artifact_047207af479f0e03,artifact_0160fe1ec46f7b22,artifact_31043febf295e8f5,def_f68ff6b022aeb81ef437,1.0,ok,
vf_2bdece140a8f,pair_000103,targeted_pgd_facenet_verification,facenet-pytorch/InceptionResnetV1,vggface2,source_3b3b33593a36,target_952b25972fe5,0.01,0.001,20,0.47966246581077576,0.36310362815856934,0.750274658203125,True,True,False,true,true,adv_training,trained,"{""epochs"":5,""lr"":1e-05,""margin"":0.15}",legacy_record,0.750274658203125,0.18498039,false,false,true,false,,artifact_4f5165b328c8fbe4,artifact_e28435f7db6c7c4c,artifact_b2a8328abc8c3694,artifact_047207af479f0e03,,artifact_ea7152eddc5ff20e,def_5031219e1702c8d9df55,1.0,ok,
vf_3ea6819ccdfe,pair_000104,targeted_pgd_facenet_verification,facenet-pytorch/InceptionResnetV1,vggface2,source_9a4dba119416,target_f279b767b25d,0.01,0.001,20,0.47966246581077576,0.20981867611408234,0.7013630867004395,True,True,False,true,true,jpeg,transform,"{""quality"":75}",artifact_reload,0.56291711,0.56295365,true,true,false,true,0.0012,artifact_fd2f9f90e8bd54c9,artifact_25028d9f8af4738e,artifact_81a91a0ed994bf35,artifact_37e65d43a042e94d,artifact_c8998acefb71ebab,artifact_31043febf295e8f5,def_a56e9f05edaa4ef6b65a,1.0,ok,
vf_3ea6819ccdfe,pair_000104,targeted_pgd_facenet_verification,facenet-pytorch/InceptionResnetV1,vggface2,source_9a4dba119416,target_f279b767b25d,0.01,0.001,20,0.47966246581077576,0.20981867611408234,0.7013630867004395,True,True,False,true,true,smoothing,transform,"{""radius"":3.0}",artifact_reload,0.56291711,0.23331119,false,false,true,false,0.0013,artifact_fd2f9f90e8bd54c9,artifact_25028d9f8af4738e,artifact_81a91a0ed994bf35,artifact_37e65d43a042e94d,artifact_08032a8f782a772d,artifact_31043febf295e8f5,def_30f230ee0ffac3085a75,1.0,ok,
vf_3ea6819ccdfe,pair_000104,targeted_pgd_facenet_verification,facenet-pytorch/InceptionResnetV1,vggface2,source_9a4dba119416,target_f279b767b25d,0.01,0.001,20,0.47966246581077576,0.20981867611408234,0.7013630867004395,True,True,False,true,true,bitdepth,transform,"{""bits"":4}",artifact_reload,0.56291711,0.45885068,false,false,true,false,0.0007,artifact_fd2f9f90e8bd54c9,artifact_25028d9f8af4738e,artifact_81a91a0ed994bf35,artifact_37e65d43a042e94d,artifact_435ef8bb699ff9f8,artifact_31043febf295e8f5,def_827e29b804c2064bdb70,1.0,ok,
vf_3ea6819ccdfe,pair_000104,targeted_pgd_facenet_verification,facenet-pytorch/InceptionResnetV1,vggface2,source_9a4dba119416,target_f279b767b25d,0.01,0.001,20,0.47966246581077576,0.20981867611408234,0.7013630867004395,True,True,False,true,true,adv_training,trained,"{""epochs"":5,""lr"":1e-05,""margin"":0.15}",legacy_record,0.7013630867004395,0.21491398,false,false,true,false,,artifact_fd2f9f90e8bd54c9,artifact_25028d9f8af4738e,artifact_81a91a0ed994bf35,artifact_37e65d43a042e94d,,artifact_ea7152eddc5ff20e,def_63cf34095cc9b8c0d517,1.0,ok,
vf_ec311dd6967c,pair_000108,targeted_pgd_facenet_verification,facenet-pytorch/InceptionResnetV1,vggface2,source_6eda93227392,target_5356319edd8e,0.01,0.001,20,0.47966246581077576,0.23002798855304718,0.784149169921875,True,True,False,true,true,jpeg,transform,"{""quality"":75}",artifact_reload,0.6745736,0.67467177,true,true,false,true,0.0014,artifact_cfb93e51468ac967,artifact_303c8fe1d4baa367,artifact_53ab904c7c58b2d7,artifact_ed31e37f6f1f24f0,artifact_a6d39f437b18dc1f,artifact_31043febf295e8f5,def_628197f7ae9cc613666e,1.0,ok,
vf_ec311dd6967c,pair_000108,targeted_pgd_facenet_verification,facenet-pytorch/InceptionResnetV1,vggface2,source_6eda93227392,target_5356319edd8e,0.01,0.001,20,0.47966246581077576,0.23002798855304718,0.784149169921875,True,True,False,true,true,smoothing,transform,"{""radius"":3.0}",artifact_reload,0.6745736,0.2873269,false,false,true,false,0.0013,artifact_cfb93e51468ac967,artifact_303c8fe1d4baa367,artifact_53ab904c7c58b2d7,artifact_ed31e37f6f1f24f0,artifact_5d5c6a6a7ec27e25,artifact_31043febf295e8f5,def_cc2035b012173529d23a,1.0,ok,
vf_ec311dd6967c,pair_000108,targeted_pgd_facenet_verification,facenet-pytorch/InceptionResnetV1,vggface2,source_6eda93227392,target_5356319edd8e,0.01,0.001,20,0.47966246581077576,0.23002798855304718,0.784149169921875,True,True,False,true,true,bitdepth,transform,"{""bits"":4}",artifact_reload,0.6745736,0.65957654,true,true,false,true,0.0007,artifact_cfb93e51468ac967,artifact_303c8fe1d4baa367,artifact_53ab904c7c58b2d7,artifact_ed31e37f6f1f24f0,artifact_fbe4e6a5257218ca,artifact_31043febf295e8f5,def_1a40ef95c54ed7de3f26,1.0,ok,
vf_ec311dd6967c,pair_000108,targeted_pgd_facenet_verification,facenet-pytorch/InceptionResnetV1,vggface2,source_6eda93227392,target_5356319edd8e,0.01,0.001,20,0.47966246581077576,0.23002798855304718,0.784149169921875,True,True,False,true,true,adv_training,trained,"{""epochs"":5,""lr"":1e-05,""margin"":0.15}",legacy_record,0.784149169921875,0.46978882,false,false,true,false,,artifact_cfb93e51468ac967,artifact_303c8fe1d4baa367,artifact_53ab904c7c58b2d7,artifact_ed31e37f6f1f24f0,,artifact_ea7152eddc5ff20e,def_cefd961773944e6b8ac5,1.0,ok,
vf_e7897ae417d0,pair_000112,targeted_pgd_facenet_verification,facenet-pytorch/InceptionResnetV1,vggface2,source_16254f944d43,target_b750d1d78860,0.01,0.001,20,0.47966246581077576,0.019496068358421326,0.5835438966751099,True,True,False,false,false,jpeg,transform,"{""quality"":75}",artifact_reload,0.45378464,0.45376354,false,false,false,false,0.0013,artifact_d1488dff1e3a9611,artifact_cc887e028dad7d04,artifact_8399cebd65d82c62,artifact_3f6e2cdd5ff61292,artifact_4182086528855e4f,artifact_31043febf295e8f5,def_fbf79a2cd2b2dadc563e,1.0,ok,
vf_e7897ae417d0,pair_000112,targeted_pgd_facenet_verification,facenet-pytorch/InceptionResnetV1,vggface2,source_16254f944d43,target_b750d1d78860,0.01,0.001,20,0.47966246581077576,0.019496068358421326,0.5835438966751099,True,True,False,false,false,smoothing,transform,"{""radius"":3.0}",artifact_reload,0.45378464,0.06762598,false,false,false,false,0.0015,artifact_d1488dff1e3a9611,artifact_cc887e028dad7d04,artifact_8399cebd65d82c62,artifact_3f6e2cdd5ff61292,artifact_3b0884fb8dc80b88,artifact_31043febf295e8f5,def_503fedf7a6db9079feff,1.0,ok,
vf_e7897ae417d0,pair_000112,targeted_pgd_facenet_verification,facenet-pytorch/InceptionResnetV1,vggface2,source_16254f944d43,target_b750d1d78860,0.01,0.001,20,0.47966246581077576,0.019496068358421326,0.5835438966751099,True,True,False,false,false,bitdepth,transform,"{""bits"":4}",artifact_reload,0.45378464,0.3963334,false,false,false,false,0.0007,artifact_d1488dff1e3a9611,artifact_cc887e028dad7d04,artifact_8399cebd65d82c62,artifact_3f6e2cdd5ff61292,artifact_63d20fe9a0b058cb,artifact_31043febf295e8f5,def_8af43f9cdc2c17bb8f7b,1.0,ok,
vf_e7897ae417d0,pair_000112,targeted_pgd_facenet_verification,facenet-pytorch/InceptionResnetV1,vggface2,source_16254f944d43,target_b750d1d78860,0.01,0.001,20,0.47966246581077576,0.019496068358421326,0.5835438966751099,True,True,False,true,true,adv_training,trained,"{""epochs"":5,""lr"":1e-05,""margin"":0.15}",legacy_record,0.5835438966751099,0.03416762,false,false,true,false,,artifact_d1488dff1e3a9611,artifact_cc887e028dad7d04,artifact_8399cebd65d82c62,artifact_3f6e2cdd5ff61292,,artifact_ea7152eddc5ff20e,def_02a709b1579bdb13648b,1.0,ok,
vf_44fcd2d6e120,pair_000113,targeted_pgd_facenet_verification,facenet-pytorch/InceptionResnetV1,vggface2,source_4008c321c1f3,target_bbb0daa338ba,0.01,0.001,20,0.47966246581077576,0.2551112174987793,0.7881532311439514,True,True,False,true,true,jpeg,transform,"{""quality"":75}",artifact_reload,0.69437557,0.69442064,true,true,false,true,0.0012,artifact_e23d6e52367ce4bc,artifact_3be8c630ac95eb69,artifact_6e261db1d60ec76c,artifact_40fe7b53d0b95b30,artifact_f15d38a9465c66bf,artifact_31043febf295e8f5,def_7160d6ad9eca92885c6b,1.0,ok,
vf_44fcd2d6e120,pair_000113,targeted_pgd_facenet_verification,facenet-pytorch/InceptionResnetV1,vggface2,source_4008c321c1f3,target_bbb0daa338ba,0.01,0.001,20,0.47966246581077576,0.2551112174987793,0.7881532311439514,True,True,False,true,true,smoothing,transform,"{""radius"":3.0}",artifact_reload,0.69437557,0.38250872,false,false,true,false,0.0015,artifact_e23d6e52367ce4bc,artifact_3be8c630ac95eb69,artifact_6e261db1d60ec76c,artifact_40fe7b53d0b95b30,artifact_39e96d58274debd8,artifact_31043febf295e8f5,def_003d94fcf2f4192a4e50,1.0,ok,
vf_44fcd2d6e120,pair_000113,targeted_pgd_facenet_verification,facenet-pytorch/InceptionResnetV1,vggface2,source_4008c321c1f3,target_bbb0daa338ba,0.01,0.001,20,0.47966246581077576,0.2551112174987793,0.7881532311439514,True,True,False,true,true,bitdepth,transform,"{""bits"":4}",artifact_reload,0.69437557,0.64246762,true,true,false,true,0.0006,artifact_e23d6e52367ce4bc,artifact_3be8c630ac95eb69,artifact_6e261db1d60ec76c,artifact_40fe7b53d0b95b30,artifact_abd341a25ee4a090,artifact_31043febf295e8f5,def_defd47ea1a51297bbb8a,1.0,ok,
vf_44fcd2d6e120,pair_000113,targeted_pgd_facenet_verification,facenet-pytorch/InceptionResnetV1,vggface2,source_4008c321c1f3,target_bbb0daa338ba,0.01,0.001,20,0.47966246581077576,0.2551112174987793,0.7881532311439514,True,True,False,true,true,adv_training,trained,"{""epochs"":5,""lr"":1e-05,""margin"":0.15}",legacy_record,0.7881532311439514,-0.13292797,false,false,true,false,,artifact_e23d6e52367ce4bc,artifact_3be8c630ac95eb69,artifact_6e261db1d60ec76c,artifact_40fe7b53d0b95b30,,artifact_ea7152eddc5ff20e,def_a4bb0f82d6360242886b,1.0,ok,
vf_369a060108c8,pair_000114,targeted_pgd_facenet_verification,facenet-pytorch/InceptionResnetV1,vggface2,source_3b3b33593a36,target_bbb0daa338ba,0.01,0.001,20,0.47966246581077576,0.11442787945270538,0.7193537354469299,True,True,False,true,true,jpeg,transform,"{""quality"":75}",artifact_reload,0.57746184,0.57799047,true,true,false,true,0.0012,artifact_7fc59f14b80beb37,artifact_762c474d06acecc0,artifact_7e2f53ae2ea528d1,artifact_5c4c709f9dbf0011,artifact_d8ea211765ce95b2,artifact_31043febf295e8f5,def_a69055a3638118c1dbc4,1.0,ok,
vf_369a060108c8,pair_000114,targeted_pgd_facenet_verification,facenet-pytorch/InceptionResnetV1,vggface2,source_3b3b33593a36,target_bbb0daa338ba,0.01,0.001,20,0.47966246581077576,0.11442787945270538,0.7193537354469299,True,True,False,true,true,smoothing,transform,"{""radius"":3.0}",artifact_reload,0.57746184,0.35289821,false,false,true,false,0.0043,artifact_7fc59f14b80beb37,artifact_762c474d06acecc0,artifact_7e2f53ae2ea528d1,artifact_5c4c709f9dbf0011,artifact_5810dfbd9a5d8bcb,artifact_31043febf295e8f5,def_447b3b6442a5421da9aa,1.0,ok,
vf_369a060108c8,pair_000114,targeted_pgd_facenet_verification,facenet-pytorch/InceptionResnetV1,vggface2,source_3b3b33593a36,target_bbb0daa338ba,0.01,0.001,20,0.47966246581077576,0.11442787945270538,0.7193537354469299,True,True,False,true,true,bitdepth,transform,"{""bits"":4}",artifact_reload,0.57746184,0.5120095,true,true,false,true,0.0007,artifact_7fc59f14b80beb37,artifact_762c474d06acecc0,artifact_7e2f53ae2ea528d1,artifact_5c4c709f9dbf0011,artifact_54ce24c20cf7e3ba,artifact_31043febf295e8f5,def_b6133a7b174789c55d98,1.0,ok,
vf_369a060108c8,pair_000114,targeted_pgd_facenet_verification,facenet-pytorch/InceptionResnetV1,vggface2,source_3b3b33593a36,target_bbb0daa338ba,0.01,0.001,20,0.47966246581077576,0.11442787945270538,0.7193537354469299,True,True,False,true,true,adv_training,trained,"{""epochs"":5,""lr"":1e-05,""margin"":0.15}",legacy_record,0.7193537354469299,-0.12944287,false,false,true,false,,artifact_7fc59f14b80beb37,artifact_762c474d06acecc0,artifact_7e2f53ae2ea528d1,artifact_5c4c709f9dbf0011,,artifact_ea7152eddc5ff20e,def_86e1b4ed600bea888f99,1.0,ok,
vf_e4724842b3b3,pair_000117,targeted_pgd_facenet_verification,facenet-pytorch/InceptionResnetV1,vggface2,source_4008c321c1f3,target_b750d1d78860,0.01,0.001,20,0.47966246581077576,0.23801392316818237,0.7098124027252197,True,True,False,true,true,jpeg,transform,"{""quality"":75}",artifact_reload,0.60832047,0.60869771,true,true,false,true,0.0012,artifact_c974375c74275c8a,artifact_696838a520302017,artifact_47c4f67fc746ab28,artifact_7455f323fdace605,artifact_e82aa82ec5d09af4,artifact_31043febf295e8f5,def_6e139a39bb884f776182,1.0,ok,
vf_e4724842b3b3,pair_000117,targeted_pgd_facenet_verification,facenet-pytorch/InceptionResnetV1,vggface2,source_4008c321c1f3,target_b750d1d78860,0.01,0.001,20,0.47966246581077576,0.23801392316818237,0.7098124027252197,True,True,False,true,true,smoothing,transform,"{""radius"":3.0}",artifact_reload,0.60832047,0.19957364,false,false,true,false,0.0015,artifact_c974375c74275c8a,artifact_696838a520302017,artifact_47c4f67fc746ab28,artifact_7455f323fdace605,artifact_fc28cf64736b81f4,artifact_31043febf295e8f5,def_365fed4d2ff3e8641f4b,1.0,ok,
vf_e4724842b3b3,pair_000117,targeted_pgd_facenet_verification,facenet-pytorch/InceptionResnetV1,vggface2,source_4008c321c1f3,target_b750d1d78860,0.01,0.001,20,0.47966246581077576,0.23801392316818237,0.7098124027252197,True,True,False,true,true,bitdepth,transform,"{""bits"":4}",artifact_reload,0.60832047,0.56249058,true,true,false,true,0.0007,artifact_c974375c74275c8a,artifact_696838a520302017,artifact_47c4f67fc746ab28,artifact_7455f323fdace605,artifact_63ef107010957427,artifact_31043febf295e8f5,def_1a12fc76e17f2145d42c,1.0,ok,
vf_e4724842b3b3,pair_000117,targeted_pgd_facenet_verification,facenet-pytorch/InceptionResnetV1,vggface2,source_4008c321c1f3,target_b750d1d78860,0.01,0.001,20,0.47966246581077576,0.23801392316818237,0.7098124027252197,True,True,False,true,true,adv_training,trained,"{""epochs"":5,""lr"":1e-05,""margin"":0.15}",legacy_record,0.7098124027252197,0.31498709,false,false,true,false,,artifact_c974375c74275c8a,artifact_696838a520302017,artifact_47c4f67fc746ab28,artifact_7455f323fdace605,,artifact_ea7152eddc5ff20e,def_71f71ee65e26548d264a,1.0,ok,
vf_018e3df2e135,pair_000118,targeted_pgd_facenet_verification,facenet-pytorch/InceptionResnetV1,vggface2,source_ebc43d3edd78,target_03259d71c4a4,0.01,0.001,20,0.47966246581077576,0.2625645697116852,0.7719829082489014,True,True,False,true,true,jpeg,transform,"{""quality"":75}",artifact_reload,0.65958399,0.65955669,true,true,false,true,0.0014,artifact_fde87ac04a4587c6,artifact_81c5b5b914807167,artifact_370b00038e6f75f2,artifact_fff01067f52b47fc,artifact_76086ceb918492d8,artifact_31043febf295e8f5,def_c7766aa0f514f1c02b4f,1.0,ok,
vf_018e3df2e135,pair_000118,targeted_pgd_facenet_verification,facenet-pytorch/InceptionResnetV1,vggface2,source_ebc43d3edd78,target_03259d71c4a4,0.01,0.001,20,0.47966246581077576,0.2625645697116852,0.7719829082489014,True,True,False,true,true,smoothing,transform,"{""radius"":3.0}",artifact_reload,0.65958399,0.51603103,true,true,false,true,0.0013,artifact_fde87ac04a4587c6,artifact_81c5b5b914807167,artifact_370b00038e6f75f2,artifact_fff01067f52b47fc,artifact_6be8b1de23b97ab0,artifact_31043febf295e8f5,def_cccceb0c47a4b8d4a2fb,1.0,ok,
vf_018e3df2e135,pair_000118,targeted_pgd_facenet_verification,facenet-pytorch/InceptionResnetV1,vggface2,source_ebc43d3edd78,target_03259d71c4a4,0.01,0.001,20,0.47966246581077576,0.2625645697116852,0.7719829082489014,True,True,False,true,true,bitdepth,transform,"{""bits"":4}",artifact_reload,0.65958399,0.61927438,true,true,false,true,0.0007,artifact_fde87ac04a4587c6,artifact_81c5b5b914807167,artifact_370b00038e6f75f2,artifact_fff01067f52b47fc,artifact_763996857d421c2c,artifact_31043febf295e8f5,def_833764354c339fefa29e,1.0,ok,
vf_018e3df2e135,pair_000118,targeted_pgd_facenet_verification,facenet-pytorch/InceptionResnetV1,vggface2,source_ebc43d3edd78,target_03259d71c4a4,0.01,0.001,20,0.47966246581077576,0.2625645697116852,0.7719829082489014,True,True,False,true,true,adv_training,trained,"{""epochs"":5,""lr"":1e-05,""margin"":0.15}",legacy_record,0.7719829082489014,0.10347547,false,false,true,false,,artifact_fde87ac04a4587c6,artifact_81c5b5b914807167,artifact_370b00038e6f75f2,artifact_fff01067f52b47fc,,artifact_ea7152eddc5ff20e,def_76751e8d7e06f411a586,1.0,ok,
vf_7b46e66fb249,pair_000125,targeted_pgd_facenet_verification,facenet-pytorch/InceptionResnetV1,vggface2,source_ebc43d3edd78,target_a5eaf0f7d6ad,0.01,0.001,20,0.47966246581077576,0.2838618755340576,0.8815578818321228,True,True,False,true,true,jpeg,transform,"{""quality"":75}",artifact_reload,0.73266679,0.73278415,true,true,false,true,0.0012,artifact_0cc1545f246dbe60,artifact_25a91e747a412a8a,artifact_3d0f1e40e497e498,artifact_45a6a26368b4e64a,artifact_b957a654fddad509,artifact_31043febf295e8f5,def_eeccb1124d0de92061aa,1.0,ok,
vf_7b46e66fb249,pair_000125,targeted_pgd_facenet_verification,facenet-pytorch/InceptionResnetV1,vggface2,source_ebc43d3edd78,target_a5eaf0f7d6ad,0.01,0.001,20,0.47966246581077576,0.2838618755340576,0.8815578818321228,True,True,False,true,true,smoothing,transform,"{""radius"":3.0}",artifact_reload,0.73266679,0.47588712,false,false,true,false,0.0013,artifact_0cc1545f246dbe60,artifact_25a91e747a412a8a,artifact_3d0f1e40e497e498,artifact_45a6a26368b4e64a,artifact_1e6b9552e4bd8e90,artifact_31043febf295e8f5,def_d3ac02008a2cf08d3eec,1.0,ok,
vf_7b46e66fb249,pair_000125,targeted_pgd_facenet_verification,facenet-pytorch/InceptionResnetV1,vggface2,source_ebc43d3edd78,target_a5eaf0f7d6ad,0.01,0.001,20,0.47966246581077576,0.2838618755340576,0.8815578818321228,True,True,False,true,true,bitdepth,transform,"{""bits"":4}",artifact_reload,0.73266679,0.6743117,true,true,false,true,0.0007,artifact_0cc1545f246dbe60,artifact_25a91e747a412a8a,artifact_3d0f1e40e497e498,artifact_45a6a26368b4e64a,artifact_ee8c06e2ec3d7be1,artifact_31043febf295e8f5,def_0b8e4dc1e1d8a1295e39,1.0,ok,
vf_7b46e66fb249,pair_000125,targeted_pgd_facenet_verification,facenet-pytorch/InceptionResnetV1,vggface2,source_ebc43d3edd78,target_a5eaf0f7d6ad,0.01,0.001,20,0.47966246581077576,0.2838618755340576,0.8815578818321228,True,True,False,true,true,adv_training,trained,"{""epochs"":5,""lr"":1e-05,""margin"":0.15}",legacy_record,0.8815578818321228,0.17592478,false,false,true,false,,artifact_0cc1545f246dbe60,artifact_25a91e747a412a8a,artifact_3d0f1e40e497e498,artifact_45a6a26368b4e64a,,artifact_ea7152eddc5ff20e,def_eabd7ddfa7372e12e575,1.0,ok,
vf_a034b22c4586,pair_000128,targeted_pgd_facenet_verification,facenet-pytorch/InceptionResnetV1,vggface2,source_3b3b33593a36,target_3b63f0fe705d,0.01,0.001,20,0.47966246581077576,0.4402514696121216,0.9023802280426025,True,True,False,true,true,jpeg,transform,"{""quality"":75}",artifact_reload,0.82533801,0.82543057,true,true,false,true,0.0012,artifact_9c8b6045412fe6d1,artifact_418298a646cba0cc,artifact_6f1eb779cd00ef84,artifact_c2c2249bbdf4064d,artifact_ea2b77b4e2a8db6c,artifact_31043febf295e8f5,def_cc46574dc1e5c4f91300,1.0,ok,
vf_a034b22c4586,pair_000128,targeted_pgd_facenet_verification,facenet-pytorch/InceptionResnetV1,vggface2,source_3b3b33593a36,target_3b63f0fe705d,0.01,0.001,20,0.47966246581077576,0.4402514696121216,0.9023802280426025,True,True,False,true,true,smoothing,transform,"{""radius"":3.0}",artifact_reload,0.82533801,0.2620838,false,false,true,false,0.0013,artifact_9c8b6045412fe6d1,artifact_418298a646cba0cc,artifact_6f1eb779cd00ef84,artifact_c2c2249bbdf4064d,artifact_96517534ea894f7d,artifact_31043febf295e8f5,def_e5c91cab160bc1db2d91,1.0,ok,
vf_a034b22c4586,pair_000128,targeted_pgd_facenet_verification,facenet-pytorch/InceptionResnetV1,vggface2,source_3b3b33593a36,target_3b63f0fe705d,0.01,0.001,20,0.47966246581077576,0.4402514696121216,0.9023802280426025,True,True,False,true,true,bitdepth,transform,"{""bits"":4}",artifact_reload,0.82533801,0.79441094,true,true,false,true,0.0007,artifact_9c8b6045412fe6d1,artifact_418298a646cba0cc,artifact_6f1eb779cd00ef84,artifact_c2c2249bbdf4064d,artifact_f547dd925be5afea,artifact_31043febf295e8f5,def_260bb1c30594eb056e05,1.0,ok,
vf_a034b22c4586,pair_000128,targeted_pgd_facenet_verification,facenet-pytorch/InceptionResnetV1,vggface2,source_3b3b33593a36,target_3b63f0fe705d,0.01,0.001,20,0.47966246581077576,0.4402514696121216,0.9023802280426025,True,True,False,true,true,adv_training,trained,"{""epochs"":5,""lr"":1e-05,""margin"":0.15}",legacy_record,0.9023802280426025,0.14514129,false,false,true,false,,artifact_9c8b6045412fe6d1,artifact_418298a646cba0cc,artifact_6f1eb779cd00ef84,artifact_c2c2249bbdf4064d,,artifact_ea7152eddc5ff20e,def_7d31a9fb261a7abf024a,1.0,ok,
vf_10244b48ba4d,pair_000130,targeted_pgd_facenet_verification,facenet-pytorch/InceptionResnetV1,vggface2,source_4008c321c1f3,target_a5eaf0f7d6ad,0.01,0.001,20,0.47966246581077576,-0.15621356666088104,0.605218231678009,True,True,False,false,false,jpeg,transform,"{""quality"":75}",artifact_reload,0.36965066,0.37075698,false,false,false,false,0.0012,artifact_88641541a46ac3ce,artifact_66de5668679881a1,artifact_2b0a6989d0dcd89e,artifact_57dba78ef931467d,artifact_80cb3f5c163eb3fd,artifact_31043febf295e8f5,def_5af0ed1c33789cd29366,1.0,ok,
vf_10244b48ba4d,pair_000130,targeted_pgd_facenet_verification,facenet-pytorch/InceptionResnetV1,vggface2,source_4008c321c1f3,target_a5eaf0f7d6ad,0.01,0.001,20,0.47966246581077576,-0.15621356666088104,0.605218231678009,True,True,False,false,false,smoothing,transform,"{""radius"":3.0}",artifact_reload,0.36965066,0.06912358,false,false,false,false,0.0015,artifact_88641541a46ac3ce,artifact_66de5668679881a1,artifact_2b0a6989d0dcd89e,artifact_57dba78ef931467d,artifact_bf030783e574ac47,artifact_31043febf295e8f5,def_58ec1f475586868cd33c,1.0,ok,
vf_10244b48ba4d,pair_000130,targeted_pgd_facenet_verification,facenet-pytorch/InceptionResnetV1,vggface2,source_4008c321c1f3,target_a5eaf0f7d6ad,0.01,0.001,20,0.47966246581077576,-0.15621356666088104,0.605218231678009,True,True,False,false,false,bitdepth,transform,"{""bits"":4}",artifact_reload,0.36965066,0.26630026,false,false,false,false,0.0007,artifact_88641541a46ac3ce,artifact_66de5668679881a1,artifact_2b0a6989d0dcd89e,artifact_57dba78ef931467d,artifact_63c08161a7172aa4,artifact_31043febf295e8f5,def_06cb57693b8243baef94,1.0,ok,
vf_10244b48ba4d,pair_000130,targeted_pgd_facenet_verification,facenet-pytorch/InceptionResnetV1,vggface2,source_4008c321c1f3,target_a5eaf0f7d6ad,0.01,0.001,20,0.47966246581077576,-0.15621356666088104,0.605218231678009,True,True,False,true,true,adv_training,trained,"{""epochs"":5,""lr"":1e-05,""margin"":0.15}",legacy_record,0.605218231678009,-0.00511407,false,false,true,false,,artifact_88641541a46ac3ce,artifact_66de5668679881a1,artifact_2b0a6989d0dcd89e,artifact_57dba78ef931467d,,artifact_ea7152eddc5ff20e,def_989c4d92f523c93fdaf8,1.0,ok,
vf_d12e13d84c24,pair_000132,targeted_pgd_facenet_verification,facenet-pytorch/InceptionResnetV1,vggface2,source_6eda93227392,target_056bbd32291f,0.01,0.001,20,0.47966246581077576,0.22481846809387207,0.7672551274299622,True,True,False,true,true,jpeg,transform,"{""quality"":75}",artifact_reload,0.65506887,0.65489268,true,true,false,true,0.0013,artifact_6d6a1d818e4425e6,artifact_0b863ff72a23f43e,artifact_4a06bf57372e603a,artifact_6899e4a39fb3a3bd,artifact_2571c2c748549eab,artifact_31043febf295e8f5,def_dec69630ba8a53e0eb43,1.0,ok,
vf_d12e13d84c24,pair_000132,targeted_pgd_facenet_verification,facenet-pytorch/InceptionResnetV1,vggface2,source_6eda93227392,target_056bbd32291f,0.01,0.001,20,0.47966246581077576,0.22481846809387207,0.7672551274299622,True,True,False,true,true,smoothing,transform,"{""radius"":3.0}",artifact_reload,0.65506887,0.36561382,false,false,true,false,0.0013,artifact_6d6a1d818e4425e6,artifact_0b863ff72a23f43e,artifact_4a06bf57372e603a,artifact_6899e4a39fb3a3bd,artifact_0f2889a2e4e1d67d,artifact_31043febf295e8f5,def_39738a12fd93554b0c1b,1.0,ok,
vf_d12e13d84c24,pair_000132,targeted_pgd_facenet_verification,facenet-pytorch/InceptionResnetV1,vggface2,source_6eda93227392,target_056bbd32291f,0.01,0.001,20,0.47966246581077576,0.22481846809387207,0.7672551274299622,True,True,False,true,true,bitdepth,transform,"{""bits"":4}",artifact_reload,0.65506887,0.6218816,true,true,false,true,0.0007,artifact_6d6a1d818e4425e6,artifact_0b863ff72a23f43e,artifact_4a06bf57372e603a,artifact_6899e4a39fb3a3bd,artifact_5e14cab206c0a24b,artifact_31043febf295e8f5,def_750e2326ab64b99c283a,1.0,ok,
vf_d12e13d84c24,pair_000132,targeted_pgd_facenet_verification,facenet-pytorch/InceptionResnetV1,vggface2,source_6eda93227392,target_056bbd32291f,0.01,0.001,20,0.47966246581077576,0.22481846809387207,0.7672551274299622,True,True,False,true,true,adv_training,trained,"{""epochs"":5,""lr"":1e-05,""margin"":0.15}",legacy_record,0.7672551274299622,0.12768182,false,false,true,false,,artifact_6d6a1d818e4425e6,artifact_0b863ff72a23f43e,artifact_4a06bf57372e603a,artifact_6899e4a39fb3a3bd,,artifact_ea7152eddc5ff20e,def_0e10a0a052ba168e6964,1.0,ok,
vf_189241d1fe52,pair_000133,targeted_pgd_facenet_verification,facenet-pytorch/InceptionResnetV1,vggface2,source_b82940bb25ca,target_3b63f0fe705d,0.01,0.001,20,0.47966246581077576,0.056563280522823334,0.49391287565231323,True,True,False,false,false,jpeg,transform,"{""quality"":75}",artifact_reload,0.37350142,0.37239981,false,false,false,false,0.0014,artifact_5d9e7ac77b574440,artifact_d2d024a98715a6c2,artifact_c2f343b906cadcbb,artifact_13bc96b68d522101,artifact_e3c30b22d8e11c41,artifact_31043febf295e8f5,def_e36cdf110516052c8683,1.0,ok,
vf_189241d1fe52,pair_000133,targeted_pgd_facenet_verification,facenet-pytorch/InceptionResnetV1,vggface2,source_b82940bb25ca,target_3b63f0fe705d,0.01,0.001,20,0.47966246581077576,0.056563280522823334,0.49391287565231323,True,True,False,false,false,smoothing,transform,"{""radius"":3.0}",artifact_reload,0.37350142,0.22215194,false,false,false,false,0.0013,artifact_5d9e7ac77b574440,artifact_d2d024a98715a6c2,artifact_c2f343b906cadcbb,artifact_13bc96b68d522101,artifact_49bb9a42edb69d0c,artifact_31043febf295e8f5,def_0350b323568ed799fa93,1.0,ok,
vf_189241d1fe52,pair_000133,targeted_pgd_facenet_verification,facenet-pytorch/InceptionResnetV1,vggface2,source_b82940bb25ca,target_3b63f0fe705d,0.01,0.001,20,0.47966246581077576,0.056563280522823334,0.49391287565231323,True,True,False,false,false,bitdepth,transform,"{""bits"":4}",artifact_reload,0.37350142,0.35469019,false,false,false,false,0.0007,artifact_5d9e7ac77b574440,artifact_d2d024a98715a6c2,artifact_c2f343b906cadcbb,artifact_13bc96b68d522101,artifact_9fb001c95bb1530d,artifact_31043febf295e8f5,def_825e8d5437e34e6e871a,1.0,ok,
vf_189241d1fe52,pair_000133,targeted_pgd_facenet_verification,facenet-pytorch/InceptionResnetV1,vggface2,source_b82940bb25ca,target_3b63f0fe705d,0.01,0.001,20,0.47966246581077576,0.056563280522823334,0.49391287565231323,True,True,False,true,true,adv_training,trained,"{""epochs"":5,""lr"":1e-05,""margin"":0.15}",legacy_record,0.49391287565231323,0.05664928,false,false,true,false,,artifact_5d9e7ac77b574440,artifact_d2d024a98715a6c2,artifact_c2f343b906cadcbb,artifact_13bc96b68d522101,,artifact_ea7152eddc5ff20e,def_87aa65258e436bb32065,1.0,ok,
vf_5eefde1bcecb,pair_000138,targeted_pgd_facenet_verification,facenet-pytorch/InceptionResnetV1,vggface2,source_9a4dba119416,target_056bbd32291f,0.01,0.001,20,0.47966246581077576,-0.007280323654413223,0.5443698167800903,True,True,False,false,false,jpeg,transform,"{""quality"":75}",artifact_reload,0.39909858,0.39885083,false,false,false,false,0.0012,artifact_9e50432c43916dc3,artifact_66d13b21a1e7d1dd,artifact_8d6e724326fee3d2,artifact_3c8fce9ea70ca4ff,artifact_53d3deebf6083c74,artifact_31043febf295e8f5,def_3a8b3e0e056349611c55,1.0,ok,
vf_5eefde1bcecb,pair_000138,targeted_pgd_facenet_verification,facenet-pytorch/InceptionResnetV1,vggface2,source_9a4dba119416,target_056bbd32291f,0.01,0.001,20,0.47966246581077576,-0.007280323654413223,0.5443698167800903,True,True,False,false,false,smoothing,transform,"{""radius"":3.0}",artifact_reload,0.39909858,0.08077829,false,false,false,false,0.0013,artifact_9e50432c43916dc3,artifact_66d13b21a1e7d1dd,artifact_8d6e724326fee3d2,artifact_3c8fce9ea70ca4ff,artifact_5197b0f3fe7b3a32,artifact_31043febf295e8f5,def_90ab911ca45ef2195181,1.0,ok,
vf_5eefde1bcecb,pair_000138,targeted_pgd_facenet_verification,facenet-pytorch/InceptionResnetV1,vggface2,source_9a4dba119416,target_056bbd32291f,0.01,0.001,20,0.47966246581077576,-0.007280323654413223,0.5443698167800903,True,True,False,false,false,bitdepth,transform,"{""bits"":4}",artifact_reload,0.39909858,0.31027871,false,false,false,false,0.0007,artifact_9e50432c43916dc3,artifact_66d13b21a1e7d1dd,artifact_8d6e724326fee3d2,artifact_3c8fce9ea70ca4ff,artifact_c4ff5270bf398297,artifact_31043febf295e8f5,def_8ea3cbe849074c480e87,1.0,ok,
vf_5eefde1bcecb,pair_000138,targeted_pgd_facenet_verification,facenet-pytorch/InceptionResnetV1,vggface2,source_9a4dba119416,target_056bbd32291f,0.01,0.001,20,0.47966246581077576,-0.007280323654413223,0.5443698167800903,True,True,False,true,true,adv_training,trained,"{""epochs"":5,""lr"":1e-05,""margin"":0.15}",legacy_record,0.5443698167800903,0.28798828,false,false,true,false,,artifact_9e50432c43916dc3,artifact_66d13b21a1e7d1dd,artifact_8d6e724326fee3d2,artifact_3c8fce9ea70ca4ff,,artifact_ea7152eddc5ff20e,def_d91488f8e564019387f3,1.0,ok,
vf_c563ee357bd2,pair_000143,targeted_pgd_facenet_verification,facenet-pytorch/InceptionResnetV1,vggface2,source_ebc43d3edd78,target_b750d1d78860,0.01,0.001,20,0.47966246581077576,-0.1311463713645935,0.6882666349411011,True,True,False,true,true,jpeg,transform,"{""quality"":75}",artifact_reload,0.51734263,0.51730955,true,true,false,true,0.0012,artifact_3f6c54a373f70df8,artifact_10bf2e79d058756a,artifact_9a8d9b1a5d334bb8,artifact_d309e35f63ed5a1e,artifact_b2c74d927bf1991b,artifact_31043febf295e8f5,def_e541d306c42b9ee337f8,1.0,ok,
vf_c563ee357bd2,pair_000143,targeted_pgd_facenet_verification,facenet-pytorch/InceptionResnetV1,vggface2,source_ebc43d3edd78,target_b750d1d78860,0.01,0.001,20,0.47966246581077576,-0.1311463713645935,0.6882666349411011,True,True,False,true,true,smoothing,transform,"{""radius"":3.0}",artifact_reload,0.51734263,0.15957326,false,false,true,false,0.0013,artifact_3f6c54a373f70df8,artifact_10bf2e79d058756a,artifact_9a8d9b1a5d334bb8,artifact_d309e35f63ed5a1e,artifact_330bae74f38235c4,artifact_31043febf295e8f5,def_7bdb94d75204ded8cb11,1.0,ok,
vf_c563ee357bd2,pair_000143,targeted_pgd_facenet_verification,facenet-pytorch/InceptionResnetV1,vggface2,source_ebc43d3edd78,target_b750d1d78860,0.01,0.001,20,0.47966246581077576,-0.1311463713645935,0.6882666349411011,True,True,False,true,true,bitdepth,transform,"{""bits"":4}",artifact_reload,0.51734263,0.46645704,false,false,true,false,0.0007,artifact_3f6c54a373f70df8,artifact_10bf2e79d058756a,artifact_9a8d9b1a5d334bb8,artifact_d309e35f63ed5a1e,artifact_ffbf363af32f0c43,artifact_31043febf295e8f5,def_a25f63e8dcc030b86fec,1.0,ok,
vf_c563ee357bd2,pair_000143,targeted_pgd_facenet_verification,facenet-pytorch/InceptionResnetV1,vggface2,source_ebc43d3edd78,target_b750d1d78860,0.01,0.001,20,0.47966246581077576,-0.1311463713645935,0.6882666349411011,True,True,False,true,true,adv_training,trained,"{""epochs"":5,""lr"":1e-05,""margin"":0.15}",legacy_record,0.6882666349411011,0.08675649,false,false,true,false,,artifact_3f6c54a373f70df8,artifact_10bf2e79d058756a,artifact_9a8d9b1a5d334bb8,artifact_d309e35f63ed5a1e,,artifact_ea7152eddc5ff20e,def_6e20621e1e067f4d206b,1.0,ok,
vf_695ced84ba67,pair_000147,targeted_pgd_facenet_verification,facenet-pytorch/InceptionResnetV1,vggface2,source_27656f3b65b8,target_03259d71c4a4,0.01,0.001,20,0.47966246581077576,0.3366205096244812,0.7980382442474365,True,True,False,true,true,jpeg,transform,"{""quality"":75}",artifact_reload,0.68722934,0.6871056,true,true,false,true,0.0012,artifact_94a5585fdd9b1bf9,artifact_44e3610abc8abb47,artifact_f32cce64bf92bed6,artifact_a0577b1e5f21752b,artifact_5c31ce2b2b9541c2,artifact_31043febf295e8f5,def_ea0afda9d110d2b1b518,1.0,ok,
vf_695ced84ba67,pair_000147,targeted_pgd_facenet_verification,facenet-pytorch/InceptionResnetV1,vggface2,source_27656f3b65b8,target_03259d71c4a4,0.01,0.001,20,0.47966246581077576,0.3366205096244812,0.7980382442474365,True,True,False,true,true,smoothing,transform,"{""radius"":3.0}",artifact_reload,0.68722934,0.22102435,false,false,true,false,0.0014,artifact_94a5585fdd9b1bf9,artifact_44e3610abc8abb47,artifact_f32cce64bf92bed6,artifact_a0577b1e5f21752b,artifact_3da8860941153b5b,artifact_31043febf295e8f5,def_adda6040e4813202099c,1.0,ok,
vf_695ced84ba67,pair_000147,targeted_pgd_facenet_verification,facenet-pytorch/InceptionResnetV1,vggface2,source_27656f3b65b8,target_03259d71c4a4,0.01,0.001,20,0.47966246581077576,0.3366205096244812,0.7980382442474365,True,True,False,true,true,bitdepth,transform,"{""bits"":4}",artifact_reload,0.68722934,0.64189267,true,true,false,true,0.0007,artifact_94a5585fdd9b1bf9,artifact_44e3610abc8abb47,artifact_f32cce64bf92bed6,artifact_a0577b1e5f21752b,artifact_be77ee900a0ac81d,artifact_31043febf295e8f5,def_25cae0efa7f003fcb03c,1.0,ok,
vf_695ced84ba67,pair_000147,targeted_pgd_facenet_verification,facenet-pytorch/InceptionResnetV1,vggface2,source_27656f3b65b8,target_03259d71c4a4,0.01,0.001,20,0.47966246581077576,0.3366205096244812,0.7980382442474365,True,True,False,true,true,adv_training,trained,"{""epochs"":5,""lr"":1e-05,""margin"":0.15}",legacy_record,0.7980382442474365,-0.01670163,false,false,true,false,,artifact_94a5585fdd9b1bf9,artifact_44e3610abc8abb47,artifact_f32cce64bf92bed6,artifact_a0577b1e5f21752b,,artifact_ea7152eddc5ff20e,def_6dfcf9a4d3f63a5fc0b8,1.0,ok,
vf_fe96e4dc637f,pair_000150,targeted_pgd_facenet_verification,facenet-pytorch/InceptionResnetV1,vggface2,source_4008c321c1f3,target_056bbd32291f,0.01,0.001,20,0.47966246581077576,0.21702134609222412,0.7848610877990723,True,True,False,true,true,jpeg,transform,"{""quality"":75}",artifact_reload,0.64093357,0.64015555,true,true,false,true,0.0013,artifact_beecef8a812cfb97,artifact_79003e5b401777c5,artifact_3025f93a0863312d,artifact_5b9c86f69d544a84,artifact_9b3ec15c578b4d4a,artifact_31043febf295e8f5,def_81d920ff1569caf4bf24,1.0,ok,
vf_fe96e4dc637f,pair_000150,targeted_pgd_facenet_verification,facenet-pytorch/InceptionResnetV1,vggface2,source_4008c321c1f3,target_056bbd32291f,0.01,0.001,20,0.47966246581077576,0.21702134609222412,0.7848610877990723,True,True,False,true,true,smoothing,transform,"{""radius"":3.0}",artifact_reload,0.64093357,0.10795583,false,false,true,false,0.0014,artifact_beecef8a812cfb97,artifact_79003e5b401777c5,artifact_3025f93a0863312d,artifact_5b9c86f69d544a84,artifact_93ab89f49353a02b,artifact_31043febf295e8f5,def_d4175f6cac32333ad331,1.0,ok,
vf_fe96e4dc637f,pair_000150,targeted_pgd_facenet_verification,facenet-pytorch/InceptionResnetV1,vggface2,source_4008c321c1f3,target_056bbd32291f,0.01,0.001,20,0.47966246581077576,0.21702134609222412,0.7848610877990723,True,True,False,true,true,bitdepth,transform,"{""bits"":4}",artifact_reload,0.64093357,0.59529364,true,true,false,true,0.0007,artifact_beecef8a812cfb97,artifact_79003e5b401777c5,artifact_3025f93a0863312d,artifact_5b9c86f69d544a84,artifact_968eb827d473cd3f,artifact_31043febf295e8f5,def_bf13677078851dc9d31b,1.0,ok,
vf_fe96e4dc637f,pair_000150,targeted_pgd_facenet_verification,facenet-pytorch/InceptionResnetV1,vggface2,source_4008c321c1f3,target_056bbd32291f,0.01,0.001,20,0.47966246581077576,0.21702134609222412,0.7848610877990723,True,True,False,true,true,adv_training,trained,"{""epochs"":5,""lr"":1e-05,""margin"":0.15}",legacy_record,0.7848610877990723,0.14318594,false,false,true,false,,artifact_beecef8a812cfb97,artifact_79003e5b401777c5,artifact_3025f93a0863312d,artifact_5b9c86f69d544a84,,artifact_ea7152eddc5ff20e,def_fc23616bfd9890df94f9,1.0,ok,
vf_a067ba70aba2,pair_000151,targeted_pgd_facenet_verification,facenet-pytorch/InceptionResnetV1,vggface2,source_ea9c6f198674,target_bbb0daa338ba,0.01,0.001,20,0.47966246581077576,-0.16777990758419037,0.5357910394668579,True,True,False,false,false,jpeg,transform,"{""quality"":75}",artifact_reload,0.3681502,0.36815703,false,false,false,false,0.0014,artifact_7fce843b0ddc8994,artifact_45493f59ef1b7539,artifact_381674789574f8ac,artifact_17c5a2a5ac800ba7,artifact_09fb65480b9f27fc,artifact_31043febf295e8f5,def_b2e49f5465999a919b4b,1.0,ok,
vf_a067ba70aba2,pair_000151,targeted_pgd_facenet_verification,facenet-pytorch/InceptionResnetV1,vggface2,source_ea9c6f198674,target_bbb0daa338ba,0.01,0.001,20,0.47966246581077576,-0.16777990758419037,0.5357910394668579,True,True,False,false,false,smoothing,transform,"{""radius"":3.0}",artifact_reload,0.3681502,0.07666953,false,false,false,false,0.0013,artifact_7fce843b0ddc8994,artifact_45493f59ef1b7539,artifact_381674789574f8ac,artifact_17c5a2a5ac800ba7,artifact_9ee02beacd024a21,artifact_31043febf295e8f5,def_a0b4396acb607470a143,1.0,ok,
vf_a067ba70aba2,pair_000151,targeted_pgd_facenet_verification,facenet-pytorch/InceptionResnetV1,vggface2,source_ea9c6f198674,target_bbb0daa338ba,0.01,0.001,20,0.47966246581077576,-0.16777990758419037,0.5357910394668579,True,True,False,false,false,bitdepth,transform,"{""bits"":4}",artifact_reload,0.3681502,0.2673676,false,false,false,false,0.0007,artifact_7fce843b0ddc8994,artifact_45493f59ef1b7539,artifact_381674789574f8ac,artifact_17c5a2a5ac800ba7,artifact_0b5bc4bfe99da7c0,artifact_31043febf295e8f5,def_370f771678c5a786c245,1.0,ok,
vf_a067ba70aba2,pair_000151,targeted_pgd_facenet_verification,facenet-pytorch/InceptionResnetV1,vggface2,source_ea9c6f198674,target_bbb0daa338ba,0.01,0.001,20,0.47966246581077576,-0.16777990758419037,0.5357910394668579,True,True,False,true,true,adv_training,trained,"{""epochs"":5,""lr"":1e-05,""margin"":0.15}",legacy_record,0.5357910394668579,0.18860012,false,false,true,false,,artifact_7fce843b0ddc8994,artifact_45493f59ef1b7539,artifact_381674789574f8ac,artifact_17c5a2a5ac800ba7,,artifact_ea7152eddc5ff20e,def_09521ad2c809eb9cea9e,1.0,ok,
vf_c99f6339f4b2,pair_000154,targeted_pgd_facenet_verification,facenet-pytorch/InceptionResnetV1,vggface2,source_16254f944d43,target_f279b767b25d,0.01,0.001,20,0.47966246581077576,0.24971015751361847,0.868119478225708,True,True,False,true,true,jpeg,transform,"{""quality"":75}",artifact_reload,0.75582576,0.75565469,true,true,false,true,0.0012,artifact_33b90fb1081d4efe,artifact_52cdc3a256b0f36f,artifact_4a45694d2064a786,artifact_55d9318603e61b1a,artifact_8fcd04c2b356fa60,artifact_31043febf295e8f5,def_f1a1b4d21f5e92433a20,1.0,ok,
vf_c99f6339f4b2,pair_000154,targeted_pgd_facenet_verification,facenet-pytorch/InceptionResnetV1,vggface2,source_16254f944d43,target_f279b767b25d,0.01,0.001,20,0.47966246581077576,0.24971015751361847,0.868119478225708,True,True,False,true,true,smoothing,transform,"{""radius"":3.0}",artifact_reload,0.75582576,0.41582641,false,false,true,false,0.0014,artifact_33b90fb1081d4efe,artifact_52cdc3a256b0f36f,artifact_4a45694d2064a786,artifact_55d9318603e61b1a,artifact_70237042e717b4a0,artifact_31043febf295e8f5,def_1b26c099f4d77ec78f9b,1.0,ok,
vf_c99f6339f4b2,pair_000154,targeted_pgd_facenet_verification,facenet-pytorch/InceptionResnetV1,vggface2,source_16254f944d43,target_f279b767b25d,0.01,0.001,20,0.47966246581077576,0.24971015751361847,0.868119478225708,True,True,False,true,true,bitdepth,transform,"{""bits"":4}",artifact_reload,0.75582576,0.67773461,true,true,false,true,0.0008,artifact_33b90fb1081d4efe,artifact_52cdc3a256b0f36f,artifact_4a45694d2064a786,artifact_55d9318603e61b1a,artifact_312ddaa584c4b5c0,artifact_31043febf295e8f5,def_dbc9e6abd67cdb1b1403,1.0,ok,
vf_c99f6339f4b2,pair_000154,targeted_pgd_facenet_verification,facenet-pytorch/InceptionResnetV1,vggface2,source_16254f944d43,target_f279b767b25d,0.01,0.001,20,0.47966246581077576,0.24971015751361847,0.868119478225708,True,True,False,true,true,adv_training,trained,"{""epochs"":5,""lr"":1e-05,""margin"":0.15}",legacy_record,0.868119478225708,0.23001389,false,false,true,false,,artifact_33b90fb1081d4efe,artifact_52cdc3a256b0f36f,artifact_4a45694d2064a786,artifact_55d9318603e61b1a,,artifact_ea7152eddc5ff20e,def_005ed39c69c76e65c28d,1.0,ok,
vf_8adc8a6b5049,pair_000160,targeted_pgd_facenet_verification,facenet-pytorch/InceptionResnetV1,vggface2,source_b82940bb25ca,target_f279b767b25d,0.01,0.001,20,0.47966246581077576,0.26550135016441345,0.7448148727416992,True,True,False,true,true,jpeg,transform,"{""quality"":75}",artifact_reload,0.64851952,0.64818197,true,true,false,true,0.0013,artifact_75e829d43095056b,artifact_203f2a31464f3dc3,artifact_e37ea3ef56059d50,artifact_d3e46129878f7a0c,artifact_7e43943ad35bafb0,artifact_31043febf295e8f5,def_4f004345dd7e939691bf,1.0,ok,
vf_8adc8a6b5049,pair_000160,targeted_pgd_facenet_verification,facenet-pytorch/InceptionResnetV1,vggface2,source_b82940bb25ca,target_f279b767b25d,0.01,0.001,20,0.47966246581077576,0.26550135016441345,0.7448148727416992,True,True,False,true,true,smoothing,transform,"{""radius"":3.0}",artifact_reload,0.64851952,0.3405892,false,false,true,false,0.0014,artifact_75e829d43095056b,artifact_203f2a31464f3dc3,artifact_e37ea3ef56059d50,artifact_d3e46129878f7a0c,artifact_424d98eb0654cbf6,artifact_31043febf295e8f5,def_8a57079a810bdf34fbe4,1.0,ok,
vf_8adc8a6b5049,pair_000160,targeted_pgd_facenet_verification,facenet-pytorch/InceptionResnetV1,vggface2,source_b82940bb25ca,target_f279b767b25d,0.01,0.001,20,0.47966246581077576,0.26550135016441345,0.7448148727416992,True,True,False,true,true,bitdepth,transform,"{""bits"":4}",artifact_reload,0.64851952,0.59318119,true,true,false,true,0.0007,artifact_75e829d43095056b,artifact_203f2a31464f3dc3,artifact_e37ea3ef56059d50,artifact_d3e46129878f7a0c,artifact_1d455faa7a0bcb97,artifact_31043febf295e8f5,def_902431d90d6d263775b8,1.0,ok,
vf_8adc8a6b5049,pair_000160,targeted_pgd_facenet_verification,facenet-pytorch/InceptionResnetV1,vggface2,source_b82940bb25ca,target_f279b767b25d,0.01,0.001,20,0.47966246581077576,0.26550135016441345,0.7448148727416992,True,True,False,true,true,adv_training,trained,"{""epochs"":5,""lr"":1e-05,""margin"":0.15}",legacy_record,0.7448148727416992,-0.10865337,false,false,true,false,,artifact_75e829d43095056b,artifact_203f2a31464f3dc3,artifact_e37ea3ef56059d50,artifact_d3e46129878f7a0c,,artifact_ea7152eddc5ff20e,def_3fa5d0cb4e2f8b664edd,1.0,ok,
vf_f00d3e666fd4,pair_000161,targeted_pgd_facenet_verification,facenet-pytorch/InceptionResnetV1,vggface2,source_27656f3b65b8,target_952b25972fe5,0.01,0.001,20,0.47966246581077576,0.03467237204313278,0.4822908639907837,True,True,False,false,false,jpeg,transform,"{""quality"":75}",artifact_reload,0.35518622,0.35498959,false,false,false,false,0.0013,artifact_bcbe59ce44cd245e,artifact_d33556a7ed4d8f56,artifact_b97e738f2586122b,artifact_8060ffa429404907,artifact_d86430b62183b560,artifact_31043febf295e8f5,def_37dcf2cf406a0d688883,1.0,ok,
vf_f00d3e666fd4,pair_000161,targeted_pgd_facenet_verification,facenet-pytorch/InceptionResnetV1,vggface2,source_27656f3b65b8,target_952b25972fe5,0.01,0.001,20,0.47966246581077576,0.03467237204313278,0.4822908639907837,True,True,False,false,false,smoothing,transform,"{""radius"":3.0}",artifact_reload,0.35518622,0.07542606,false,false,false,false,0.0013,artifact_bcbe59ce44cd245e,artifact_d33556a7ed4d8f56,artifact_b97e738f2586122b,artifact_8060ffa429404907,artifact_1db17aa1842d1ef9,artifact_31043febf295e8f5,def_15c2eaaf4c9afb08aca1,1.0,ok,
vf_f00d3e666fd4,pair_000161,targeted_pgd_facenet_verification,facenet-pytorch/InceptionResnetV1,vggface2,source_27656f3b65b8,target_952b25972fe5,0.01,0.001,20,0.47966246581077576,0.03467237204313278,0.4822908639907837,True,True,False,false,false,bitdepth,transform,"{""bits"":4}",artifact_reload,0.35518622,0.32306185,false,false,false,false,0.0007,artifact_bcbe59ce44cd245e,artifact_d33556a7ed4d8f56,artifact_b97e738f2586122b,artifact_8060ffa429404907,artifact_8b2646ab4d730d3e,artifact_31043febf295e8f5,def_e36e69f3419531210eda,1.0,ok,
vf_f00d3e666fd4,pair_000161,targeted_pgd_facenet_verification,facenet-pytorch/InceptionResnetV1,vggface2,source_27656f3b65b8,target_952b25972fe5,0.01,0.001,20,0.47966246581077576,0.03467237204313278,0.4822908639907837,True,True,False,true,true,adv_training,trained,"{""epochs"":5,""lr"":1e-05,""margin"":0.15}",legacy_record,0.4822908639907837,0.2005727,false,false,true,false,,artifact_bcbe59ce44cd245e,artifact_d33556a7ed4d8f56,artifact_b97e738f2586122b,artifact_8060ffa429404907,,artifact_ea7152eddc5ff20e,def_db7a74a565b5bb86341e,1.0,ok,
vf_1c39a9c85e88,pair_000164,targeted_pgd_facenet_verification,facenet-pytorch/InceptionResnetV1,vggface2,source_3b3b33593a36,target_6d0d6f90d03e,0.01,0.001,20,0.47966246581077576,0.19368895888328552,0.8320155143737793,True,True,False,true,true,jpeg,transform,"{""quality"":75}",artifact_reload,0.68728435,0.68708396,true,true,false,true,0.0013,artifact_883c2476d6d8d7a6,artifact_8d35d89e4efe42a9,artifact_8103aa31c0af4c20,artifact_66ab22bb772f5565,artifact_6104fc3f85814227,artifact_31043febf295e8f5,def_0e35891aec1c0627ad1b,1.0,ok,
vf_1c39a9c85e88,pair_000164,targeted_pgd_facenet_verification,facenet-pytorch/InceptionResnetV1,vggface2,source_3b3b33593a36,target_6d0d6f90d03e,0.01,0.001,20,0.47966246581077576,0.19368895888328552,0.8320155143737793,True,True,False,true,true,smoothing,transform,"{""radius"":3.0}",artifact_reload,0.68728435,0.40492919,false,false,true,false,0.0013,artifact_883c2476d6d8d7a6,artifact_8d35d89e4efe42a9,artifact_8103aa31c0af4c20,artifact_66ab22bb772f5565,artifact_9ff652254762b41b,artifact_31043febf295e8f5,def_bcf314a7b5bb35f9a287,1.0,ok,
vf_1c39a9c85e88,pair_000164,targeted_pgd_facenet_verification,facenet-pytorch/InceptionResnetV1,vggface2,source_3b3b33593a36,target_6d0d6f90d03e,0.01,0.001,20,0.47966246581077576,0.19368895888328552,0.8320155143737793,True,True,False,true,true,bitdepth,transform,"{""bits"":4}",artifact_reload,0.68728435,0.56701773,true,true,false,true,0.0007,artifact_883c2476d6d8d7a6,artifact_8d35d89e4efe42a9,artifact_8103aa31c0af4c20,artifact_66ab22bb772f5565,artifact_5b3d5e42d45b7f96,artifact_31043febf295e8f5,def_17b7c1ce50664c7a8a99,1.0,ok,
vf_1c39a9c85e88,pair_000164,targeted_pgd_facenet_verification,facenet-pytorch/InceptionResnetV1,vggface2,source_3b3b33593a36,target_6d0d6f90d03e,0.01,0.001,20,0.47966246581077576,0.19368895888328552,0.8320155143737793,True,True,False,true,true,adv_training,trained,"{""epochs"":5,""lr"":1e-05,""margin"":0.15}",legacy_record,0.8320155143737793,0.21577805,false,false,true,false,,artifact_883c2476d6d8d7a6,artifact_8d35d89e4efe42a9,artifact_8103aa31c0af4c20,artifact_66ab22bb772f5565,,artifact_ea7152eddc5ff20e,def_3cbd1ff3936b51f2e919,1.0,ok,
vf_f81d7e10cf7e,pair_000167,targeted_pgd_facenet_verification,facenet-pytorch/InceptionResnetV1,vggface2,source_b82940bb25ca,target_3b63f0fe705d,0.01,0.001,20,0.47966246581077576,0.08470536768436432,0.7546951770782471,True,True,False,true,true,jpeg,transform,"{""quality"":75}",artifact_reload,0.54272401,0.54245305,true,true,false,true,0.0012,artifact_5ece82f9792e45c2,artifact_de8b9c20f98680ae,artifact_c7d9686a6bf2e242,artifact_14116ba8cf784d9c,artifact_e94c423e6af5527e,artifact_31043febf295e8f5,def_6c9f1af55cd5d5a0fb73,1.0,ok,
vf_f81d7e10cf7e,pair_000167,targeted_pgd_facenet_verification,facenet-pytorch/InceptionResnetV1,vggface2,source_b82940bb25ca,target_3b63f0fe705d,0.01,0.001,20,0.47966246581077576,0.08470536768436432,0.7546951770782471,True,True,False,true,true,smoothing,transform,"{""radius"":3.0}",artifact_reload,0.54272401,0.0305501,false,false,true,false,0.0013,artifact_5ece82f9792e45c2,artifact_de8b9c20f98680ae,artifact_c7d9686a6bf2e242,artifact_14116ba8cf784d9c,artifact_d81b492db978fc77,artifact_31043febf295e8f5,def_929b061ef97a36fc9652,1.0,ok,
vf_f81d7e10cf7e,pair_000167,targeted_pgd_facenet_verification,facenet-pytorch/InceptionResnetV1,vggface2,source_b82940bb25ca,target_3b63f0fe705d,0.01,0.001,20,0.47966246581077576,0.08470536768436432,0.7546951770782471,True,True,False,true,true,bitdepth,transform,"{""bits"":4}",artifact_reload,0.54272401,0.45843172,false,false,true,false,0.0007,artifact_5ece82f9792e45c2,artifact_de8b9c20f98680ae,artifact_c7d9686a6bf2e242,artifact_14116ba8cf784d9c,artifact_7aa39e69281878a7,artifact_31043febf295e8f5,def_9b0e3eaf3a6028d93079,1.0,ok,
vf_f81d7e10cf7e,pair_000167,targeted_pgd_facenet_verification,facenet-pytorch/InceptionResnetV1,vggface2,source_b82940bb25ca,target_3b63f0fe705d,0.01,0.001,20,0.47966246581077576,0.08470536768436432,0.7546951770782471,True,True,False,true,true,adv_training,trained,"{""epochs"":5,""lr"":1e-05,""margin"":0.15}",legacy_record,0.7546951770782471,0.271166,false,false,true,false,,artifact_5ece82f9792e45c2,artifact_de8b9c20f98680ae,artifact_c7d9686a6bf2e242,artifact_14116ba8cf784d9c,,artifact_ea7152eddc5ff20e,def_a5ec63f82dddd9edfb5e,1.0,ok,
vf_ed0789be4f11,pair_000170,targeted_pgd_facenet_verification,facenet-pytorch/InceptionResnetV1,vggface2,source_4008c321c1f3,target_056bbd32291f,0.01,0.001,20,0.47966246581077576,0.14778810739517212,0.6768673658370972,True,True,False,true,true,jpeg,transform,"{""quality"":75}",artifact_reload,0.54841822,0.54548436,true,true,false,true,0.0012,artifact_ec95f944886a9acd,artifact_a2baccd3ff0c4771,artifact_2dc7a09c6b53ae2d,artifact_ee5cd865179b8c2d,artifact_beece8171a592727,artifact_31043febf295e8f5,def_e9117bb7a61a73c52fd2,1.0,ok,
vf_ed0789be4f11,pair_000170,targeted_pgd_facenet_verification,facenet-pytorch/InceptionResnetV1,vggface2,source_4008c321c1f3,target_056bbd32291f,0.01,0.001,20,0.47966246581077576,0.14778810739517212,0.6768673658370972,True,True,False,true,true,smoothing,transform,"{""radius"":3.0}",artifact_reload,0.54841822,0.20363979,false,false,true,false,0.0014,artifact_ec95f944886a9acd,artifact_a2baccd3ff0c4771,artifact_2dc7a09c6b53ae2d,artifact_ee5cd865179b8c2d,artifact_2cfb0f47d57fe339,artifact_31043febf295e8f5,def_7ab822cb6f26de0b3c71,1.0,ok,
vf_ed0789be4f11,pair_000170,targeted_pgd_facenet_verification,facenet-pytorch/InceptionResnetV1,vggface2,source_4008c321c1f3,target_056bbd32291f,0.01,0.001,20,0.47966246581077576,0.14778810739517212,0.6768673658370972,True,True,False,true,true,bitdepth,transform,"{""bits"":4}",artifact_reload,0.54841822,0.46601748,false,false,true,false,0.0007,artifact_ec95f944886a9acd,artifact_a2baccd3ff0c4771,artifact_2dc7a09c6b53ae2d,artifact_ee5cd865179b8c2d,artifact_ff71d671d7355f40,artifact_31043febf295e8f5,def_287994ffbca65dae97f6,1.0,ok,
vf_ed0789be4f11,pair_000170,targeted_pgd_facenet_verification,facenet-pytorch/InceptionResnetV1,vggface2,source_4008c321c1f3,target_056bbd32291f,0.01,0.001,20,0.47966246581077576,0.14778810739517212,0.6768673658370972,True,True,False,true,true,adv_training,trained,"{""epochs"":5,""lr"":1e-05,""margin"":0.15}",legacy_record,0.6768673658370972,0.38267225,false,false,true,false,,artifact_ec95f944886a9acd,artifact_a2baccd3ff0c4771,artifact_2dc7a09c6b53ae2d,artifact_ee5cd865179b8c2d,,artifact_ea7152eddc5ff20e,def_224406692cd6989eeb86,1.0,ok,
vf_ab989c444985,pair_000172,targeted_pgd_facenet_verification,facenet-pytorch/InceptionResnetV1,vggface2,source_3b3b33593a36,target_6d0d6f90d03e,0.01,0.001,20,0.47966246581077576,0.16956353187561035,0.8292139768600464,True,True,False,true,true,jpeg,transform,"{""quality"":75}",artifact_reload,0.70715392,0.70681763,true,true,false,true,0.0013,artifact_61b64114ddad06bd,artifact_aba66c05e27e9b4b,artifact_06b0133e4f703464,artifact_92705655769ab314,artifact_5db7a7f5c41cf57c,artifact_31043febf295e8f5,def_44441f3f8797b97f0e13,1.0,ok,
vf_ab989c444985,pair_000172,targeted_pgd_facenet_verification,facenet-pytorch/InceptionResnetV1,vggface2,source_3b3b33593a36,target_6d0d6f90d03e,0.01,0.001,20,0.47966246581077576,0.16956353187561035,0.8292139768600464,True,True,False,true,true,smoothing,transform,"{""radius"":3.0}",artifact_reload,0.70715392,0.37187147,false,false,true,false,0.0014,artifact_61b64114ddad06bd,artifact_aba66c05e27e9b4b,artifact_06b0133e4f703464,artifact_92705655769ab314,artifact_3c98681ae094fdab,artifact_31043febf295e8f5,def_5c2eb90ec99320b79b7a,1.0,ok,
vf_ab989c444985,pair_000172,targeted_pgd_facenet_verification,facenet-pytorch/InceptionResnetV1,vggface2,source_3b3b33593a36,target_6d0d6f90d03e,0.01,0.001,20,0.47966246581077576,0.16956353187561035,0.8292139768600464,True,True,False,true,true,bitdepth,transform,"{""bits"":4}",artifact_reload,0.70715392,0.63569069,true,true,false,true,0.0007,artifact_61b64114ddad06bd,artifact_aba66c05e27e9b4b,artifact_06b0133e4f703464,artifact_92705655769ab314,artifact_9a030dd5cb7c9ee3,artifact_31043febf295e8f5,def_7a03ef1acda2f65e06ba,1.0,ok,
vf_ab989c444985,pair_000172,targeted_pgd_facenet_verification,facenet-pytorch/InceptionResnetV1,vggface2,source_3b3b33593a36,target_6d0d6f90d03e,0.01,0.001,20,0.47966246581077576,0.16956353187561035,0.8292139768600464,True,True,False,true,true,adv_training,trained,"{""epochs"":5,""lr"":1e-05,""margin"":0.15}",legacy_record,0.8292139768600464,0.02417797,false,false,true,false,,artifact_61b64114ddad06bd,artifact_aba66c05e27e9b4b,artifact_06b0133e4f703464,artifact_92705655769ab314,,artifact_ea7152eddc5ff20e,def_4917b1ecd82931c20fc2,1.0,ok,
vf_d78ccb964c5d,pair_000173,targeted_pgd_facenet_verification,facenet-pytorch/InceptionResnetV1,vggface2,source_c65c3c2f694d,target_3b63f0fe705d,0.01,0.001,20,0.47966246581077576,0.24413633346557617,0.7122171521186829,True,True,False,true,true,jpeg,transform,"{""quality"":75}",artifact_reload,0.60361546,0.60319364,true,true,false,true,0.0016,artifact_d244f690e32314f2,artifact_9f2147ee292b03d6,artifact_59b15a4be5a5ea0a,artifact_cc0d05ae3f613833,artifact_3c13fdebb1039a41,artifact_31043febf295e8f5,def_a9838c3ab158e6594034,1.0,ok,
vf_d78ccb964c5d,pair_000173,targeted_pgd_facenet_verification,facenet-pytorch/InceptionResnetV1,vggface2,source_c65c3c2f694d,target_3b63f0fe705d,0.01,0.001,20,0.47966246581077576,0.24413633346557617,0.7122171521186829,True,True,False,true,true,smoothing,transform,"{""radius"":3.0}",artifact_reload,0.60361546,0.22364275,false,false,true,false,0.0013,artifact_d244f690e32314f2,artifact_9f2147ee292b03d6,artifact_59b15a4be5a5ea0a,artifact_cc0d05ae3f613833,artifact_c184aa4f9f446e60,artifact_31043febf295e8f5,def_9dd4c35244173b4f200c,1.0,ok,
vf_d78ccb964c5d,pair_000173,targeted_pgd_facenet_verification,facenet-pytorch/InceptionResnetV1,vggface2,source_c65c3c2f694d,target_3b63f0fe705d,0.01,0.001,20,0.47966246581077576,0.24413633346557617,0.7122171521186829,True,True,False,true,true,bitdepth,transform,"{""bits"":4}",artifact_reload,0.60361546,0.55399203,true,true,false,true,0.0007,artifact_d244f690e32314f2,artifact_9f2147ee292b03d6,artifact_59b15a4be5a5ea0a,artifact_cc0d05ae3f613833,artifact_096284418b6ebe96,artifact_31043febf295e8f5,def_62fac561b17bc16b7b52,1.0,ok,
vf_d78ccb964c5d,pair_000173,targeted_pgd_facenet_verification,facenet-pytorch/InceptionResnetV1,vggface2,source_c65c3c2f694d,target_3b63f0fe705d,0.01,0.001,20,0.47966246581077576,0.24413633346557617,0.7122171521186829,True,True,False,true,true,adv_training,trained,"{""epochs"":5,""lr"":1e-05,""margin"":0.15}",legacy_record,0.7122171521186829,-0.15012772,false,false,true,false,,artifact_d244f690e32314f2,artifact_9f2147ee292b03d6,artifact_59b15a4be5a5ea0a,artifact_cc0d05ae3f613833,,artifact_ea7152eddc5ff20e,def_6cdd689d1da9c34b7aae,1.0,ok,
vf_005a59c31dd2,pair_000174,targeted_pgd_facenet_verification,facenet-pytorch/InceptionResnetV1,vggface2,source_27656f3b65b8,target_5356319edd8e,0.01,0.001,20,0.47966246581077576,0.05099835246801376,0.5891410112380981,True,True,False,false,false,jpeg,transform,"{""quality"":75}",artifact_reload,0.43157098,0.43182188,false,false,false,false,0.0012,artifact_0d5ecc053e2bae67,artifact_ef2bd841b5df4631,artifact_adfa0edaef28ab35,artifact_6d7857b55cc5d246,artifact_37a39654d20eb71a,artifact_31043febf295e8f5,def_f57c2abd498eba231955,1.0,ok,
vf_005a59c31dd2,pair_000174,targeted_pgd_facenet_verification,facenet-pytorch/InceptionResnetV1,vggface2,source_27656f3b65b8,target_5356319edd8e,0.01,0.001,20,0.47966246581077576,0.05099835246801376,0.5891410112380981,True,True,False,false,false,smoothing,transform,"{""radius"":3.0}",artifact_reload,0.43157098,0.18147339,false,false,false,false,0.0014,artifact_0d5ecc053e2bae67,artifact_ef2bd841b5df4631,artifact_adfa0edaef28ab35,artifact_6d7857b55cc5d246,artifact_a6640e6dc86f0db0,artifact_31043febf295e8f5,def_63d4f458fbcf6dae31a4,1.0,ok,
vf_005a59c31dd2,pair_000174,targeted_pgd_facenet_verification,facenet-pytorch/InceptionResnetV1,vggface2,source_27656f3b65b8,target_5356319edd8e,0.01,0.001,20,0.47966246581077576,0.05099835246801376,0.5891410112380981,True,True,False,false,false,bitdepth,transform,"{""bits"":4}",artifact_reload,0.43157098,0.36396903,false,false,false,false,0.0009,artifact_0d5ecc053e2bae67,artifact_ef2bd841b5df4631,artifact_adfa0edaef28ab35,artifact_6d7857b55cc5d246,artifact_1db121e627dbcc91,artifact_31043febf295e8f5,def_08d4e1445857e32361b1,1.0,ok,
vf_005a59c31dd2,pair_000174,targeted_pgd_facenet_verification,facenet-pytorch/InceptionResnetV1,vggface2,source_27656f3b65b8,target_5356319edd8e,0.01,0.001,20,0.47966246581077576,0.05099835246801376,0.5891410112380981,True,True,False,true,true,adv_training,trained,"{""epochs"":5,""lr"":1e-05,""margin"":0.15}",legacy_record,0.5891410112380981,-0.01980356,false,false,true,false,,artifact_0d5ecc053e2bae67,artifact_ef2bd841b5df4631,artifact_adfa0edaef28ab35,artifact_6d7857b55cc5d246,,artifact_ea7152eddc5ff20e,def_baad9b8895581292ec20,1.0,ok,
vf_0a3f1a68dcb2,pair_000175,targeted_pgd_facenet_verification,facenet-pytorch/InceptionResnetV1,vggface2,source_16254f944d43,target_5356319edd8e,0.01,0.001,20,0.47966246581077576,0.21243226528167725,0.7795559167861938,True,True,False,true,true,jpeg,transform,"{""quality"":75}",artifact_reload,0.64810842,0.64817023,true,true,false,true,0.0012,artifact_0e7797fd4246cd6d,artifact_7bf8aa8106ba2e42,artifact_039b7e7a8f76846c,artifact_80bf364f216ff8a5,artifact_d5e4d1b446912f6d,artifact_31043febf295e8f5,def_4509e40b9c2fbfdef783,1.0,ok,
vf_0a3f1a68dcb2,pair_000175,targeted_pgd_facenet_verification,facenet-pytorch/InceptionResnetV1,vggface2,source_16254f944d43,target_5356319edd8e,0.01,0.001,20,0.47966246581077576,0.21243226528167725,0.7795559167861938,True,True,False,true,true,smoothing,transform,"{""radius"":3.0}",artifact_reload,0.64810842,-0.17023821,false,false,true,false,0.0013,artifact_0e7797fd4246cd6d,artifact_7bf8aa8106ba2e42,artifact_039b7e7a8f76846c,artifact_80bf364f216ff8a5,artifact_c5c6a98595611dd6,artifact_31043febf295e8f5,def_4140eadf78d73d2cef0a,1.0,ok,
vf_0a3f1a68dcb2,pair_000175,targeted_pgd_facenet_verification,facenet-pytorch/InceptionResnetV1,vggface2,source_16254f944d43,target_5356319edd8e,0.01,0.001,20,0.47966246581077576,0.21243226528167725,0.7795559167861938,True,True,False,true,true,bitdepth,transform,"{""bits"":4}",artifact_reload,0.64810842,0.61671668,true,true,false,true,0.0007,artifact_0e7797fd4246cd6d,artifact_7bf8aa8106ba2e42,artifact_039b7e7a8f76846c,artifact_80bf364f216ff8a5,artifact_e98038bdf7af7f21,artifact_31043febf295e8f5,def_8d67f56978d6216faff5,1.0,ok,
vf_0a3f1a68dcb2,pair_000175,targeted_pgd_facenet_verification,facenet-pytorch/InceptionResnetV1,vggface2,source_16254f944d43,target_5356319edd8e,0.01,0.001,20,0.47966246581077576,0.21243226528167725,0.7795559167861938,True,True,False,true,true,adv_training,trained,"{""epochs"":5,""lr"":1e-05,""margin"":0.15}",legacy_record,0.7795559167861938,0.14096889,false,false,true,false,,artifact_0e7797fd4246cd6d,artifact_7bf8aa8106ba2e42,artifact_039b7e7a8f76846c,artifact_80bf364f216ff8a5,,artifact_ea7152eddc5ff20e,def_cff72c28d92854446845,1.0,ok,
vf_d5c09a946d99,pair_000176,targeted_pgd_facenet_verification,facenet-pytorch/InceptionResnetV1,vggface2,source_9a4dba119416,target_952b25972fe5,0.01,0.001,20,0.47966246581077576,0.009940795600414276,0.7361228466033936,True,True,False,true,true,jpeg,transform,"{""quality"":75}",artifact_reload,0.5710457,0.57085693,true,true,false,true,0.0012,artifact_7fb86aa277f02f46,artifact_ef6bb4716c6d4768,artifact_4e32bc91fd316b1c,artifact_c448551e9edd8717,artifact_d1e248a30f5f978b,artifact_31043febf295e8f5,def_5589e21ed80492bc06f7,1.0,ok,
vf_d5c09a946d99,pair_000176,targeted_pgd_facenet_verification,facenet-pytorch/InceptionResnetV1,vggface2,source_9a4dba119416,target_952b25972fe5,0.01,0.001,20,0.47966246581077576,0.009940795600414276,0.7361228466033936,True,True,False,true,true,smoothing,transform,"{""radius"":3.0}",artifact_reload,0.5710457,0.00429323,false,false,true,false,0.0013,artifact_7fb86aa277f02f46,artifact_ef6bb4716c6d4768,artifact_4e32bc91fd316b1c,artifact_c448551e9edd8717,artifact_dfea0df22f4ae0a7,artifact_31043febf295e8f5,def_8163c1f2a3acbe63ffd6,1.0,ok,
vf_d5c09a946d99,pair_000176,targeted_pgd_facenet_verification,facenet-pytorch/InceptionResnetV1,vggface2,source_9a4dba119416,target_952b25972fe5,0.01,0.001,20,0.47966246581077576,0.009940795600414276,0.7361228466033936,True,True,False,true,true,bitdepth,transform,"{""bits"":4}",artifact_reload,0.5710457,0.46113718,false,false,true,false,0.0007,artifact_7fb86aa277f02f46,artifact_ef6bb4716c6d4768,artifact_4e32bc91fd316b1c,artifact_c448551e9edd8717,artifact_82ddea124c2c08d4,artifact_31043febf295e8f5,def_772f3c3cfc31aa12c592,1.0,ok,
vf_d5c09a946d99,pair_000176,targeted_pgd_facenet_verification,facenet-pytorch/InceptionResnetV1,vggface2,source_9a4dba119416,target_952b25972fe5,0.01,0.001,20,0.47966246581077576,0.009940795600414276,0.7361228466033936,True,True,False,true,true,adv_training,trained,"{""epochs"":5,""lr"":1e-05,""margin"":0.15}",legacy_record,0.7361228466033936,0.54764676,true,true,false,true,,artifact_7fb86aa277f02f46,artifact_ef6bb4716c6d4768,artifact_4e32bc91fd316b1c,artifact_c448551e9edd8717,,artifact_ea7152eddc5ff20e,def_f418e2b29f367baa982c,1.0,ok,
vf_df4a6b5a2944,pair_000177,targeted_pgd_facenet_verification,facenet-pytorch/InceptionResnetV1,vggface2,source_9a4dba119416,target_6d0d6f90d03e,0.01,0.001,20,0.47966246581077576,0.17093873023986816,0.6139233708381653,True,True,False,true,true,jpeg,transform,"{""quality"":75}",artifact_reload,0.51019263,0.50977945,true,true,false,true,0.0013,artifact_cb5123236505386a,artifact_1304bf71d12a2eff,artifact_b397c241a6fe0e72,artifact_ed7355d11d81cf96,artifact_28f4ae082539da8c,artifact_31043febf295e8f5,def_ddc1fb39450c8c59f690,1.0,ok,
vf_df4a6b5a2944,pair_000177,targeted_pgd_facenet_verification,facenet-pytorch/InceptionResnetV1,vggface2,source_9a4dba119416,target_6d0d6f90d03e,0.01,0.001,20,0.47966246581077576,0.17093873023986816,0.6139233708381653,True,True,False,true,true,smoothing,transform,"{""radius"":3.0}",artifact_reload,0.51019263,0.23244397,false,false,true,false,0.0013,artifact_cb5123236505386a,artifact_1304bf71d12a2eff,artifact_b397c241a6fe0e72,artifact_ed7355d11d81cf96,artifact_5b1718c3d1542318,artifact_31043febf295e8f5,def_abca3edbd2dca5dec987,1.0,ok,
vf_df4a6b5a2944,pair_000177,targeted_pgd_facenet_verification,facenet-pytorch/InceptionResnetV1,vggface2,source_9a4dba119416,target_6d0d6f90d03e,0.01,0.001,20,0.47966246581077576,0.17093873023986816,0.6139233708381653,True,True,False,true,true,bitdepth,transform,"{""bits"":4}",artifact_reload,0.51019263,0.44321483,false,false,true,false,0.0007,artifact_cb5123236505386a,artifact_1304bf71d12a2eff,artifact_b397c241a6fe0e72,artifact_ed7355d11d81cf96,artifact_5237c6a52b7d1678,artifact_31043febf295e8f5,def_42c5176c3a43eabbcfae,1.0,ok,
vf_df4a6b5a2944,pair_000177,targeted_pgd_facenet_verification,facenet-pytorch/InceptionResnetV1,vggface2,source_9a4dba119416,target_6d0d6f90d03e,0.01,0.001,20,0.47966246581077576,0.17093873023986816,0.6139233708381653,True,True,False,true,true,adv_training,trained,"{""epochs"":5,""lr"":1e-05,""margin"":0.15}",legacy_record,0.6139233708381653,-0.16821218,false,false,true,false,,artifact_cb5123236505386a,artifact_1304bf71d12a2eff,artifact_b397c241a6fe0e72,artifact_ed7355d11d81cf96,,artifact_ea7152eddc5ff20e,def_73bcf5301ba10abd7b36,1.0,ok,
vf_55221d8a3d2e,pair_000178,targeted_pgd_facenet_verification,facenet-pytorch/InceptionResnetV1,vggface2,source_9a4dba119416,target_056bbd32291f,0.01,0.001,20,0.47966246581077576,0.09481785446405411,0.617258608341217,True,True,False,true,true,jpeg,transform,"{""quality"":75}",artifact_reload,0.50362885,0.50352615,true,true,false,true,0.0013,artifact_09327ff129b1db7d,artifact_c84ff16c06ea752e,artifact_39f93c7ba7d6a32b,artifact_8a6f82a79c19e14f,artifact_9fb77d4bffabbdfd,artifact_31043febf295e8f5,def_f58ea202e6ae1a34ef7f,1.0,ok,
vf_55221d8a3d2e,pair_000178,targeted_pgd_facenet_verification,facenet-pytorch/InceptionResnetV1,vggface2,source_9a4dba119416,target_056bbd32291f,0.01,0.001,20,0.47966246581077576,0.09481785446405411,0.617258608341217,True,True,False,true,true,smoothing,transform,"{""radius"":3.0}",artifact_reload,0.50362885,-0.02484405,false,false,true,false,0.0015,artifact_09327ff129b1db7d,artifact_c84ff16c06ea752e,artifact_39f93c7ba7d6a32b,artifact_8a6f82a79c19e14f,artifact_041a2fce6b1f92f8,artifact_31043febf295e8f5,def_d79a42ff370c3f3e5172,1.0,ok,
vf_55221d8a3d2e,pair_000178,targeted_pgd_facenet_verification,facenet-pytorch/InceptionResnetV1,vggface2,source_9a4dba119416,target_056bbd32291f,0.01,0.001,20,0.47966246581077576,0.09481785446405411,0.617258608341217,True,True,False,true,true,bitdepth,transform,"{""bits"":4}",artifact_reload,0.50362885,0.40841293,false,false,true,false,0.0007,artifact_09327ff129b1db7d,artifact_c84ff16c06ea752e,artifact_39f93c7ba7d6a32b,artifact_8a6f82a79c19e14f,artifact_513cdac65c90f54d,artifact_31043febf295e8f5,def_17f84be6005419fad3fe,1.0,ok,
vf_55221d8a3d2e,pair_000178,targeted_pgd_facenet_verification,facenet-pytorch/InceptionResnetV1,vggface2,source_9a4dba119416,target_056bbd32291f,0.01,0.001,20,0.47966246581077576,0.09481785446405411,0.617258608341217,True,True,False,true,true,adv_training,trained,"{""epochs"":5,""lr"":1e-05,""margin"":0.15}",legacy_record,0.617258608341217,0.30171978,false,false,true,false,,artifact_09327ff129b1db7d,artifact_c84ff16c06ea752e,artifact_39f93c7ba7d6a32b,artifact_8a6f82a79c19e14f,,artifact_ea7152eddc5ff20e,def_6dec6033c99f6da20953,1.0,ok,
vf_28b6df51a2aa,pair_000184,targeted_pgd_facenet_verification,facenet-pytorch/InceptionResnetV1,vggface2,source_ebc43d3edd78,target_056bbd32291f,0.01,0.001,20,0.47966246581077576,0.3401437997817993,0.8982691764831543,True,True,False,true,true,jpeg,transform,"{""quality"":75}",artifact_reload,0.79111671,0.79088223,true,true,false,true,0.0013,artifact_8eaddea2afe0faab,artifact_9ebd69d1454232f6,artifact_eef08b2405eac62a,artifact_8541bef7b2bc339f,artifact_40da19ca51b08a27,artifact_31043febf295e8f5,def_0d35739619cc3c9b35aa,1.0,ok,
vf_28b6df51a2aa,pair_000184,targeted_pgd_facenet_verification,facenet-pytorch/InceptionResnetV1,vggface2,source_ebc43d3edd78,target_056bbd32291f,0.01,0.001,20,0.47966246581077576,0.3401437997817993,0.8982691764831543,True,True,False,true,true,smoothing,transform,"{""radius"":3.0}",artifact_reload,0.79111671,0.35080221,false,false,true,false,0.0014,artifact_8eaddea2afe0faab,artifact_9ebd69d1454232f6,artifact_eef08b2405eac62a,artifact_8541bef7b2bc339f,artifact_638568e1393e8ad2,artifact_31043febf295e8f5,def_aee1b5bd303943884aec,1.0,ok,
vf_28b6df51a2aa,pair_000184,targeted_pgd_facenet_verification,facenet-pytorch/InceptionResnetV1,vggface2,source_ebc43d3edd78,target_056bbd32291f,0.01,0.001,20,0.47966246581077576,0.3401437997817993,0.8982691764831543,True,True,False,true,true,bitdepth,transform,"{""bits"":4}",artifact_reload,0.79111671,0.74839449,true,true,false,true,0.0007,artifact_8eaddea2afe0faab,artifact_9ebd69d1454232f6,artifact_eef08b2405eac62a,artifact_8541bef7b2bc339f,artifact_88a5be5964b47346,artifact_31043febf295e8f5,def_adeae9323339f5b0e182,1.0,ok,
vf_28b6df51a2aa,pair_000184,targeted_pgd_facenet_verification,facenet-pytorch/InceptionResnetV1,vggface2,source_ebc43d3edd78,target_056bbd32291f,0.01,0.001,20,0.47966246581077576,0.3401437997817993,0.8982691764831543,True,True,False,true,true,adv_training,trained,"{""epochs"":5,""lr"":1e-05,""margin"":0.15}",legacy_record,0.8982691764831543,0.15620242,false,false,true,false,,artifact_8eaddea2afe0faab,artifact_9ebd69d1454232f6,artifact_eef08b2405eac62a,artifact_8541bef7b2bc339f,,artifact_ea7152eddc5ff20e,def_3e2ad852354b2c516dc8,1.0,ok,
vf_ae41a277e9a0,pair_000186,targeted_pgd_facenet_verification,facenet-pytorch/InceptionResnetV1,vggface2,source_b82940bb25ca,target_3b63f0fe705d,0.01,0.001,20,0.47966246581077576,0.06618127226829529,0.627871036529541,True,True,False,true,true,jpeg,transform,"{""quality"":75}",artifact_reload,0.49264327,0.49242216,true,true,false,true,0.0013,artifact_e88700d766c4b1f6,artifact_3a6c266df620bbb3,artifact_f5a699bc54308325,artifact_f99566ee6e4df194,artifact_9b44662f19d4d13c,artifact_31043febf295e8f5,def_a274309c40424ae0bcf9,1.0,ok,
vf_ae41a277e9a0,pair_000186,targeted_pgd_facenet_verification,facenet-pytorch/InceptionResnetV1,vggface2,source_b82940bb25ca,target_3b63f0fe705d,0.01,0.001,20,0.47966246581077576,0.06618127226829529,0.627871036529541,True,True,False,true,true,smoothing,transform,"{""radius"":3.0}",artifact_reload,0.49264327,0.20861593,false,false,true,false,0.0014,artifact_e88700d766c4b1f6,artifact_3a6c266df620bbb3,artifact_f5a699bc54308325,artifact_f99566ee6e4df194,artifact_6d4c1c78eab6272f,artifact_31043febf295e8f5,def_43f512c1513cd3dbdc9f,1.0,ok,
vf_ae41a277e9a0,pair_000186,targeted_pgd_facenet_verification,facenet-pytorch/InceptionResnetV1,vggface2,source_b82940bb25ca,target_3b63f0fe705d,0.01,0.001,20,0.47966246581077576,0.06618127226829529,0.627871036529541,True,True,False,true,true,bitdepth,transform,"{""bits"":4}",artifact_reload,0.49264327,0.45012635,false,false,true,false,0.0007,artifact_e88700d766c4b1f6,artifact_3a6c266df620bbb3,artifact_f5a699bc54308325,artifact_f99566ee6e4df194,artifact_f3ee8ae9865c6cde,artifact_31043febf295e8f5,def_6ec8da4af607ec669f5d,1.0,ok,
vf_ae41a277e9a0,pair_000186,targeted_pgd_facenet_verification,facenet-pytorch/InceptionResnetV1,vggface2,source_b82940bb25ca,target_3b63f0fe705d,0.01,0.001,20,0.47966246581077576,0.06618127226829529,0.627871036529541,True,True,False,true,true,adv_training,trained,"{""epochs"":5,""lr"":1e-05,""margin"":0.15}",legacy_record,0.627871036529541,0.47568256,false,false,true,false,,artifact_e88700d766c4b1f6,artifact_3a6c266df620bbb3,artifact_f5a699bc54308325,artifact_f99566ee6e4df194,,artifact_ea7152eddc5ff20e,def_eba46149b476d5538313,1.0,ok,
vf_dbdb717f5df6,pair_000190,targeted_pgd_facenet_verification,facenet-pytorch/InceptionResnetV1,vggface2,source_ebc43d3edd78,target_056bbd32291f,0.01,0.001,20,0.47966246581077576,0.16867852210998535,0.7995048761367798,True,True,False,true,true,jpeg,transform,"{""quality"":75}",artifact_reload,0.65513808,0.655177,true,true,false,true,0.0015,artifact_59653e5f2f57d949,artifact_eb8e026a63b14980,artifact_d7555d3678dcfd65,artifact_5c62484d545869ba,artifact_64e8df49f283b7b6,artifact_31043febf295e8f5,def_b3b2a6fc690315b23311,1.0,ok,
vf_dbdb717f5df6,pair_000190,targeted_pgd_facenet_verification,facenet-pytorch/InceptionResnetV1,vggface2,source_ebc43d3edd78,target_056bbd32291f,0.01,0.001,20,0.47966246581077576,0.16867852210998535,0.7995048761367798,True,True,False,true,true,smoothing,transform,"{""radius"":3.0}",artifact_reload,0.65513808,-0.08211762,false,false,true,false,0.0015,artifact_59653e5f2f57d949,artifact_eb8e026a63b14980,artifact_d7555d3678dcfd65,artifact_5c62484d545869ba,artifact_267797ada7a153f9,artifact_31043febf295e8f5,def_dbe20a5c6b69b81159de,1.0,ok,
vf_dbdb717f5df6,pair_000190,targeted_pgd_facenet_verification,facenet-pytorch/InceptionResnetV1,vggface2,source_ebc43d3edd78,target_056bbd32291f,0.01,0.001,20,0.47966246581077576,0.16867852210998535,0.7995048761367798,True,True,False,true,true,bitdepth,transform,"{""bits"":4}",artifact_reload,0.65513808,0.55706155,true,true,false,true,0.0007,artifact_59653e5f2f57d949,artifact_eb8e026a63b14980,artifact_d7555d3678dcfd65,artifact_5c62484d545869ba,artifact_76d6f2c67f4713d2,artifact_31043febf295e8f5,def_2ad72fbddc71a7300355,1.0,ok,
vf_dbdb717f5df6,pair_000190,targeted_pgd_facenet_verification,facenet-pytorch/InceptionResnetV1,vggface2,source_ebc43d3edd78,target_056bbd32291f,0.01,0.001,20,0.47966246581077576,0.16867852210998535,0.7995048761367798,True,True,False,true,true,adv_training,trained,"{""epochs"":5,""lr"":1e-05,""margin"":0.15}",legacy_record,0.7995048761367798,0.13882788,false,false,true,false,,artifact_59653e5f2f57d949,artifact_eb8e026a63b14980,artifact_d7555d3678dcfd65,artifact_5c62484d545869ba,,artifact_ea7152eddc5ff20e,def_908a63841197a62bab7f,1.0,ok,
vf_d5f84f559f80,pair_000191,targeted_pgd_facenet_verification,facenet-pytorch/InceptionResnetV1,vggface2,source_c65c3c2f694d,target_3b63f0fe705d,0.01,0.001,20,0.47966246581077576,0.32002243399620056,0.6865448355674744,True,True,False,true,true,jpeg,transform,"{""quality"":75}",artifact_reload,0.60476285,0.60460562,true,true,false,true,0.0013,artifact_ca04167dff70dd47,artifact_8cd0573e22ca75ed,artifact_6c2f5fb10d4eab47,artifact_37013ea20a9355bb,artifact_e4c56c598d8d3136,artifact_31043febf295e8f5,def_cc3a39b3fbf8c1e8a7b6,1.0,ok,
vf_d5f84f559f80,pair_000191,targeted_pgd_facenet_verification,facenet-pytorch/InceptionResnetV1,vggface2,source_c65c3c2f694d,target_3b63f0fe705d,0.01,0.001,20,0.47966246581077576,0.32002243399620056,0.6865448355674744,True,True,False,true,true,smoothing,transform,"{""radius"":3.0}",artifact_reload,0.60476285,0.31759205,false,false,true,false,0.0014,artifact_ca04167dff70dd47,artifact_8cd0573e22ca75ed,artifact_6c2f5fb10d4eab47,artifact_37013ea20a9355bb,artifact_46a13945fa865f0f,artifact_31043febf295e8f5,def_3e168a2c0315a2ca49b7,1.0,ok,
vf_d5f84f559f80,pair_000191,targeted_pgd_facenet_verification,facenet-pytorch/InceptionResnetV1,vggface2,source_c65c3c2f694d,target_3b63f0fe705d,0.01,0.001,20,0.47966246581077576,0.32002243399620056,0.6865448355674744,True,True,False,true,true,bitdepth,transform,"{""bits"":4}",artifact_reload,0.60476285,0.58050615,true,true,false,true,0.0007,artifact_ca04167dff70dd47,artifact_8cd0573e22ca75ed,artifact_6c2f5fb10d4eab47,artifact_37013ea20a9355bb,artifact_d40f046a70184417,artifact_31043febf295e8f5,def_e401c1569a0195645880,1.0,ok,
vf_d5f84f559f80,pair_000191,targeted_pgd_facenet_verification,facenet-pytorch/InceptionResnetV1,vggface2,source_c65c3c2f694d,target_3b63f0fe705d,0.01,0.001,20,0.47966246581077576,0.32002243399620056,0.6865448355674744,True,True,False,true,true,adv_training,trained,"{""epochs"":5,""lr"":1e-05,""margin"":0.15}",legacy_record,0.6865448355674744,0.24797878,false,false,true,false,,artifact_ca04167dff70dd47,artifact_8cd0573e22ca75ed,artifact_6c2f5fb10d4eab47,artifact_37013ea20a9355bb,,artifact_ea7152eddc5ff20e,def_cec3fe7ba80e21036e29,1.0,ok,
vf_a732bd6e8c7c,pair_000192,targeted_pgd_facenet_verification,facenet-pytorch/InceptionResnetV1,vggface2,source_6eda93227392,target_03259d71c4a4,0.01,0.001,20,0.47966246581077576,0.23458966612815857,0.7812981605529785,True,True,False,true,true,jpeg,transform,"{""quality"":75}",artifact_reload,0.64980322,0.65017909,true,true,false,true,0.0013,artifact_969dc5f4b9cba314,artifact_9b2e78a336ce9158,artifact_f9875725263fce2d,artifact_cda4f5e39cbfa5d6,artifact_79ae6a42bfafcee2,artifact_31043febf295e8f5,def_fad4c88a9b307b356677,1.0,ok,
vf_a732bd6e8c7c,pair_000192,targeted_pgd_facenet_verification,facenet-pytorch/InceptionResnetV1,vggface2,source_6eda93227392,target_03259d71c4a4,0.01,0.001,20,0.47966246581077576,0.23458966612815857,0.7812981605529785,True,True,False,true,true,smoothing,transform,"{""radius"":3.0}",artifact_reload,0.64980322,0.24316502,false,false,true,false,0.0013,artifact_969dc5f4b9cba314,artifact_9b2e78a336ce9158,artifact_f9875725263fce2d,artifact_cda4f5e39cbfa5d6,artifact_2c21e8ab5d6cfa88,artifact_31043febf295e8f5,def_0e660fa849c1ed346d81,1.0,ok,
vf_a732bd6e8c7c,pair_000192,targeted_pgd_facenet_verification,facenet-pytorch/InceptionResnetV1,vggface2,source_6eda93227392,target_03259d71c4a4,0.01,0.001,20,0.47966246581077576,0.23458966612815857,0.7812981605529785,True,True,False,true,true,bitdepth,transform,"{""bits"":4}",artifact_reload,0.64980322,0.60341328,true,true,false,true,0.0007,artifact_969dc5f4b9cba314,artifact_9b2e78a336ce9158,artifact_f9875725263fce2d,artifact_cda4f5e39cbfa5d6,artifact_01e358b83eb1f6d1,artifact_31043febf295e8f5,def_d5cdf7b9643e21bca1cb,1.0,ok,
vf_a732bd6e8c7c,pair_000192,targeted_pgd_facenet_verification,facenet-pytorch/InceptionResnetV1,vggface2,source_6eda93227392,target_03259d71c4a4,0.01,0.001,20,0.47966246581077576,0.23458966612815857,0.7812981605529785,True,True,False,true,true,adv_training,trained,"{""epochs"":5,""lr"":1e-05,""margin"":0.15}",legacy_record,0.7812981605529785,0.07229601,false,false,true,false,,artifact_969dc5f4b9cba314,artifact_9b2e78a336ce9158,artifact_f9875725263fce2d,artifact_cda4f5e39cbfa5d6,,artifact_ea7152eddc5ff20e,def_8a9435ac709ee1e62a9e,1.0,ok,
vf_543c2289bc82,pair_000193,targeted_pgd_facenet_verification,facenet-pytorch/InceptionResnetV1,vggface2,source_ebc43d3edd78,target_5356319edd8e,0.01,0.001,20,0.47966246581077576,0.18537792563438416,0.7780252695083618,True,True,False,true,true,jpeg,transform,"{""quality"":75}",artifact_reload,0.63414782,0.63298672,true,true,false,true,0.0012,artifact_39a3b0f567274c47,artifact_a4a7697061524138,artifact_cf47ab9e6c2151d7,artifact_a30a4042b7da325e,artifact_60fe1d689d20b878,artifact_31043febf295e8f5,def_ca9cac75dcc6a89c386f,1.0,ok,
vf_543c2289bc82,pair_000193,targeted_pgd_facenet_verification,facenet-pytorch/InceptionResnetV1,vggface2,source_ebc43d3edd78,target_5356319edd8e,0.01,0.001,20,0.47966246581077576,0.18537792563438416,0.7780252695083618,True,True,False,true,true,smoothing,transform,"{""radius"":3.0}",artifact_reload,0.63414782,-0.19937611,false,false,true,false,0.0013,artifact_39a3b0f567274c47,artifact_a4a7697061524138,artifact_cf47ab9e6c2151d7,artifact_a30a4042b7da325e,artifact_14a80db92f40f092,artifact_31043febf295e8f5,def_9c413a5f12af554aed26,1.0,ok,
vf_543c2289bc82,pair_000193,targeted_pgd_facenet_verification,facenet-pytorch/InceptionResnetV1,vggface2,source_ebc43d3edd78,target_5356319edd8e,0.01,0.001,20,0.47966246581077576,0.18537792563438416,0.7780252695083618,True,True,False,true,true,bitdepth,transform,"{""bits"":4}",artifact_reload,0.63414782,0.58607417,true,true,false,true,0.0007,artifact_39a3b0f567274c47,artifact_a4a7697061524138,artifact_cf47ab9e6c2151d7,artifact_a30a4042b7da325e,artifact_1023e5d1c42d59bd,artifact_31043febf295e8f5,def_0008edf76b36c31ce461,1.0,ok,
vf_543c2289bc82,pair_000193,targeted_pgd_facenet_verification,facenet-pytorch/InceptionResnetV1,vggface2,source_ebc43d3edd78,target_5356319edd8e,0.01,0.001,20,0.47966246581077576,0.18537792563438416,0.7780252695083618,True,True,False,true,true,adv_training,trained,"{""epochs"":5,""lr"":1e-05,""margin"":0.15}",legacy_record,0.7780252695083618,0.17090014,false,false,true,false,,artifact_39a3b0f567274c47,artifact_a4a7697061524138,artifact_cf47ab9e6c2151d7,artifact_a30a4042b7da325e,,artifact_ea7152eddc5ff20e,def_3445cb6bd0df1708a902,1.0,ok,
vf_1da9500923a0,pair_000196,targeted_pgd_facenet_verification,facenet-pytorch/InceptionResnetV1,vggface2,source_4008c321c1f3,target_f279b767b25d,0.01,0.001,20,0.47966246581077576,0.0858793631196022,0.6748948097229004,True,True,False,true,true,jpeg,transform,"{""quality"":75}",artifact_reload,0.53175527,0.53145486,true,true,false,true,0.0012,artifact_769ba5d5b3ce0b80,artifact_d4cc4169b426f1df,artifact_7dc2ae53c19e192c,artifact_c3d16fca10aa9c73,artifact_1c2e5c364b6f1fd3,artifact_31043febf295e8f5,def_e7e97ac5d9666068674e,1.0,ok,
vf_1da9500923a0,pair_000196,targeted_pgd_facenet_verification,facenet-pytorch/InceptionResnetV1,vggface2,source_4008c321c1f3,target_f279b767b25d,0.01,0.001,20,0.47966246581077576,0.0858793631196022,0.6748948097229004,True,True,False,true,true,smoothing,transform,"{""radius"":3.0}",artifact_reload,0.53175527,0.01562816,false,false,true,false,0.0013,artifact_769ba5d5b3ce0b80,artifact_d4cc4169b426f1df,artifact_7dc2ae53c19e192c,artifact_c3d16fca10aa9c73,artifact_95a0fb5d6c260dd0,artifact_31043febf295e8f5,def_86db718f8b8fc80d6982,1.0,ok,
vf_1da9500923a0,pair_000196,targeted_pgd_facenet_verification,facenet-pytorch/InceptionResnetV1,vggface2,source_4008c321c1f3,target_f279b767b25d,0.01,0.001,20,0.47966246581077576,0.0858793631196022,0.6748948097229004,True,True,False,true,true,bitdepth,transform,"{""bits"":4}",artifact_reload,0.53175527,0.45791104,false,false,true,false,0.0007,artifact_769ba5d5b3ce0b80,artifact_d4cc4169b426f1df,artifact_7dc2ae53c19e192c,artifact_c3d16fca10aa9c73,artifact_66e7d79a139d4166,artifact_31043febf295e8f5,def_84cfdc7fd55c0c9c0610,1.0,ok,
vf_1da9500923a0,pair_000196,targeted_pgd_facenet_verification,facenet-pytorch/InceptionResnetV1,vggface2,source_4008c321c1f3,target_f279b767b25d,0.01,0.001,20,0.47966246581077576,0.0858793631196022,0.6748948097229004,True,True,False,true,true,adv_training,trained,"{""epochs"":5,""lr"":1e-05,""margin"":0.15}",legacy_record,0.6748948097229004,-0.04178197,false,false,true,false,,artifact_769ba5d5b3ce0b80,artifact_d4cc4169b426f1df,artifact_7dc2ae53c19e192c,artifact_c3d16fca10aa9c73,,artifact_ea7152eddc5ff20e,def_912268cb52582a38e271,1.0,ok,
vf_e22515667bcb,pair_000197,targeted_pgd_facenet_verification,facenet-pytorch/InceptionResnetV1,vggface2,source_c65c3c2f694d,target_056bbd32291f,0.01,0.001,20,0.47966246581077576,0.1945665031671524,0.6806472539901733,True,True,False,true,true,jpeg,transform,"{""quality"":75}",artifact_reload,0.54738182,0.54738224,true,true,false,true,0.0013,artifact_92143c51e3482190,artifact_2031397a82e7910f,artifact_0539d63ad7ad2b7d,artifact_892066983718cd92,artifact_6233c9f7e6716677,artifact_31043febf295e8f5,def_e30192f390eed4eef3ac,1.0,ok,
vf_e22515667bcb,pair_000197,targeted_pgd_facenet_verification,facenet-pytorch/InceptionResnetV1,vggface2,source_c65c3c2f694d,target_056bbd32291f,0.01,0.001,20,0.47966246581077576,0.1945665031671524,0.6806472539901733,True,True,False,true,true,smoothing,transform,"{""radius"":3.0}",artifact_reload,0.54738182,0.31283224,false,false,true,false,0.0014,artifact_92143c51e3482190,artifact_2031397a82e7910f,artifact_0539d63ad7ad2b7d,artifact_892066983718cd92,artifact_bdd3398a736c49a3,artifact_31043febf295e8f5,def_f6d06136992026c481c9,1.0,ok,
vf_e22515667bcb,pair_000197,targeted_pgd_facenet_verification,facenet-pytorch/InceptionResnetV1,vggface2,source_c65c3c2f694d,target_056bbd32291f,0.01,0.001,20,0.47966246581077576,0.1945665031671524,0.6806472539901733,True,True,False,true,true,bitdepth,transform,"{""bits"":4}",artifact_reload,0.54738182,0.52644986,true,true,false,true,0.0007,artifact_92143c51e3482190,artifact_2031397a82e7910f,artifact_0539d63ad7ad2b7d,artifact_892066983718cd92,artifact_762cd049bc4ed4a5,artifact_31043febf295e8f5,def_e25c228e14b2a746adce,1.0,ok,
vf_e22515667bcb,pair_000197,targeted_pgd_facenet_verification,facenet-pytorch/InceptionResnetV1,vggface2,source_c65c3c2f694d,target_056bbd32291f,0.01,0.001,20,0.47966246581077576,0.1945665031671524,0.6806472539901733,True,True,False,true,true,adv_training,trained,"{""epochs"":5,""lr"":1e-05,""margin"":0.15}",legacy_record,0.6806472539901733,0.11913512,false,false,true,false,,artifact_92143c51e3482190,artifact_2031397a82e7910f,artifact_0539d63ad7ad2b7d,artifact_892066983718cd92,,artifact_ea7152eddc5ff20e,def_0f8ed1f88aec97e6b125,1.0,ok,
vf_4a34c041687a,pair_000198,targeted_pgd_facenet_verification,facenet-pytorch/InceptionResnetV1,vggface2,source_9a4dba119416,target_bbb0daa338ba,0.01,0.001,20,0.47966246581077576,-0.16434818506240845,0.6621831059455872,True,True,False,true,true,jpeg,transform,"{""quality"":75}",artifact_reload,0.48719561,0.48690817,true,true,false,true,0.0013,artifact_45110cf030e20469,artifact_645e2d4eb1dd08b3,artifact_bf277832d5b32052,artifact_6c77218fa7f48f01,artifact_bbc93cb02b47513f,artifact_31043febf295e8f5,def_ee6c935464ac7a7c6fad,1.0,ok,
vf_4a34c041687a,pair_000198,targeted_pgd_facenet_verification,facenet-pytorch/InceptionResnetV1,vggface2,source_9a4dba119416,target_bbb0daa338ba,0.01,0.001,20,0.47966246581077576,-0.16434818506240845,0.6621831059455872,True,True,False,true,true,smoothing,transform,"{""radius"":3.0}",artifact_reload,0.48719561,0.06579817,false,false,true,false,0.0013,artifact_45110cf030e20469,artifact_645e2d4eb1dd08b3,artifact_bf277832d5b32052,artifact_6c77218fa7f48f01,artifact_a7fce29631a6f7b7,artifact_31043febf295e8f5,def_c386dcac9af7687b99c2,1.0,ok,
vf_4a34c041687a,pair_000198,targeted_pgd_facenet_verification,facenet-pytorch/InceptionResnetV1,vggface2,source_9a4dba119416,target_bbb0daa338ba,0.01,0.001,20,0.47966246581077576,-0.16434818506240845,0.6621831059455872,True,True,False,true,true,bitdepth,transform,"{""bits"":4}",artifact_reload,0.48719561,0.3960095,false,false,true,false,0.0007,artifact_45110cf030e20469,artifact_645e2d4eb1dd08b3,artifact_bf277832d5b32052,artifact_6c77218fa7f48f01,artifact_00b35b6ef1c604e3,artifact_31043febf295e8f5,def_0a8530c6658713f174cc,1.0,ok,
vf_4a34c041687a,pair_000198,targeted_pgd_facenet_verification,facenet-pytorch/InceptionResnetV1,vggface2,source_9a4dba119416,target_bbb0daa338ba,0.01,0.001,20,0.47966246581077576,-0.16434818506240845,0.6621831059455872,True,True,False,true,true,adv_training,trained,"{""epochs"":5,""lr"":1e-05,""margin"":0.15}",legacy_record,0.6621831059455872,0.17698185,false,false,true,false,,artifact_45110cf030e20469,artifact_645e2d4eb1dd08b3,artifact_bf277832d5b32052,artifact_6c77218fa7f48f01,,artifact_ea7152eddc5ff20e,def_ea3cbe28e8eb541bfbd2,1.0,ok,
vf_b6ab7e6f8ead,pair_000199,targeted_pgd_facenet_verification,facenet-pytorch/InceptionResnetV1,vggface2,source_ebc43d3edd78,target_952b25972fe5,0.01,0.001,20,0.47966246581077576,0.16628426313400269,0.6327127814292908,True,True,False,true,true,jpeg,transform,"{""quality"":75}",artifact_reload,0.53262955,0.5330981,true,true,false,true,0.0012,artifact_dd35036e88c673c4,artifact_af843adcbb767612,artifact_3f822bf4788c5e0e,artifact_913bf59210606447,artifact_9b05a301577e9560,artifact_31043febf295e8f5,def_d307783de8a11780f4ef,1.0,ok,
vf_b6ab7e6f8ead,pair_000199,targeted_pgd_facenet_verification,facenet-pytorch/InceptionResnetV1,vggface2,source_ebc43d3edd78,target_952b25972fe5,0.01,0.001,20,0.47966246581077576,0.16628426313400269,0.6327127814292908,True,True,False,true,true,smoothing,transform,"{""radius"":3.0}",artifact_reload,0.53262955,-0.0012558,false,false,true,false,0.0014,artifact_dd35036e88c673c4,artifact_af843adcbb767612,artifact_3f822bf4788c5e0e,artifact_913bf59210606447,artifact_bf1a55b22533d636,artifact_31043febf295e8f5,def_6a88ec2c4286315745ce,1.0,ok,
vf_b6ab7e6f8ead,pair_000199,targeted_pgd_facenet_verification,facenet-pytorch/InceptionResnetV1,vggface2,source_ebc43d3edd78,target_952b25972fe5,0.01,0.001,20,0.47966246581077576,0.16628426313400269,0.6327127814292908,True,True,False,true,true,bitdepth,transform,"{""bits"":4}",artifact_reload,0.53262955,0.50664198,true,true,false,true,0.0007,artifact_dd35036e88c673c4,artifact_af843adcbb767612,artifact_3f822bf4788c5e0e,artifact_913bf59210606447,artifact_713b3081edbc4661,artifact_31043febf295e8f5,def_954ca8cf6b6f915c77b1,1.0,ok,
vf_b6ab7e6f8ead,pair_000199,targeted_pgd_facenet_verification,facenet-pytorch/InceptionResnetV1,vggface2,source_ebc43d3edd78,target_952b25972fe5,0.01,0.001,20,0.47966246581077576,0.16628426313400269,0.6327127814292908,True,True,False,true,true,adv_training,trained,"{""epochs"":5,""lr"":1e-05,""margin"":0.15}",legacy_record,0.6327127814292908,0.19544116,false,false,true,false,,artifact_dd35036e88c673c4,artifact_af843adcbb767612,artifact_3f822bf4788c5e0e,artifact_913bf59210606447,,artifact_ea7152eddc5ff20e,def_0de7f2255f18d4cbdbc1,1.0,ok,
vf_a96c278b9663,pair_000201,targeted_pgd_facenet_verification,facenet-pytorch/InceptionResnetV1,vggface2,source_9a4dba119416,target_f279b767b25d,0.01,0.001,20,0.47966246581077576,0.20822519063949585,0.755155086517334,True,True,False,true,true,jpeg,transform,"{""quality"":75}",artifact_reload,0.62790024,0.62716144,true,true,false,true,0.0015,artifact_2e4d2cb18ec01c13,artifact_6b68703451cde221,artifact_68e0507bfd47adfa,artifact_dde604180e5d1608,artifact_1ba8857f524bec51,artifact_31043febf295e8f5,def_5bfa29c53db13350146d,1.0,ok,
vf_a96c278b9663,pair_000201,targeted_pgd_facenet_verification,facenet-pytorch/InceptionResnetV1,vggface2,source_9a4dba119416,target_f279b767b25d,0.01,0.001,20,0.47966246581077576,0.20822519063949585,0.755155086517334,True,True,False,true,true,smoothing,transform,"{""radius"":3.0}",artifact_reload,0.62790024,0.17660846,false,false,true,false,0.0013,artifact_2e4d2cb18ec01c13,artifact_6b68703451cde221,artifact_68e0507bfd47adfa,artifact_dde604180e5d1608,artifact_263d4d952f0f99d5,artifact_31043febf295e8f5,def_1eb10ebe91acf09303c1,1.0,ok,
vf_a96c278b9663,pair_000201,targeted_pgd_facenet_verification,facenet-pytorch/InceptionResnetV1,vggface2,source_9a4dba119416,target_f279b767b25d,0.01,0.001,20,0.47966246581077576,0.20822519063949585,0.755155086517334,True,True,False,true,true,bitdepth,transform,"{""bits"":4}",artifact_reload,0.62790024,0.59300029,true,true,false,true,0.0007,artifact_2e4d2cb18ec01c13,artifact_6b68703451cde221,artifact_68e0507bfd47adfa,artifact_dde604180e5d1608,artifact_14f6433e1cad76ac,artifact_31043febf295e8f5,def_f877469fc8f6e9fecafa,1.0,ok,
vf_a96c278b9663,pair_000201,targeted_pgd_facenet_verification,facenet-pytorch/InceptionResnetV1,vggface2,source_9a4dba119416,target_f279b767b25d,0.01,0.001,20,0.47966246581077576,0.20822519063949585,0.755155086517334,True,True,False,true,true,adv_training,trained,"{""epochs"":5,""lr"":1e-05,""margin"":0.15}",legacy_record,0.755155086517334,0.02819519,false,false,true,false,,artifact_2e4d2cb18ec01c13,artifact_6b68703451cde221,artifact_68e0507bfd47adfa,artifact_dde604180e5d1608,,artifact_ea7152eddc5ff20e,def_24e060158fc21fb6a320,1.0,ok,
vf_a8d0dc97dd40,pair_000206,targeted_pgd_facenet_verification,facenet-pytorch/InceptionResnetV1,vggface2,source_6eda93227392,target_5356319edd8e,0.01,0.001,20,0.47966246581077576,0.44168901443481445,0.9392414689064026,True,True,False,true,true,jpeg,transform,"{""quality"":75}",artifact_reload,0.8707397,0.8707729,true,true,false,true,0.0012,artifact_e00ba5a4ebb7c506,artifact_97ed65337e751000,artifact_ac0b3b1a76d276f7,artifact_b67c6c0c059f8931,artifact_acfb3e479987bfa5,artifact_31043febf295e8f5,def_fb8ad4427703cf18984d,1.0,ok,
vf_a8d0dc97dd40,pair_000206,targeted_pgd_facenet_verification,facenet-pytorch/InceptionResnetV1,vggface2,source_6eda93227392,target_5356319edd8e,0.01,0.001,20,0.47966246581077576,0.44168901443481445,0.9392414689064026,True,True,False,true,true,smoothing,transform,"{""radius"":3.0}",artifact_reload,0.8707397,0.30104315,false,false,true,false,0.0013,artifact_e00ba5a4ebb7c506,artifact_97ed65337e751000,artifact_ac0b3b1a76d276f7,artifact_b67c6c0c059f8931,artifact_54e299326532c26c,artifact_31043febf295e8f5,def_6c828728bc18be4107fd,1.0,ok,
vf_a8d0dc97dd40,pair_000206,targeted_pgd_facenet_verification,facenet-pytorch/InceptionResnetV1,vggface2,source_6eda93227392,target_5356319edd8e,0.01,0.001,20,0.47966246581077576,0.44168901443481445,0.9392414689064026,True,True,False,true,true,bitdepth,transform,"{""bits"":4}",artifact_reload,0.8707397,0.82002407,true,true,false,true,0.0007,artifact_e00ba5a4ebb7c506,artifact_97ed65337e751000,artifact_ac0b3b1a76d276f7,artifact_b67c6c0c059f8931,artifact_c9163cb8d74e6b4f,artifact_31043febf295e8f5,def_94e1de980ffe6b945549,1.0,ok,
vf_a8d0dc97dd40,pair_000206,targeted_pgd_facenet_verification,facenet-pytorch/InceptionResnetV1,vggface2,source_6eda93227392,target_5356319edd8e,0.01,0.001,20,0.47966246581077576,0.44168901443481445,0.9392414689064026,True,True,False,true,true,adv_training,trained,"{""epochs"":5,""lr"":1e-05,""margin"":0.15}",legacy_record,0.9392414689064026,0.3956044,false,false,true,false,,artifact_e00ba5a4ebb7c506,artifact_97ed65337e751000,artifact_ac0b3b1a76d276f7,artifact_b67c6c0c059f8931,,artifact_ea7152eddc5ff20e,def_0f8a08b82a61483d89bd,1.0,ok,
vf_d5f53c32936c,pair_000208,targeted_pgd_facenet_verification,facenet-pytorch/InceptionResnetV1,vggface2,source_ebc43d3edd78,target_f279b767b25d,0.01,0.001,20,0.47966246581077576,0.20576512813568115,0.7311093211174011,True,True,False,true,true,jpeg,transform,"{""quality"":75}",artifact_reload,0.59837377,0.59837282,true,true,false,true,0.0012,artifact_185842d38cf865fb,artifact_cac28c3351217c0f,artifact_f080a52214b0e0c4,artifact_f062ae599468bac4,artifact_fe35406e16f04bb3,artifact_31043febf295e8f5,def_90fda6452fc3cd02ecd2,1.0,ok,
vf_d5f53c32936c,pair_000208,targeted_pgd_facenet_verification,facenet-pytorch/InceptionResnetV1,vggface2,source_ebc43d3edd78,target_f279b767b25d,0.01,0.001,20,0.47966246581077576,0.20576512813568115,0.7311093211174011,True,True,False,true,true,smoothing,transform,"{""radius"":3.0}",artifact_reload,0.59837377,-0.02552725,false,false,true,false,0.0013,artifact_185842d38cf865fb,artifact_cac28c3351217c0f,artifact_f080a52214b0e0c4,artifact_f062ae599468bac4,artifact_70b006d2061e34fc,artifact_31043febf295e8f5,def_237af7dc73b06ba78d0b,1.0,ok,
vf_d5f53c32936c,pair_000208,targeted_pgd_facenet_verification,facenet-pytorch/InceptionResnetV1,vggface2,source_ebc43d3edd78,target_f279b767b25d,0.01,0.001,20,0.47966246581077576,0.20576512813568115,0.7311093211174011,True,True,False,true,true,bitdepth,transform,"{""bits"":4}",artifact_reload,0.59837377,0.53745306,true,true,false,true,0.0007,artifact_185842d38cf865fb,artifact_cac28c3351217c0f,artifact_f080a52214b0e0c4,artifact_f062ae599468bac4,artifact_514d1d0bfdf9d2c7,artifact_31043febf295e8f5,def_f08f87c0d1b43f658fcc,1.0,ok,
vf_d5f53c32936c,pair_000208,targeted_pgd_facenet_verification,facenet-pytorch/InceptionResnetV1,vggface2,source_ebc43d3edd78,target_f279b767b25d,0.01,0.001,20,0.47966246581077576,0.20576512813568115,0.7311093211174011,True,True,False,true,true,adv_training,trained,"{""epochs"":5,""lr"":1e-05,""margin"":0.15}",legacy_record,0.7311093211174011,-0.26316747,false,false,true,false,,artifact_185842d38cf865fb,artifact_cac28c3351217c0f,artifact_f080a52214b0e0c4,artifact_f062ae599468bac4,,artifact_ea7152eddc5ff20e,def_4e03d387086979e02849,1.0,ok,
vf_23dba30d5fa4,pair_000209,targeted_pgd_facenet_verification,facenet-pytorch/InceptionResnetV1,vggface2,source_4008c321c1f3,target_bbb0daa338ba,0.01,0.001,20,0.47966246581077576,0.2542901635169983,0.8452464938163757,True,True,False,true,true,jpeg,transform,"{""quality"":75}",artifact_reload,0.72498983,0.72489119,true,true,false,true,0.0012,artifact_9e83fc17291af6e7,artifact_845bfee7aac279c8,artifact_44dcaa6cc3bff08c,artifact_8ffa124407893f5d,artifact_28be99ae546c8dcf,artifact_31043febf295e8f5,def_e017446ac40333294d84,1.0,ok,
vf_23dba30d5fa4,pair_000209,targeted_pgd_facenet_verification,facenet-pytorch/InceptionResnetV1,vggface2,source_4008c321c1f3,target_bbb0daa338ba,0.01,0.001,20,0.47966246581077576,0.2542901635169983,0.8452464938163757,True,True,False,true,true,smoothing,transform,"{""radius"":3.0}",artifact_reload,0.72498983,0.27365834,false,false,true,false,0.0013,artifact_9e83fc17291af6e7,artifact_845bfee7aac279c8,artifact_44dcaa6cc3bff08c,artifact_8ffa124407893f5d,artifact_8c6ffc34754a2fb3,artifact_31043febf295e8f5,def_15b3e2c692b763b6943f,1.0,ok,
vf_23dba30d5fa4,pair_000209,targeted_pgd_facenet_verification,facenet-pytorch/InceptionResnetV1,vggface2,source_4008c321c1f3,target_bbb0daa338ba,0.01,0.001,20,0.47966246581077576,0.2542901635169983,0.8452464938163757,True,True,False,true,true,bitdepth,transform,"{""bits"":4}",artifact_reload,0.72498983,0.71332574,true,true,false,true,0.0007,artifact_9e83fc17291af6e7,artifact_845bfee7aac279c8,artifact_44dcaa6cc3bff08c,artifact_8ffa124407893f5d,artifact_04dbddb84fbcc17f,artifact_31043febf295e8f5,def_18cf2a41f1dc26098afb,1.0,ok,
vf_23dba30d5fa4,pair_000209,targeted_pgd_facenet_verification,facenet-pytorch/InceptionResnetV1,vggface2,source_4008c321c1f3,target_bbb0daa338ba,0.01,0.001,20,0.47966246581077576,0.2542901635169983,0.8452464938163757,True,True,False,true,true,adv_training,trained,"{""epochs"":5,""lr"":1e-05,""margin"":0.15}",legacy_record,0.8452464938163757,0.35740721,false,false,true,false,,artifact_9e83fc17291af6e7,artifact_845bfee7aac279c8,artifact_44dcaa6cc3bff08c,artifact_8ffa124407893f5d,,artifact_ea7152eddc5ff20e,def_a1594569a59d6d9d4fc0,1.0,ok,
vf_f8cbca7fab7c,pair_000210,targeted_pgd_facenet_verification,facenet-pytorch/InceptionResnetV1,vggface2,source_6eda93227392,target_b750d1d78860,0.01,0.001,20,0.47966246581077576,0.042424898594617844,0.7003173828125,True,True,False,true,true,jpeg,transform,"{""quality"":75}",artifact_reload,0.55340886,0.55409861,true,true,false,true,0.0013,artifact_d53430a2cf50b7bb,artifact_4200a61bc40f5e05,artifact_f999a00b12d5d663,artifact_973892959cb5d562,artifact_aecc5f42f912d4d8,artifact_31043febf295e8f5,def_9bfb20fa3891158b7127,1.0,ok,
vf_f8cbca7fab7c,pair_000210,targeted_pgd_facenet_verification,facenet-pytorch/InceptionResnetV1,vggface2,source_6eda93227392,target_b750d1d78860,0.01,0.001,20,0.47966246581077576,0.042424898594617844,0.7003173828125,True,True,False,true,true,smoothing,transform,"{""radius"":3.0}",artifact_reload,0.55340886,-0.09633023,false,false,true,false,0.0013,artifact_d53430a2cf50b7bb,artifact_4200a61bc40f5e05,artifact_f999a00b12d5d663,artifact_973892959cb5d562,artifact_8372a5da39b4a691,artifact_31043febf295e8f5,def_dfbd39d684132a3a2c9c,1.0,ok,
vf_f8cbca7fab7c,pair_000210,targeted_pgd_facenet_verification,facenet-pytorch/InceptionResnetV1,vggface2,source_6eda93227392,target_b750d1d78860,0.01,0.001,20,0.47966246581077576,0.042424898594617844,0.7003173828125,True,True,False,true,true,bitdepth,transform,"{""bits"":4}",artifact_reload,0.55340886,0.50022382,true,true,false,true,0.0007,artifact_d53430a2cf50b7bb,artifact_4200a61bc40f5e05,artifact_f999a00b12d5d663,artifact_973892959cb5d562,artifact_1c696ba6ff3f83ae,artifact_31043febf295e8f5,def_4a141e2e98ba8da49abc,1.0,ok,
vf_f8cbca7fab7c,pair_000210,targeted_pgd_facenet_verification,facenet-pytorch/InceptionResnetV1,vggface2,source_6eda93227392,target_b750d1d78860,0.01,0.001,20,0.47966246581077576,0.042424898594617844,0.7003173828125,True,True,False,true,true,adv_training,trained,"{""epochs"":5,""lr"":1e-05,""margin"":0.15}",legacy_record,0.7003173828125,0.25408056,false,false,true,false,,artifact_d53430a2cf50b7bb,artifact_4200a61bc40f5e05,artifact_f999a00b12d5d663,artifact_973892959cb5d562,,artifact_ea7152eddc5ff20e,def_a4503f51e8f839ec22e8,1.0,ok,
vf_aa28d8c1c38b,pair_000211,targeted_pgd_facenet_verification,facenet-pytorch/InceptionResnetV1,vggface2,source_16254f944d43,target_f279b767b25d,0.01,0.001,20,0.47966246581077576,0.14301392436027527,0.7371639013290405,True,True,False,true,true,jpeg,transform,"{""quality"":75}",artifact_reload,0.5675382,0.56728923,true,true,false,true,0.0012,artifact_fe8a8580bb46b117,artifact_8dafaf312122fdfb,artifact_04449601c96f586e,artifact_2205ac09eeeb0df5,artifact_b5866b46f7360634,artifact_31043febf295e8f5,def_1f23ed23bc1c402a5b2e,1.0,ok,
vf_aa28d8c1c38b,pair_000211,targeted_pgd_facenet_verification,facenet-pytorch/InceptionResnetV1,vggface2,source_16254f944d43,target_f279b767b25d,0.01,0.001,20,0.47966246581077576,0.14301392436027527,0.7371639013290405,True,True,False,true,true,smoothing,transform,"{""radius"":3.0}",artifact_reload,0.5675382,0.15240282,false,false,true,false,0.0013,artifact_fe8a8580bb46b117,artifact_8dafaf312122fdfb,artifact_04449601c96f586e,artifact_2205ac09eeeb0df5,artifact_ee20c2a1294b7ec1,artifact_31043febf295e8f5,def_c43be612fb0b301d83e3,1.0,ok,
vf_aa28d8c1c38b,pair_000211,targeted_pgd_facenet_verification,facenet-pytorch/InceptionResnetV1,vggface2,source_16254f944d43,target_f279b767b25d,0.01,0.001,20,0.47966246581077576,0.14301392436027527,0.7371639013290405,True,True,False,true,true,bitdepth,transform,"{""bits"":4}",artifact_reload,0.5675382,0.50269568,true,true,false,true,0.0007,artifact_fe8a8580bb46b117,artifact_8dafaf312122fdfb,artifact_04449601c96f586e,artifact_2205ac09eeeb0df5,artifact_1b1452d1c277de4a,artifact_31043febf295e8f5,def_8569fb62f2bf84809d0a,1.0,ok,
vf_aa28d8c1c38b,pair_000211,targeted_pgd_facenet_verification,facenet-pytorch/InceptionResnetV1,vggface2,source_16254f944d43,target_f279b767b25d,0.01,0.001,20,0.47966246581077576,0.14301392436027527,0.7371639013290405,True,True,False,true,true,adv_training,trained,"{""epochs"":5,""lr"":1e-05,""margin"":0.15}",legacy_record,0.7371639013290405,0.19676779,false,false,true,false,,artifact_fe8a8580bb46b117,artifact_8dafaf312122fdfb,artifact_04449601c96f586e,artifact_2205ac09eeeb0df5,,artifact_ea7152eddc5ff20e,def_937ce2c7f131f5a36df2,1.0,ok,
vf_04d0d58268c4,pair_000212,targeted_pgd_facenet_verification,facenet-pytorch/InceptionResnetV1,vggface2,source_b82940bb25ca,target_5356319edd8e,0.01,0.001,20,0.47966246581077576,-0.10447540879249573,0.6556742191314697,True,True,False,false,false,jpeg,transform,"{""quality"":75}",artifact_reload,0.43169305,0.43130735,false,false,false,false,0.0012,artifact_620d8eae145b224b,artifact_79fe97daf41b4711,artifact_449c72cf9095798c,artifact_49158844de4ad214,artifact_2b518998ed9083f9,artifact_31043febf295e8f5,def_12d4eef294bf4b76c7e8,1.0,ok,
vf_04d0d58268c4,pair_000212,targeted_pgd_facenet_verification,facenet-pytorch/InceptionResnetV1,vggface2,source_b82940bb25ca,target_5356319edd8e,0.01,0.001,20,0.47966246581077576,-0.10447540879249573,0.6556742191314697,True,True,False,false,false,smoothing,transform,"{""radius"":3.0}",artifact_reload,0.43169305,0.08049394,false,false,false,false,0.0015,artifact_620d8eae145b224b,artifact_79fe97daf41b4711,artifact_449c72cf9095798c,artifact_49158844de4ad214,artifact_396b12313e4d59d8,artifact_31043febf295e8f5,def_1bb30f054f53ab87b359,1.0,ok,
vf_04d0d58268c4,pair_000212,targeted_pgd_facenet_verification,facenet-pytorch/InceptionResnetV1,vggface2,source_b82940bb25ca,target_5356319edd8e,0.01,0.001,20,0.47966246581077576,-0.10447540879249573,0.6556742191314697,True,True,False,false,false,bitdepth,transform,"{""bits"":4}",artifact_reload,0.43169305,0.37231645,false,false,false,false,0.0007,artifact_620d8eae145b224b,artifact_79fe97daf41b4711,artifact_449c72cf9095798c,artifact_49158844de4ad214,artifact_4714e26571bacd78,artifact_31043febf295e8f5,def_15a4c9e55950961fc718,1.0,ok,
vf_04d0d58268c4,pair_000212,targeted_pgd_facenet_verification,facenet-pytorch/InceptionResnetV1,vggface2,source_b82940bb25ca,target_5356319edd8e,0.01,0.001,20,0.47966246581077576,-0.10447540879249573,0.6556742191314697,True,True,False,true,true,adv_training,trained,"{""epochs"":5,""lr"":1e-05,""margin"":0.15}",legacy_record,0.6556742191314697,0.2387262,false,false,true,false,,artifact_620d8eae145b224b,artifact_79fe97daf41b4711,artifact_449c72cf9095798c,artifact_49158844de4ad214,,artifact_ea7152eddc5ff20e,def_e8f63321ada5da73d549,1.0,ok,
