sample_id,attack_family,attack,defense,defense_params,input_adv_file,defended_file,pred_before_defense,pred_after_defense,pred_after_defense_name,target_label,true_label,attack_success_before_defense,attack_success_after_defense,recovered,target_conf_before_defense,target_conf_after_defense,true_conf_after_defense,defense_time_sec,status
atk_a36367f3c3dc,fgsm,targeted_fgsm,adv_training,"{""attack_family"": ""pgd"", ""mix_ratio"": 0.5, ""epochs"": 5}",outputs/attacks/fgsm_face/images/Ariel_Sharon_0025_to_Colin_Powell_eps0.005.jpg,/content/defense_results/adv_training/best_adv.pt,1,0,Ariel_Sharon,1,0,True,False,True,0.3186203241348266,0.0016318195266649127,0.9789069294929504,0.02144579600008001,ok
atk_a6418d6b5833,fgsm,targeted_fgsm,adv_training,"{""attack_family"": ""pgd"", ""mix_ratio"": 0.5, ""epochs"": 5}",outputs/attacks/fgsm_face/images/Ariel_Sharon_0031_to_Colin_Powell_eps0.005.jpg,/content/defense_results/adv_training/best_adv.pt,1,0,Ariel_Sharon,1,0,True,False,True,0.5691781640052795,0.008975672535598278,0.6152744293212891,0.009702281000045332,ok
atk_3253b8451cb7,fgsm,targeted_fgsm,adv_training,"{""attack_family"": ""pgd"", ""mix_ratio"": 0.5, ""epochs"": 5}",outputs/attacks/fgsm_face/images/Ariel_Sharon_0042_to_Colin_Powell_eps0.005.jpg,/content/defense_results/adv_training/best_adv.pt,1,0,Ariel_Sharon,1,0,True,False,True,0.6439374685287476,0.0029012442100793123,0.9753572940826416,0.009501063999778125,ok
atk_71345e3b3ae6,fgsm,targeted_fgsm,adv_training,"{""attack_family"": ""pgd"", ""mix_ratio"": 0.5, ""epochs"": 5}",outputs/attacks/fgsm_face/images/Ariel_Sharon_0059_to_Colin_Powell_eps0.005.jpg,/content/defense_results/adv_training/best_adv.pt,1,0,Ariel_Sharon,1,0,True,False,True,0.5868486166000366,0.002669805195182562,0.984166145324707,0.00945840499980477,ok
atk_6e1f3e1a7a04,fgsm,targeted_fgsm,adv_training,"{""attack_family"": ""pgd"", ""mix_ratio"": 0.5, ""epochs"": 5}",outputs/attacks/fgsm_face/images/Ariel_Sharon_0062_to_Colin_Powell_eps0.005.jpg,/content/defense_results/adv_training/best_adv.pt,1,0,Ariel_Sharon,1,0,True,False,True,0.7529547810554504,0.0009692833409644663,0.9925981760025024,0.00903060100017683,ok
atk_24fe1ce93d37,fgsm,targeted_fgsm,adv_training,"{""attack_family"": ""pgd"", ""mix_ratio"": 0.5, ""epochs"": 5}",outputs/attacks/fgsm_face/images/Ariel_Sharon_0069_to_Colin_Powell_eps0.005.jpg,/content/defense_results/adv_training/best_adv.pt,1,0,Ariel_Sharon,1,0,True,False,True,0.6646853089332581,0.003692353842779994,0.982105016708374,0.008420089000082953,ok
atk_d1047bdecbbb,fgsm,targeted_fgsm,adv_training,"{""attack_family"": ""pgd"", ""mix_ratio"": 0.5, ""epochs"": 5}",outputs/attacks/fgsm_face/images/Ariel_Sharon_0070_to_Colin_Powell_eps0.005.jpg,/content/defense_results/adv_training/best_adv.pt,1,0,Ariel_Sharon,1,0,True,False,True,0.3321306705474853,0.0023989216424524784,0.9849357604980469,0.008573958000397397,ok
atk_9f2e5d6374d0,fgsm,targeted_fgsm,adv_training,"{""attack_family"": ""pgd"", ""mix_ratio"": 0.5, ""epochs"": 5}",outputs/attacks/fgsm_face/images/Ariel_Sharon_0071_to_Colin_Powell_eps0.005.jpg,/content/defense_results/adv_training/best_adv.pt,1,0,Ariel_Sharon,1,0,True,False,True,0.5919658541679382,0.0033732429146766663,0.9825656414031982,0.008632764000140014,ok
atk_22b87c42ec06,fgsm,targeted_fgsm,adv_training,"{""attack_family"": ""pgd"", ""mix_ratio"": 0.5, ""epochs"": 5}",outputs/attacks/fgsm_face/images/Colin_Powell_0001_to_Donald_Rumsfeld_eps0.005.jpg,/content/defense_results/adv_training/best_adv.pt,2,1,Colin_Powell,2,1,True,False,True,0.4269560873508453,0.3135455250740051,0.6505399942398071,0.009068272999684268,ok
atk_2550f026de8b,fgsm,targeted_fgsm,adv_training,"{""attack_family"": ""pgd"", ""mix_ratio"": 0.5, ""epochs"": 5}",outputs/attacks/fgsm_face/images/Colin_Powell_0033_to_Donald_Rumsfeld_eps0.005.jpg,/content/defense_results/adv_training/best_adv.pt,2,1,Colin_Powell,2,1,True,False,True,0.3067886233329773,0.004383011721074581,0.9853964447975159,0.00864857300030053,ok
atk_9e544acc18f8,fgsm,targeted_fgsm,adv_training,"{""attack_family"": ""pgd"", ""mix_ratio"": 0.5, ""epochs"": 5}",outputs/attacks/fgsm_face/images/Colin_Powell_0051_to_Donald_Rumsfeld_eps0.005.jpg,/content/defense_results/adv_training/best_adv.pt,2,1,Colin_Powell,2,1,True,False,True,0.7657992839813232,0.008735548704862595,0.9822892546653748,0.008806920000097307,ok
atk_6dd4b2a18671,fgsm,targeted_fgsm,adv_training,"{""attack_family"": ""pgd"", ""mix_ratio"": 0.5, ""epochs"": 5}",outputs/attacks/fgsm_face/images/Colin_Powell_0084_to_Donald_Rumsfeld_eps0.005.jpg,/content/defense_results/adv_training/best_adv.pt,2,1,Colin_Powell,2,1,True,False,True,0.2733149230480194,0.0010627785231918097,0.9913964867591858,0.0083738049997919,ok
atk_ed83b9f27948,fgsm,targeted_fgsm,adv_training,"{""attack_family"": ""pgd"", ""mix_ratio"": 0.5, ""epochs"": 5}",outputs/attacks/fgsm_face/images/Colin_Powell_0085_to_Donald_Rumsfeld_eps0.005.jpg,/content/defense_results/adv_training/best_adv.pt,2,1,Colin_Powell,2,1,True,False,True,0.513058602809906,0.008134142495691776,0.9826955795288086,0.008490507999795227,ok
atk_fa690dfb3161,fgsm,targeted_fgsm,adv_training,"{""attack_family"": ""pgd"", ""mix_ratio"": 0.5, ""epochs"": 5}",outputs/attacks/fgsm_face/images/Colin_Powell_0094_to_Donald_Rumsfeld_eps0.005.jpg,/content/defense_results/adv_training/best_adv.pt,2,1,Colin_Powell,2,1,True,False,True,0.3835024237632751,0.0041176145896315575,0.9888430833816528,0.008347521999894525,ok
atk_24b4360d62b7,fgsm,targeted_fgsm,adv_training,"{""attack_family"": ""pgd"", ""mix_ratio"": 0.5, ""epochs"": 5}",outputs/attacks/fgsm_face/images/Colin_Powell_0098_to_Donald_Rumsfeld_eps0.005.jpg,/content/defense_results/adv_training/best_adv.pt,2,1,Colin_Powell,2,1,True,False,True,0.5224576592445374,0.002519134897738695,0.9918070435523987,0.00852489599992623,ok
atk_ff97e04348eb,fgsm,targeted_fgsm,adv_training,"{""attack_family"": ""pgd"", ""mix_ratio"": 0.5, ""epochs"": 5}",outputs/attacks/fgsm_face/images/Colin_Powell_0105_to_Donald_Rumsfeld_eps0.005.jpg,/content/defense_results/adv_training/best_adv.pt,2,1,Colin_Powell,2,1,True,False,True,0.4103734493255615,0.0035683314781636,0.9895032644271851,0.008510546000252361,ok
atk_2fb196999d13,fgsm,targeted_fgsm,adv_training,"{""attack_family"": ""pgd"", ""mix_ratio"": 0.5, ""epochs"": 5}",outputs/attacks/fgsm_face/images/Colin_Powell_0108_to_Donald_Rumsfeld_eps0.005.jpg,/content/defense_results/adv_training/best_adv.pt,2,1,Colin_Powell,2,1,True,False,True,0.332937628030777,0.0012843498261645436,0.9894969463348389,0.008708205000402813,ok
atk_b351ead8ca4c,fgsm,targeted_fgsm,adv_training,"{""attack_family"": ""pgd"", ""mix_ratio"": 0.5, ""epochs"": 5}",outputs/attacks/fgsm_face/images/Colin_Powell_0111_to_Donald_Rumsfeld_eps0.005.jpg,/content/defense_results/adv_training/best_adv.pt,2,1,Colin_Powell,2,1,True,False,True,0.663147509098053,0.007642993237823248,0.9831695556640625,0.008448389000022871,ok
atk_a607587be237,fgsm,targeted_fgsm,adv_training,"{""attack_family"": ""pgd"", ""mix_ratio"": 0.5, ""epochs"": 5}",outputs/attacks/fgsm_face/images/Colin_Powell_0134_to_Donald_Rumsfeld_eps0.005.jpg,/content/defense_results/adv_training/best_adv.pt,2,1,Colin_Powell,2,1,True,False,True,0.5446054339408875,0.006312206387519836,0.9829976558685303,0.008674581999912334,ok
atk_ebb91685bb34,fgsm,targeted_fgsm,adv_training,"{""attack_family"": ""pgd"", ""mix_ratio"": 0.5, ""epochs"": 5}",outputs/attacks/fgsm_face/images/Colin_Powell_0160_to_Donald_Rumsfeld_eps0.005.jpg,/content/defense_results/adv_training/best_adv.pt,2,1,Colin_Powell,2,1,True,False,True,0.459344744682312,0.0010693370131775737,0.991595447063446,0.008285432999855402,ok
atk_0112134af879,fgsm,targeted_fgsm,adv_training,"{""attack_family"": ""pgd"", ""mix_ratio"": 0.5, ""epochs"": 5}",outputs/attacks/fgsm_face/images/Colin_Powell_0170_to_Donald_Rumsfeld_eps0.005.jpg,/content/defense_results/adv_training/best_adv.pt,2,1,Colin_Powell,2,1,True,False,True,0.5722692012786865,0.015377885662019253,0.9759926199913025,0.008373742999992828,ok
atk_cafd3d471679,fgsm,targeted_fgsm,adv_training,"{""attack_family"": ""pgd"", ""mix_ratio"": 0.5, ""epochs"": 5}",outputs/attacks/fgsm_face/images/Colin_Powell_0172_to_Donald_Rumsfeld_eps0.005.jpg,/content/defense_results/adv_training/best_adv.pt,2,1,Colin_Powell,2,1,True,False,True,0.3560879230499267,0.0014640451408922672,0.9882772564888,0.008397730000069714,ok
atk_9523b3c0a8ba,fgsm,targeted_fgsm,adv_training,"{""attack_family"": ""pgd"", ""mix_ratio"": 0.5, ""epochs"": 5}",outputs/attacks/fgsm_face/images/Colin_Powell_0179_to_Donald_Rumsfeld_eps0.005.jpg,/content/defense_results/adv_training/best_adv.pt,2,1,Colin_Powell,2,1,True,False,True,0.4521600902080536,0.0032716882415115833,0.9905072450637817,0.009035805000166874,ok
atk_f250e33bc57e,fgsm,targeted_fgsm,adv_training,"{""attack_family"": ""pgd"", ""mix_ratio"": 0.5, ""epochs"": 5}",outputs/attacks/fgsm_face/images/Colin_Powell_0185_to_Donald_Rumsfeld_eps0.005.jpg,/content/defense_results/adv_training/best_adv.pt,2,1,Colin_Powell,2,1,True,False,True,0.3619630336761474,0.009344764985144138,0.9721384644508362,0.00907981899990773,ok
atk_efcb264bf3df,fgsm,targeted_fgsm,adv_training,"{""attack_family"": ""pgd"", ""mix_ratio"": 0.5, ""epochs"": 5}",outputs/attacks/fgsm_face/images/Colin_Powell_0189_to_Donald_Rumsfeld_eps0.005.jpg,/content/defense_results/adv_training/best_adv.pt,2,1,Colin_Powell,2,1,True,False,True,0.5488588809967041,0.0034258519299328327,0.9894523620605469,0.009080562000235659,ok
atk_70d81ada4329,fgsm,targeted_fgsm,adv_training,"{""attack_family"": ""pgd"", ""mix_ratio"": 0.5, ""epochs"": 5}",outputs/attacks/fgsm_face/images/Colin_Powell_0218_to_Donald_Rumsfeld_eps0.005.jpg,/content/defense_results/adv_training/best_adv.pt,2,1,Colin_Powell,2,1,True,False,True,0.2706506252288818,0.006808203645050526,0.9435449242591858,0.009006089999729738,ok
atk_e642648db454,fgsm,targeted_fgsm,adv_training,"{""attack_family"": ""pgd"", ""mix_ratio"": 0.5, ""epochs"": 5}",outputs/attacks/fgsm_face/images/Colin_Powell_0223_to_Donald_Rumsfeld_eps0.005.jpg,/content/defense_results/adv_training/best_adv.pt,2,1,Colin_Powell,2,1,True,False,True,0.4020844101905823,0.0012548931408673525,0.9911092519760132,0.009035691999997653,ok
atk_534c8a893706,fgsm,targeted_fgsm,adv_training,"{""attack_family"": ""pgd"", ""mix_ratio"": 0.5, ""epochs"": 5}",outputs/attacks/fgsm_face/images/Colin_Powell_0231_to_Donald_Rumsfeld_eps0.005.jpg,/content/defense_results/adv_training/best_adv.pt,2,1,Colin_Powell,2,1,True,False,True,0.351918876171112,0.0011717387242242694,0.9946988821029663,0.009424825000223791,ok
atk_509cfcdb6da4,fgsm,targeted_fgsm,adv_training,"{""attack_family"": ""pgd"", ""mix_ratio"": 0.5, ""epochs"": 5}",outputs/attacks/fgsm_face/images/Donald_Rumsfeld_0002_to_George_W_Bush_eps0.005.jpg,/content/defense_results/adv_training/best_adv.pt,3,2,Donald_Rumsfeld,3,2,True,False,True,0.5435528755187988,0.003451390890404582,0.9863409399986267,0.00904842899990399,ok
atk_728782832f35,fgsm,targeted_fgsm,adv_training,"{""attack_family"": ""pgd"", ""mix_ratio"": 0.5, ""epochs"": 5}",outputs/attacks/fgsm_face/images/Donald_Rumsfeld_0006_to_George_W_Bush_eps0.005.jpg,/content/defense_results/adv_training/best_adv.pt,3,2,Donald_Rumsfeld,3,2,True,False,True,0.594275951385498,0.003954085521399975,0.9891037940979004,0.01155729899983271,ok
atk_556dd34ba32e,fgsm,targeted_fgsm,adv_training,"{""attack_family"": ""pgd"", ""mix_ratio"": 0.5, ""epochs"": 5}",outputs/attacks/fgsm_face/images/Donald_Rumsfeld_0014_to_George_W_Bush_eps0.005.jpg,/content/defense_results/adv_training/best_adv.pt,3,2,Donald_Rumsfeld,3,2,True,False,True,0.5451251268386841,0.005241075064986944,0.9874072074890137,0.01372951799976363,ok
atk_5f1964b65185,fgsm,targeted_fgsm,adv_training,"{""attack_family"": ""pgd"", ""mix_ratio"": 0.5, ""epochs"": 5}",outputs/attacks/fgsm_face/images/Donald_Rumsfeld_0017_to_George_W_Bush_eps0.005.jpg,/content/defense_results/adv_training/best_adv.pt,3,2,Donald_Rumsfeld,3,2,True,False,True,0.6539307832717896,0.002148024272173643,0.9938750863075256,0.011360927000168886,ok
atk_c99f6f4769ff,fgsm,targeted_fgsm,adv_training,"{""attack_family"": ""pgd"", ""mix_ratio"": 0.5, ""epochs"": 5}",outputs/attacks/fgsm_face/images/Donald_Rumsfeld_0038_to_George_W_Bush_eps0.005.jpg,/content/defense_results/adv_training/best_adv.pt,3,2,Donald_Rumsfeld,3,2,True,False,True,0.7475342154502869,0.001090242643840611,0.9962137341499329,0.01261276800005362,ok
atk_b3d6ce5ab64e,fgsm,targeted_fgsm,adv_training,"{""attack_family"": ""pgd"", ""mix_ratio"": 0.5, ""epochs"": 5}",outputs/attacks/fgsm_face/images/Donald_Rumsfeld_0061_to_George_W_Bush_eps0.005.jpg,/content/defense_results/adv_training/best_adv.pt,3,2,Donald_Rumsfeld,3,2,True,False,True,0.8796439170837402,0.0012788748135790229,0.9963250756263733,0.012493029999859573,ok
atk_f79339a16f91,fgsm,targeted_fgsm,adv_training,"{""attack_family"": ""pgd"", ""mix_ratio"": 0.5, ""epochs"": 5}",outputs/attacks/fgsm_face/images/Donald_Rumsfeld_0062_to_George_W_Bush_eps0.005.jpg,/content/defense_results/adv_training/best_adv.pt,3,2,Donald_Rumsfeld,3,2,True,False,True,0.6260361075401306,0.00633007800206542,0.9808740019798279,0.011491294999814272,ok
atk_a17b1b2cd463,fgsm,targeted_fgsm,adv_training,"{""attack_family"": ""pgd"", ""mix_ratio"": 0.5, ""epochs"": 5}",outputs/attacks/fgsm_face/images/Donald_Rumsfeld_0063_to_George_W_Bush_eps0.005.jpg,/content/defense_results/adv_training/best_adv.pt,3,2,Donald_Rumsfeld,3,2,True,False,True,0.8551272749900818,0.0026494173798710108,0.9924047589302063,0.013985168000090198,ok
atk_a499d00ac979,fgsm,targeted_fgsm,adv_training,"{""attack_family"": ""pgd"", ""mix_ratio"": 0.5, ""epochs"": 5}",outputs/attacks/fgsm_face/images/Donald_Rumsfeld_0071_to_George_W_Bush_eps0.005.jpg,/content/defense_results/adv_training/best_adv.pt,3,2,Donald_Rumsfeld,3,2,True,False,True,0.5758246183395386,0.0018933397950604558,0.9944270849227905,0.01180285800001002,ok
atk_122f9dcf9ba2,fgsm,targeted_fgsm,adv_training,"{""attack_family"": ""pgd"", ""mix_ratio"": 0.5, ""epochs"": 5}",outputs/attacks/fgsm_face/images/Donald_Rumsfeld_0074_to_George_W_Bush_eps0.005.jpg,/content/defense_results/adv_training/best_adv.pt,3,2,Donald_Rumsfeld,3,2,True,False,True,0.5344042778015137,0.0022622018586844206,0.9944124817848206,0.011628454999936366,ok
atk_5a994aa4de38,fgsm,targeted_fgsm,adv_training,"{""attack_family"": ""pgd"", ""mix_ratio"": 0.5, ""epochs"": 5}",outputs/attacks/fgsm_face/images/Donald_Rumsfeld_0082_to_George_W_Bush_eps0.005.jpg,/content/defense_results/adv_training/best_adv.pt,3,2,Donald_Rumsfeld,3,2,True,False,True,0.2937920391559601,0.006844978779554367,0.9702672958374023,0.012428055999862408,ok
atk_13d4fe31d201,fgsm,targeted_fgsm,adv_training,"{""attack_family"": ""pgd"", ""mix_ratio"": 0.5, ""epochs"": 5}",outputs/attacks/fgsm_face/images/Donald_Rumsfeld_0090_to_George_W_Bush_eps0.005.jpg,/content/defense_results/adv_training/best_adv.pt,3,2,Donald_Rumsfeld,3,2,True,False,True,0.4045740365982055,0.003118782304227352,0.9912307262420654,0.011139796999941609,ok
atk_9f4a96183436,fgsm,targeted_fgsm,adv_training,"{""attack_family"": ""pgd"", ""mix_ratio"": 0.5, ""epochs"": 5}",outputs/attacks/fgsm_face/images/Donald_Rumsfeld_0091_to_George_W_Bush_eps0.005.jpg,/content/defense_results/adv_training/best_adv.pt,3,2,Donald_Rumsfeld,3,2,True,False,True,0.6950100064277649,0.0065566161647439,0.9822299480438232,0.009512556000117911,ok
atk_35d7714558ae,fgsm,targeted_fgsm,adv_training,"{""attack_family"": ""pgd"", ""mix_ratio"": 0.5, ""epochs"": 5}",outputs/attacks/fgsm_face/images/Donald_Rumsfeld_0097_to_George_W_Bush_eps0.005.jpg,/content/defense_results/adv_training/best_adv.pt,3,2,Donald_Rumsfeld,3,2,True,False,True,0.4846574366092682,0.0037529102992266417,0.9887070655822754,0.009290267000324093,ok
atk_b960ef7efe05,fgsm,targeted_fgsm,adv_training,"{""attack_family"": ""pgd"", ""mix_ratio"": 0.5, ""epochs"": 5}",outputs/attacks/fgsm_face/images/George_W_Bush_0283_to_Gerhard_Schroeder_eps0.005.jpg,/content/defense_results/adv_training/best_adv.pt,4,3,George_W_Bush,4,3,True,False,True,0.3584522902965545,0.25604379177093506,0.4646085202693939,0.008824011999877257,ok
atk_bcf46e1a75cf,fgsm,targeted_fgsm,adv_training,"{""attack_family"": ""pgd"", ""mix_ratio"": 0.5, ""epochs"": 5}",outputs/attacks/fgsm_face/images/Gerhard_Schroeder_0024_to_Hugo_Chavez_eps0.005.jpg,/content/defense_results/adv_training/best_adv.pt,5,4,Gerhard_Schroeder,5,4,True,False,True,0.4015296399593353,0.0022459966130554676,0.994418740272522,0.010373479000008956,ok
atk_6d0ccc97cb4c,fgsm,targeted_fgsm,adv_training,"{""attack_family"": ""pgd"", ""mix_ratio"": 0.5, ""epochs"": 5}",outputs/attacks/fgsm_face/images/Hugo_Chavez_0056_to_Jean_Chretien_eps0.005.jpg,/content/defense_results/adv_training/best_adv.pt,6,5,Hugo_Chavez,6,5,True,False,True,0.1831143349409103,0.00014149655180517584,0.9861806035041809,0.009447925000131363,ok
atk_1408c2486a7b,fgsm,targeted_fgsm,adv_training,"{""attack_family"": ""pgd"", ""mix_ratio"": 0.5, ""epochs"": 5}",outputs/attacks/fgsm_face/images/Junichiro_Koizumi_0050_to_Tony_Blair_eps0.005.jpg,/content/defense_results/adv_training/best_adv.pt,9,8,Junichiro_Koizumi,9,8,True,False,True,0.4137239754199981,0.0013369491789489985,0.9902308583259583,0.008678532999965682,ok
atk_a0e4a660b732,fgsm,targeted_fgsm,adv_training,"{""attack_family"": ""pgd"", ""mix_ratio"": 0.5, ""epochs"": 5}",outputs/attacks/fgsm_face/images/Tony_Blair_0027_to_Ariel_Sharon_eps0.005.jpg,/content/defense_results/adv_training/best_adv.pt,0,9,Tony_Blair,0,9,True,False,True,0.3574074208736419,3.694505721796304e-05,0.9962361454963684,0.00925314400001298,ok
atk_6152c4409e04,jsma,targeted_jsma_multi_pixel,adv_training,"{""attack_family"": ""pgd"", ""mix_ratio"": 0.5, ""epochs"": 5}",outputs/attacks/jsma_face/images/Ariel_Sharon_0025_to_Colin_Powell_theta0.050_s20_k200.jpg,/content/defense_results/adv_training/best_adv.pt,1,0,Ariel_Sharon,1,0,True,False,True,0.2347012162208557,0.000619100290350616,0.9107917547225952,0.009209175999785657,ok
atk_cf01d99fd8ed,jsma,targeted_jsma_multi_pixel,adv_training,"{""attack_family"": ""pgd"", ""mix_ratio"": 0.5, ""epochs"": 5}",outputs/attacks/jsma_face/images/Ariel_Sharon_0031_to_Colin_Powell_theta0.050_s20_k200.jpg,/content/defense_results/adv_training/best_adv.pt,1,0,Ariel_Sharon,1,0,True,False,True,0.3432847261428833,0.002573326462879777,0.9105919599533081,0.009443121000003885,ok
atk_bcd07d66acdd,jsma,targeted_jsma_multi_pixel,adv_training,"{""attack_family"": ""pgd"", ""mix_ratio"": 0.5, ""epochs"": 5}",outputs/attacks/jsma_face/images/Ariel_Sharon_0042_to_Colin_Powell_theta0.050_s20_k200.jpg,/content/defense_results/adv_training/best_adv.pt,1,0,Ariel_Sharon,1,0,True,False,True,0.3374248147010803,0.0022066468372941017,0.9806243777275085,0.009055255000021134,ok
atk_71285343e090,jsma,targeted_jsma_multi_pixel,adv_training,"{""attack_family"": ""pgd"", ""mix_ratio"": 0.5, ""epochs"": 5}",outputs/attacks/jsma_face/images/Ariel_Sharon_0043_to_Colin_Powell_theta0.050_s20_k200.jpg,/content/defense_results/adv_training/best_adv.pt,1,0,Ariel_Sharon,1,0,True,False,True,0.363597959280014,0.002023204229772091,0.9764128923416138,0.009382300000197574,ok
atk_f437d6c5a03b,jsma,targeted_jsma_multi_pixel,adv_training,"{""attack_family"": ""pgd"", ""mix_ratio"": 0.5, ""epochs"": 5}",outputs/attacks/jsma_face/images/Ariel_Sharon_0049_to_Colin_Powell_theta0.050_s20_k200.jpg,/content/defense_results/adv_training/best_adv.pt,1,0,Ariel_Sharon,1,0,True,False,True,0.286436527967453,0.0029361778870224953,0.9820390343666077,0.008816728000056173,ok
atk_b9908de8b4eb,jsma,targeted_jsma_multi_pixel,adv_training,"{""attack_family"": ""pgd"", ""mix_ratio"": 0.5, ""epochs"": 5}",outputs/attacks/jsma_face/images/Ariel_Sharon_0050_to_Colin_Powell_theta0.050_s20_k200.jpg,/content/defense_results/adv_training/best_adv.pt,1,0,Ariel_Sharon,1,0,True,False,True,0.4444953501224518,0.002133789239451289,0.9783833622932434,0.009659807999923942,ok
atk_9c27c2844b95,jsma,targeted_jsma_multi_pixel,adv_training,"{""attack_family"": ""pgd"", ""mix_ratio"": 0.5, ""epochs"": 5}",outputs/attacks/jsma_face/images/Ariel_Sharon_0059_to_Colin_Powell_theta0.050_s20_k200.jpg,/content/defense_results/adv_training/best_adv.pt,1,0,Ariel_Sharon,1,0,True,False,True,0.2533378601074219,0.0020656532142311335,0.9872888326644897,0.009134772999914276,ok
atk_147b956946b8,jsma,targeted_jsma_multi_pixel,adv_training,"{""attack_family"": ""pgd"", ""mix_ratio"": 0.5, ""epochs"": 5}",outputs/attacks/jsma_face/images/Ariel_Sharon_0062_to_Colin_Powell_theta0.050_s20_k200.jpg,/content/defense_results/adv_training/best_adv.pt,1,0,Ariel_Sharon,1,0,True,False,True,0.4730437695980072,0.000883685250300914,0.9913501739501953,0.00956254099992293,ok
atk_812db27fa5c0,jsma,targeted_jsma_multi_pixel,adv_training,"{""attack_family"": ""pgd"", ""mix_ratio"": 0.5, ""epochs"": 5}",outputs/attacks/jsma_face/images/Ariel_Sharon_0069_to_Colin_Powell_theta0.050_s20_k200.jpg,/content/defense_results/adv_training/best_adv.pt,1,0,Ariel_Sharon,1,0,True,False,True,0.445217490196228,0.0034868207294493914,0.9837731122970581,0.009476015000018378,ok
atk_80dd6040d478,jsma,targeted_jsma_multi_pixel,adv_training,"{""attack_family"": ""pgd"", ""mix_ratio"": 0.5, ""epochs"": 5}",outputs/attacks/jsma_face/images/Ariel_Sharon_0070_to_Colin_Powell_theta0.050_s20_k200.jpg,/content/defense_results/adv_training/best_adv.pt,1,0,Ariel_Sharon,1,0,True,False,True,0.3346944749355316,0.002388059627264738,0.9812984466552734,0.009960787000181881,ok
atk_2227f945961f,jsma,targeted_jsma_multi_pixel,adv_training,"{""attack_family"": ""pgd"", ""mix_ratio"": 0.5, ""epochs"": 5}",outputs/attacks/jsma_face/images/Ariel_Sharon_0071_to_Colin_Powell_theta0.050_s20_k200.jpg,/content/defense_results/adv_training/best_adv.pt,1,0,Ariel_Sharon,1,0,True,False,True,0.2693904936313629,0.0033155097626149654,0.9815239310264587,0.012702630000148929,ok
atk_af17eb838192,jsma,targeted_jsma_multi_pixel,adv_training,"{""attack_family"": ""pgd"", ""mix_ratio"": 0.5, ""epochs"": 5}",outputs/attacks/jsma_face/images/Colin_Powell_0001_to_Donald_Rumsfeld_theta0.050_s20_k200.jpg,/content/defense_results/adv_training/best_adv.pt,2,1,Colin_Powell,2,1,True,False,True,0.3558082580566406,0.03792368993163109,0.9472253918647766,0.013724868999815953,ok
atk_f80d7ced2781,jsma,targeted_jsma_multi_pixel,adv_training,"{""attack_family"": ""pgd"", ""mix_ratio"": 0.5, ""epochs"": 5}",outputs/attacks/jsma_face/images/Colin_Powell_0018_to_Donald_Rumsfeld_theta0.050_s20_k200.jpg,/content/defense_results/adv_training/best_adv.pt,2,1,Colin_Powell,2,1,True,False,True,0.4201935231685638,0.0010032474528998137,0.9962555170059204,0.012169516000085423,ok
atk_9fe9c41c1c90,jsma,targeted_jsma_multi_pixel,adv_training,"{""attack_family"": ""pgd"", ""mix_ratio"": 0.5, ""epochs"": 5}",outputs/attacks/jsma_face/images/Colin_Powell_0032_to_Donald_Rumsfeld_theta0.050_s20_k200.jpg,/content/defense_results/adv_training/best_adv.pt,2,1,Colin_Powell,2,1,True,False,True,0.4100281298160553,0.0018669983837753534,0.9942061901092529,0.011461537999821303,ok
atk_15b5bf28e1ce,jsma,targeted_jsma_multi_pixel,adv_training,"{""attack_family"": ""pgd"", ""mix_ratio"": 0.5, ""epochs"": 5}",outputs/attacks/jsma_face/images/Colin_Powell_0033_to_Donald_Rumsfeld_theta0.050_s20_k200.jpg,/content/defense_results/adv_training/best_adv.pt,2,1,Colin_Powell,2,1,True,False,True,0.3418951332569122,0.002174070570617914,0.9932082295417786,0.014850846000172169,ok
atk_3b4800a766a0,jsma,targeted_jsma_multi_pixel,adv_training,"{""attack_family"": ""pgd"", ""mix_ratio"": 0.5, ""epochs"": 5}",outputs/attacks/jsma_face/images/Colin_Powell_0050_to_Donald_Rumsfeld_theta0.050_s20_k200.jpg,/content/defense_results/adv_training/best_adv.pt,2,1,Colin_Powell,2,1,True,False,True,0.2852593958377838,0.002497168257832527,0.9912713766098022,0.010860963000141055,ok
atk_1fb4229d675f,jsma,targeted_jsma_multi_pixel,adv_training,"{""attack_family"": ""pgd"", ""mix_ratio"": 0.5, ""epochs"": 5}",outputs/attacks/jsma_face/images/Colin_Powell_0051_to_Donald_Rumsfeld_theta0.050_s20_k200.jpg,/content/defense_results/adv_training/best_adv.pt,2,1,Colin_Powell,2,1,True,False,True,0.3828068077564239,0.0022447342053055763,0.9918850660324097,0.012261299999863695,ok
atk_06cd3e0b52e7,jsma,targeted_jsma_multi_pixel,adv_training,"{""attack_family"": ""pgd"", ""mix_ratio"": 0.5, ""epochs"": 5}",outputs/attacks/jsma_face/images/Colin_Powell_0076_to_Donald_Rumsfeld_theta0.050_s20_k200.jpg,/content/defense_results/adv_training/best_adv.pt,2,1,Colin_Powell,2,1,True,False,True,0.4501354098320007,0.000501488393638283,0.988723874092102,0.013437266999972053,ok
atk_16f0aa7555c2,jsma,targeted_jsma_multi_pixel,adv_training,"{""attack_family"": ""pgd"", ""mix_ratio"": 0.5, ""epochs"": 5}",outputs/attacks/jsma_face/images/Colin_Powell_0080_to_Donald_Rumsfeld_theta0.050_s20_k200.jpg,/content/defense_results/adv_training/best_adv.pt,2,1,Colin_Powell,2,1,True,False,True,0.3188590109348297,0.0015709109138697386,0.995049774646759,0.017029928999818367,ok
atk_84791967eb39,jsma,targeted_jsma_multi_pixel,adv_training,"{""attack_family"": ""pgd"", ""mix_ratio"": 0.5, ""epochs"": 5}",outputs/attacks/jsma_face/images/Colin_Powell_0081_to_Donald_Rumsfeld_theta0.050_s20_k200.jpg,/content/defense_results/adv_training/best_adv.pt,2,1,Colin_Powell,2,1,True,False,True,0.2745461761951446,0.003037121146917343,0.9920360445976257,0.01398909099998491,ok
atk_aea21a026e8e,jsma,targeted_jsma_multi_pixel,adv_training,"{""attack_family"": ""pgd"", ""mix_ratio"": 0.5, ""epochs"": 5}",outputs/attacks/jsma_face/images/Colin_Powell_0084_to_Donald_Rumsfeld_theta0.050_s20_k200.jpg,/content/defense_results/adv_training/best_adv.pt,2,1,Colin_Powell,2,1,True,False,True,0.269416481256485,0.0006299422821030021,0.9944158792495728,0.014733071999671665,ok
atk_05c02d4dfdb2,jsma,targeted_jsma_multi_pixel,adv_training,"{""attack_family"": ""pgd"", ""mix_ratio"": 0.5, ""epochs"": 5}",outputs/attacks/jsma_face/images/Colin_Powell_0085_to_Donald_Rumsfeld_theta0.050_s20_k200.jpg,/content/defense_results/adv_training/best_adv.pt,2,1,Colin_Powell,2,1,True,False,True,0.3353344202041626,0.005313938017934561,0.9871495366096497,0.012842418000218458,ok
atk_a90f08846190,jsma,targeted_jsma_multi_pixel,adv_training,"{""attack_family"": ""pgd"", ""mix_ratio"": 0.5, ""epochs"": 5}",outputs/attacks/jsma_face/images/Colin_Powell_0094_to_Donald_Rumsfeld_theta0.050_s20_k200.jpg,/content/defense_results/adv_training/best_adv.pt,2,1,Colin_Powell,2,1,True,False,True,0.3024756908416748,0.0017422757809981704,0.9951009154319763,0.012351510999906168,ok
atk_fbf42c8faf11,jsma,targeted_jsma_multi_pixel,adv_training,"{""attack_family"": ""pgd"", ""mix_ratio"": 0.5, ""epochs"": 5}",outputs/attacks/jsma_face/images/Colin_Powell_0098_to_Donald_Rumsfeld_theta0.050_s20_k200.jpg,/content/defense_results/adv_training/best_adv.pt,2,1,Colin_Powell,2,1,True,False,True,0.5042904615402222,0.0015733505133539438,0.9929676055908203,0.010205528999904345,ok
atk_84faf7eddfb3,jsma,targeted_jsma_multi_pixel,adv_training,"{""attack_family"": ""pgd"", ""mix_ratio"": 0.5, ""epochs"": 5}",outputs/attacks/jsma_face/images/Colin_Powell_0104_to_Donald_Rumsfeld_theta0.050_s20_k200.jpg,/content/defense_results/adv_training/best_adv.pt,2,1,Colin_Powell,2,1,True,False,True,0.3837528526782989,0.001976165920495987,0.9931756854057312,0.010110156999871833,ok
atk_53092fb4cffb,jsma,targeted_jsma_multi_pixel,adv_training,"{""attack_family"": ""pgd"", ""mix_ratio"": 0.5, ""epochs"": 5}",outputs/attacks/jsma_face/images/Colin_Powell_0105_to_Donald_Rumsfeld_theta0.050_s20_k200.jpg,/content/defense_results/adv_training/best_adv.pt,2,1,Colin_Powell,2,1,True,False,True,0.3844065368175506,0.0014740896876901388,0.9929839372634888,0.012843026000155078,ok
atk_978139312973,jsma,targeted_jsma_multi_pixel,adv_training,"{""attack_family"": ""pgd"", ""mix_ratio"": 0.5, ""epochs"": 5}",outputs/attacks/jsma_face/images/Colin_Powell_0108_to_Donald_Rumsfeld_theta0.050_s20_k200.jpg,/content/defense_results/adv_training/best_adv.pt,2,1,Colin_Powell,2,1,True,False,True,0.4023661315441131,0.0012858930276706815,0.989732563495636,0.010614191999593459,ok
atk_3abecffaf4b1,jsma,targeted_jsma_multi_pixel,adv_training,"{""attack_family"": ""pgd"", ""mix_ratio"": 0.5, ""epochs"": 5}",outputs/attacks/jsma_face/images/Colin_Powell_0111_to_Donald_Rumsfeld_theta0.050_s20_k200.jpg,/content/defense_results/adv_training/best_adv.pt,2,1,Colin_Powell,2,1,True,False,True,0.3673136830329895,0.0033553398679941893,0.9890223741531372,0.011058204000164551,ok
atk_3016288c560e,jsma,targeted_jsma_multi_pixel,adv_training,"{""attack_family"": ""pgd"", ""mix_ratio"": 0.5, ""epochs"": 5}",outputs/attacks/jsma_face/images/Colin_Powell_0130_to_Donald_Rumsfeld_theta0.050_s20_k200.jpg,/content/defense_results/adv_training/best_adv.pt,2,1,Colin_Powell,2,1,True,False,True,0.3577249348163605,0.0027789229061454535,0.9847962856292725,0.0116527150003094,ok
atk_5600007a4390,jsma,targeted_jsma_multi_pixel,adv_training,"{""attack_family"": ""pgd"", ""mix_ratio"": 0.5, ""epochs"": 5}",outputs/attacks/jsma_face/images/Colin_Powell_0134_to_Donald_Rumsfeld_theta0.050_s20_k200.jpg,/content/defense_results/adv_training/best_adv.pt,2,1,Colin_Powell,2,1,True,False,True,0.4022629857063293,0.002491649705916643,0.9913826584815979,0.009475592999933724,ok
atk_7092318d02d2,jsma,targeted_jsma_multi_pixel,adv_training,"{""attack_family"": ""pgd"", ""mix_ratio"": 0.5, ""epochs"": 5}",outputs/attacks/jsma_face/images/Colin_Powell_0138_to_Donald_Rumsfeld_theta0.050_s20_k200.jpg,/content/defense_results/adv_training/best_adv.pt,2,1,Colin_Powell,2,1,True,False,True,0.3855575621128082,0.0015163621865212917,0.9938067197799683,0.010138082999674225,ok
atk_b374df037e5e,jsma,targeted_jsma_multi_pixel,adv_training,"{""attack_family"": ""pgd"", ""mix_ratio"": 0.5, ""epochs"": 5}",outputs/attacks/jsma_face/images/Colin_Powell_0142_to_Donald_Rumsfeld_theta0.050_s20_k200.jpg,/content/defense_results/adv_training/best_adv.pt,2,1,Colin_Powell,2,1,True,False,True,0.3354315459728241,0.003257263917475939,0.9877563714981079,0.009425052000096912,ok
atk_e8d703c9c55d,jsma,targeted_jsma_multi_pixel,adv_training,"{""attack_family"": ""pgd"", ""mix_ratio"": 0.5, ""epochs"": 5}",outputs/attacks/jsma_face/images/Colin_Powell_0160_to_Donald_Rumsfeld_theta0.050_s20_k200.jpg,/content/defense_results/adv_training/best_adv.pt,2,1,Colin_Powell,2,1,True,False,True,0.3562097251415252,0.00118456466589123,0.9862960577011108,0.009385358000145061,ok
atk_a3ff63deca4a,jsma,targeted_jsma_multi_pixel,adv_training,"{""attack_family"": ""pgd"", ""mix_ratio"": 0.5, ""epochs"": 5}",outputs/attacks/jsma_face/images/Colin_Powell_0170_to_Donald_Rumsfeld_theta0.050_s20_k200.jpg,/content/defense_results/adv_training/best_adv.pt,2,1,Colin_Powell,2,1,True,False,True,0.3850635290145874,0.003039387986063957,0.9918220639228821,0.009638300999995408,ok
atk_74e0e572a1ff,jsma,targeted_jsma_multi_pixel,adv_training,"{""attack_family"": ""pgd"", ""mix_ratio"": 0.5, ""epochs"": 5}",outputs/attacks/jsma_face/images/Colin_Powell_0171_to_Donald_Rumsfeld_theta0.050_s20_k200.jpg,/content/defense_results/adv_training/best_adv.pt,2,1,Colin_Powell,2,1,True,False,True,0.3121505677700043,0.0010603743139654398,0.9856587052345276,0.008796574000371038,ok
atk_e39c2ce2fb45,jsma,targeted_jsma_multi_pixel,adv_training,"{""attack_family"": ""pgd"", ""mix_ratio"": 0.5, ""epochs"": 5}",outputs/attacks/jsma_face/images/Colin_Powell_0172_to_Donald_Rumsfeld_theta0.050_s20_k200.jpg,/content/defense_results/adv_training/best_adv.pt,2,1,Colin_Powell,2,1,True,False,True,0.4429541826248169,0.0012783093843609095,0.9882867932319641,0.008783420000327169,ok
atk_5e83c348f506,jsma,targeted_jsma_multi_pixel,adv_training,"{""attack_family"": ""pgd"", ""mix_ratio"": 0.5, ""epochs"": 5}",outputs/attacks/jsma_face/images/Colin_Powell_0176_to_Donald_Rumsfeld_theta0.050_s20_k200.jpg,/content/defense_results/adv_training/best_adv.pt,2,1,Colin_Powell,2,1,True,False,True,0.4232016205787658,0.0012377335224300623,0.9846578240394592,0.00881698500006678,ok
atk_12a0e38fe4ef,jsma,targeted_jsma_multi_pixel,adv_training,"{""attack_family"": ""pgd"", ""mix_ratio"": 0.5, ""epochs"": 5}",outputs/attacks/jsma_face/images/Colin_Powell_0179_to_Donald_Rumsfeld_theta0.050_s20_k200.jpg,/content/defense_results/adv_training/best_adv.pt,2,1,Colin_Powell,2,1,True,False,True,0.2491953074932098,0.0020080592948943377,0.9903234243392944,0.009295979999933479,ok
atk_b0036aaf01a3,jsma,targeted_jsma_multi_pixel,adv_training,"{""attack_family"": ""pgd"", ""mix_ratio"": 0.5, ""epochs"": 5}",outputs/attacks/jsma_face/images/Colin_Powell_0185_to_Donald_Rumsfeld_theta0.050_s20_k200.jpg,/content/defense_results/adv_training/best_adv.pt,2,1,Colin_Powell,2,1,True,False,True,0.3476284742355346,0.006638013292104006,0.9768803119659424,0.011577598999792826,ok
atk_c05424499b6f,jsma,targeted_jsma_multi_pixel,adv_training,"{""attack_family"": ""pgd"", ""mix_ratio"": 0.5, ""epochs"": 5}",outputs/attacks/jsma_face/images/Colin_Powell_0189_to_Donald_Rumsfeld_theta0.050_s20_k200.jpg,/content/defense_results/adv_training/best_adv.pt,2,1,Colin_Powell,2,1,True,False,True,0.380218893289566,0.003398050321266055,0.9873413443565369,0.0129072830000041,ok
atk_5381e6650b4d,jsma,targeted_jsma_multi_pixel,adv_training,"{""attack_family"": ""pgd"", ""mix_ratio"": 0.5, ""epochs"": 5}",outputs/attacks/jsma_face/images/Colin_Powell_0190_to_Donald_Rumsfeld_theta0.050_s20_k200.jpg,/content/defense_results/adv_training/best_adv.pt,2,1,Colin_Powell,2,1,True,False,True,0.2729212045669555,0.004989639390259981,0.9856030941009521,0.011954869999954099,ok
atk_699fec82361e,jsma,targeted_jsma_multi_pixel,adv_training,"{""attack_family"": ""pgd"", ""mix_ratio"": 0.5, ""epochs"": 5}",outputs/attacks/jsma_face/images/Colin_Powell_0207_to_Donald_Rumsfeld_theta0.050_s20_k200.jpg,/content/defense_results/adv_training/best_adv.pt,2,1,Colin_Powell,2,1,True,False,True,0.3760392367839813,0.0017025535926222801,0.9947648048400879,0.01604148800015537,ok
atk_95aa962e323b,jsma,targeted_jsma_multi_pixel,adv_training,"{""attack_family"": ""pgd"", ""mix_ratio"": 0.5, ""epochs"": 5}",outputs/attacks/jsma_face/images/Colin_Powell_0218_to_Donald_Rumsfeld_theta0.050_s20_k200.jpg,/content/defense_results/adv_training/best_adv.pt,2,1,Colin_Powell,2,1,True,False,True,0.2824212908744812,0.007319387048482895,0.9502884745597839,0.01226456499989581,ok
atk_3c230d464bc7,jsma,targeted_jsma_multi_pixel,adv_training,"{""attack_family"": ""pgd"", ""mix_ratio"": 0.5, ""epochs"": 5}",outputs/attacks/jsma_face/images/Colin_Powell_0223_to_Donald_Rumsfeld_theta0.050_s20_k200.jpg,/content/defense_results/adv_training/best_adv.pt,2,1,Colin_Powell,2,1,True,False,True,0.2999297082424164,0.001812901347875595,0.9886564016342163,0.015645268999833206,ok
atk_0166ac54ce6f,jsma,targeted_jsma_multi_pixel,adv_training,"{""attack_family"": ""pgd"", ""mix_ratio"": 0.5, ""epochs"": 5}",outputs/attacks/jsma_face/images/Colin_Powell_0231_to_Donald_Rumsfeld_theta0.050_s20_k200.jpg,/content/defense_results/adv_training/best_adv.pt,2,1,Colin_Powell,2,1,True,False,True,0.3084401786327362,0.001335427863523364,0.989166796207428,0.018681737999941106,ok
atk_ae96237762ed,jsma,targeted_jsma_multi_pixel,adv_training,"{""attack_family"": ""pgd"", ""mix_ratio"": 0.5, ""epochs"": 5}",outputs/attacks/jsma_face/images/Donald_Rumsfeld_0002_to_George_W_Bush_theta0.050_s20_k200.jpg,/content/defense_results/adv_training/best_adv.pt,3,2,Donald_Rumsfeld,3,2,True,False,True,0.5139791369438171,0.0019364047329872847,0.9947829842567444,0.019119962000331725,ok
atk_0417f394276f,jsma,targeted_jsma_multi_pixel,adv_training,"{""attack_family"": ""pgd"", ""mix_ratio"": 0.5, ""epochs"": 5}",outputs/attacks/jsma_face/images/Donald_Rumsfeld_0006_to_George_W_Bush_theta0.050_s20_k200.jpg,/content/defense_results/adv_training/best_adv.pt,3,2,Donald_Rumsfeld,3,2,True,False,True,0.4358042180538177,0.0030699733179062605,0.992588222026825,0.016500839999935124,ok
atk_9a00013be7b8,jsma,targeted_jsma_multi_pixel,adv_training,"{""attack_family"": ""pgd"", ""mix_ratio"": 0.5, ""epochs"": 5}",outputs/attacks/jsma_face/images/Donald_Rumsfeld_0014_to_George_W_Bush_theta0.050_s20_k200.jpg,/content/defense_results/adv_training/best_adv.pt,3,2,Donald_Rumsfeld,3,2,True,False,True,0.4609310626983642,0.004750138148665428,0.9886693358421326,0.014388646000043082,ok
atk_8c158391fcbe,jsma,targeted_jsma_multi_pixel,adv_training,"{""attack_family"": ""pgd"", ""mix_ratio"": 0.5, ""epochs"": 5}",outputs/attacks/jsma_face/images/Donald_Rumsfeld_0017_to_George_W_Bush_theta0.050_s20_k200.jpg,/content/defense_results/adv_training/best_adv.pt,3,2,Donald_Rumsfeld,3,2,True,False,True,0.4562847018241882,0.0016755309188738465,0.9957486987113953,0.009754276999956346,ok
atk_6f49c09c7a36,jsma,targeted_jsma_multi_pixel,adv_training,"{""attack_family"": ""pgd"", ""mix_ratio"": 0.5, ""epochs"": 5}",outputs/attacks/jsma_face/images/Donald_Rumsfeld_0038_to_George_W_Bush_theta0.050_s20_k200.jpg,/content/defense_results/adv_training/best_adv.pt,3,2,Donald_Rumsfeld,3,2,True,False,True,0.2696373760700226,0.0014221876626834273,0.9947354197502136,0.011446196000179043,ok
atk_6b14916c91d2,jsma,targeted_jsma_multi_pixel,adv_training,"{""attack_family"": ""pgd"", ""mix_ratio"": 0.5, ""epochs"": 5}",outputs/attacks/jsma_face/images/Donald_Rumsfeld_0061_to_George_W_Bush_theta0.050_s20_k200.jpg,/content/defense_results/adv_training/best_adv.pt,3,2,Donald_Rumsfeld,3,2,True,False,True,0.3482050001621246,0.0009098629234358668,0.9970353841781616,0.011045769999782351,ok
atk_591b245b3268,jsma,targeted_jsma_multi_pixel,adv_training,"{""attack_family"": ""pgd"", ""mix_ratio"": 0.5, ""epochs"": 5}",outputs/attacks/jsma_face/images/Donald_Rumsfeld_0062_to_George_W_Bush_theta0.050_s20_k200.jpg,/content/defense_results/adv_training/best_adv.pt,3,2,Donald_Rumsfeld,3,2,True,False,True,0.4231201708316803,0.004116063937544823,0.988760769367218,0.010218767000424123,ok
atk_c153447c3e36,jsma,targeted_jsma_multi_pixel,adv_training,"{""attack_family"": ""pgd"", ""mix_ratio"": 0.5, ""epochs"": 5}",outputs/attacks/jsma_face/images/Donald_Rumsfeld_0063_to_George_W_Bush_theta0.050_s20_k200.jpg,/content/defense_results/adv_training/best_adv.pt,3,2,Donald_Rumsfeld,3,2,True,False,True,0.3279350101947784,0.0030432227067649364,0.9897854924201965,0.009679359000074328,ok
atk_cf83e4dc9be1,jsma,targeted_jsma_multi_pixel,adv_training,"{""attack_family"": ""pgd"", ""mix_ratio"": 0.5, ""epochs"": 5}",outputs/attacks/jsma_face/images/Donald_Rumsfeld_0071_to_George_W_Bush_theta0.050_s20_k200.jpg,/content/defense_results/adv_training/best_adv.pt,3,2,Donald_Rumsfeld,3,2,True,False,True,0.3313395977020263,0.0014124020235612988,0.9964308738708496,0.009096009000131744,ok
atk_85564e490999,jsma,targeted_jsma_multi_pixel,adv_training,"{""attack_family"": ""pgd"", ""mix_ratio"": 0.5, ""epochs"": 5}",outputs/attacks/jsma_face/images/Donald_Rumsfeld_0074_to_George_W_Bush_theta0.050_s20_k200.jpg,/content/defense_results/adv_training/best_adv.pt,3,2,Donald_Rumsfeld,3,2,True,False,True,0.6089969873428345,0.0018304678378626704,0.9947038292884827,0.009735692000049312,ok
atk_884a7f102f7b,jsma,targeted_jsma_multi_pixel,adv_training,"{""attack_family"": ""pgd"", ""mix_ratio"": 0.5, ""epochs"": 5}",outputs/attacks/jsma_face/images/Donald_Rumsfeld_0082_to_George_W_Bush_theta0.050_s20_k200.jpg,/content/defense_results/adv_training/best_adv.pt,3,2,Donald_Rumsfeld,3,2,True,False,True,0.2586457133293152,0.007539740763604641,0.9643268585205078,0.011854398000195943,ok
atk_9c1ae7a2c58b,jsma,targeted_jsma_multi_pixel,adv_training,"{""attack_family"": ""pgd"", ""mix_ratio"": 0.5, ""epochs"": 5}",outputs/attacks/jsma_face/images/Donald_Rumsfeld_0090_to_George_W_Bush_theta0.050_s20_k200.jpg,/content/defense_results/adv_training/best_adv.pt,3,2,Donald_Rumsfeld,3,2,True,False,True,0.5408941507339478,0.0042325230315327644,0.9900267124176025,0.012248615000316931,ok
atk_68b4429b5e90,jsma,targeted_jsma_multi_pixel,adv_training,"{""attack_family"": ""pgd"", ""mix_ratio"": 0.5, ""epochs"": 5}",outputs/attacks/jsma_face/images/Donald_Rumsfeld_0091_to_George_W_Bush_theta0.050_s20_k200.jpg,/content/defense_results/adv_training/best_adv.pt,3,2,Donald_Rumsfeld,3,2,True,False,True,0.5278165936470032,0.00385841797105968,0.9900986552238464,0.011550920999980008,ok
atk_f6e38ca23ac3,jsma,targeted_jsma_multi_pixel,adv_training,"{""attack_family"": ""pgd"", ""mix_ratio"": 0.5, ""epochs"": 5}",outputs/attacks/jsma_face/images/Donald_Rumsfeld_0097_to_George_W_Bush_theta0.050_s20_k200.jpg,/content/defense_results/adv_training/best_adv.pt,3,2,Donald_Rumsfeld,3,2,True,False,True,0.3976324200630188,0.0032810340635478497,0.9873601794242859,0.010226340999906824,ok
atk_8943045b3592,jsma,targeted_jsma_multi_pixel,adv_training,"{""attack_family"": ""pgd"", ""mix_ratio"": 0.5, ""epochs"": 5}",outputs/attacks/jsma_face/images/George_W_Bush_0004_to_Gerhard_Schroeder_theta0.050_s20_k200.jpg,/content/defense_results/adv_training/best_adv.pt,4,3,George_W_Bush,4,3,True,False,True,0.2857607305049896,0.0002845855487976223,0.9991533756256104,0.01221718199985844,ok
atk_6793d06fb4e3,jsma,targeted_jsma_multi_pixel,adv_training,"{""attack_family"": ""pgd"", ""mix_ratio"": 0.5, ""epochs"": 5}",outputs/attacks/jsma_face/images/George_W_Bush_0023_to_Gerhard_Schroeder_theta0.050_s20_k200.jpg,/content/defense_results/adv_training/best_adv.pt,4,3,George_W_Bush,4,3,True,False,True,0.3617578148841858,0.01036699116230011,0.9356877207756042,0.011098329000105878,ok
atk_f47dbcd9a2ee,jsma,targeted_jsma_multi_pixel,adv_training,"{""attack_family"": ""pgd"", ""mix_ratio"": 0.5, ""epochs"": 5}",outputs/attacks/jsma_face/images/George_W_Bush_0024_to_Gerhard_Schroeder_theta0.050_s20_k200.jpg,/content/defense_results/adv_training/best_adv.pt,4,3,George_W_Bush,4,3,True,False,True,0.2883845865726471,0.0006243627285584807,0.9979749321937561,0.011526922000030027,ok
atk_c797348ed5e5,jsma,targeted_jsma_multi_pixel,adv_training,"{""attack_family"": ""pgd"", ""mix_ratio"": 0.5, ""epochs"": 5}",outputs/attacks/jsma_face/images/George_W_Bush_0026_to_Gerhard_Schroeder_theta0.050_s20_k200.jpg,/content/defense_results/adv_training/best_adv.pt,4,3,George_W_Bush,4,3,True,False,True,0.4436347484588623,0.00013333355309441686,0.9996341466903687,0.011840105999908701,ok
atk_49b20d6c0986,jsma,targeted_jsma_multi_pixel,adv_training,"{""attack_family"": ""pgd"", ""mix_ratio"": 0.5, ""epochs"": 5}",outputs/attacks/jsma_face/images/George_W_Bush_0028_to_Gerhard_Schroeder_theta0.050_s20_k200.jpg,/content/defense_results/adv_training/best_adv.pt,4,3,George_W_Bush,4,3,True,False,True,0.3933948874473572,0.0014761663042008877,0.984483540058136,0.0117947329999879,ok
atk_df3f9749efc9,jsma,targeted_jsma_multi_pixel,adv_training,"{""attack_family"": ""pgd"", ""mix_ratio"": 0.5, ""epochs"": 5}",outputs/attacks/jsma_face/images/George_W_Bush_0031_to_Gerhard_Schroeder_theta0.050_s20_k200.jpg,/content/defense_results/adv_training/best_adv.pt,4,3,George_W_Bush,4,3,True,False,True,0.4881932437419891,0.00039361187373287976,0.9993720650672913,0.012225435999880574,ok
atk_970507f435ae,jsma,targeted_jsma_multi_pixel,adv_training,"{""attack_family"": ""pgd"", ""mix_ratio"": 0.5, ""epochs"": 5}",outputs/attacks/jsma_face/images/George_W_Bush_0033_to_Gerhard_Schroeder_theta0.050_s20_k200.jpg,/content/defense_results/adv_training/best_adv.pt,4,3,George_W_Bush,4,3,True,False,True,0.4256393313407898,4.596550206770189e-05,0.9998121857643127,0.011370289999831584,ok
atk_366a44aec2e2,jsma,targeted_jsma_multi_pixel,adv_training,"{""attack_family"": ""pgd"", ""mix_ratio"": 0.5, ""epochs"": 5}",outputs/attacks/jsma_face/images/George_W_Bush_0036_to_Gerhard_Schroeder_theta0.050_s20_k200.jpg,/content/defense_results/adv_training/best_adv.pt,4,3,George_W_Bush,4,3,True,False,True,0.3252688944339752,3.319926327094436e-05,0.9998853206634521,0.010980063999795675,ok
atk_a537ad16cfca,jsma,targeted_jsma_multi_pixel,adv_training,"{""attack_family"": ""pgd"", ""mix_ratio"": 0.5, ""epochs"": 5}",outputs/attacks/jsma_face/images/George_W_Bush_0041_to_Gerhard_Schroeder_theta0.050_s20_k200.jpg,/content/defense_results/adv_training/best_adv.pt,4,3,George_W_Bush,4,3,True,False,True,0.2861788272857666,0.0014395087491720915,0.9950597286224365,0.01162320000003092,ok
atk_00fabdc6bea4,jsma,targeted_jsma_multi_pixel,adv_training,"{""attack_family"": ""pgd"", ""mix_ratio"": 0.5, ""epochs"": 5}",outputs/attacks/jsma_face/images/George_W_Bush_0048_to_Gerhard_Schroeder_theta0.050_s20_k200.jpg,/content/defense_results/adv_training/best_adv.pt,4,3,George_W_Bush,4,3,True,False,True,0.3452962636947632,0.0019973760936409235,0.9846556186676025,0.010715040000377485,ok
atk_5814024035f2,jsma,targeted_jsma_multi_pixel,adv_training,"{""attack_family"": ""pgd"", ""mix_ratio"": 0.5, ""epochs"": 5}",outputs/attacks/jsma_face/images/George_W_Bush_0050_to_Gerhard_Schroeder_theta0.050_s20_k200.jpg,/content/defense_results/adv_training/best_adv.pt,4,3,George_W_Bush,4,3,True,False,True,0.3790710568428039,0.04764995351433754,0.8507794737815857,0.010952469999665482,ok
atk_c5e0f2c887f4,jsma,targeted_jsma_multi_pixel,adv_training,"{""attack_family"": ""pgd"", ""mix_ratio"": 0.5, ""epochs"": 5}",outputs/attacks/jsma_face/images/George_W_Bush_0052_to_Gerhard_Schroeder_theta0.050_s20_k200.jpg,/content/defense_results/adv_training/best_adv.pt,4,3,George_W_Bush,4,3,True,False,True,0.4412712454795837,0.0009758638334460557,0.9924862384796143,0.010842951000086032,ok
atk_0e06109b2d64,jsma,targeted_jsma_multi_pixel,adv_training,"{""attack_family"": ""pgd"", ""mix_ratio"": 0.5, ""epochs"": 5}",outputs/attacks/jsma_face/images/George_W_Bush_0053_to_Gerhard_Schroeder_theta0.050_s20_k200.jpg,/content/defense_results/adv_training/best_adv.pt,4,3,George_W_Bush,4,3,True,False,True,0.3647863268852234,2.2174954210640863e-05,0.9998654127120972,0.012020537999887893,ok
atk_ffcf44e8a016,jsma,targeted_jsma_multi_pixel,adv_training,"{""attack_family"": ""pgd"", ""mix_ratio"": 0.5, ""epochs"": 5}",outputs/attacks/jsma_face/images/George_W_Bush_0064_to_Gerhard_Schroeder_theta0.050_s20_k200.jpg,/content/defense_results/adv_training/best_adv.pt,4,3,George_W_Bush,4,3,True,False,True,0.4130389392375946,4.956902193953283e-05,0.9998161196708679,0.012697470000148314,ok
atk_459bab8c0ee2,jsma,targeted_jsma_multi_pixel,adv_training,"{""attack_family"": ""pgd"", ""mix_ratio"": 0.5, ""epochs"": 5}",outputs/attacks/jsma_face/images/George_W_Bush_0080_to_Gerhard_Schroeder_theta0.050_s20_k200.jpg,/content/defense_results/adv_training/best_adv.pt,4,3,George_W_Bush,4,3,True,False,True,0.215690478682518,4.239562258590013e-05,0.9996479749679565,0.012197698999898421,ok
atk_ae315dec8217,jsma,targeted_jsma_multi_pixel,adv_training,"{""attack_family"": ""pgd"", ""mix_ratio"": 0.5, ""epochs"": 5}",outputs/attacks/jsma_face/images/George_W_Bush_0082_to_Gerhard_Schroeder_theta0.050_s20_k200.jpg,/content/defense_results/adv_training/best_adv.pt,4,3,George_W_Bush,4,3,True,False,True,0.2829241752624511,0.00019970220455434173,0.9996273517608643,0.01231498900006045,ok
atk_ca4b3b3317a6,jsma,targeted_jsma_multi_pixel,adv_training,"{""attack_family"": ""pgd"", ""mix_ratio"": 0.5, ""epochs"": 5}",outputs/attacks/jsma_face/images/George_W_Bush_0090_to_Gerhard_Schroeder_theta0.050_s20_k200.jpg,/content/defense_results/adv_training/best_adv.pt,4,3,George_W_Bush,4,3,True,False,True,0.2423976808786392,0.005574885290116072,0.9907727241516113,0.007184504999713681,ok
atk_9ff07b7863ff,jsma,targeted_jsma_multi_pixel,adv_training,"{""attack_family"": ""pgd"", ""mix_ratio"": 0.5, ""epochs"": 5}",outputs/attacks/jsma_face/images/George_W_Bush_0096_to_Gerhard_Schroeder_theta0.050_s20_k200.jpg,/content/defense_results/adv_training/best_adv.pt,4,3,George_W_Bush,4,3,True,False,True,0.4081701338291168,0.0036589030642062426,0.9227415323257446,0.007238910000069154,ok
atk_9d92ac59355e,jsma,targeted_jsma_multi_pixel,adv_training,"{""attack_family"": ""pgd"", ""mix_ratio"": 0.5, ""epochs"": 5}",outputs/attacks/jsma_face/images/George_W_Bush_0099_to_Gerhard_Schroeder_theta0.050_s20_k200.jpg,/content/defense_results/adv_training/best_adv.pt,4,3,George_W_Bush,4,3,True,False,True,0.2957513630390167,2.9728591471211985e-05,0.9999079704284668,0.006835569000031683,ok
atk_c4636b0c8bd0,jsma,targeted_jsma_multi_pixel,adv_training,"{""attack_family"": ""pgd"", ""mix_ratio"": 0.5, ""epochs"": 5}",outputs/attacks/jsma_face/images/George_W_Bush_0105_to_Gerhard_Schroeder_theta0.050_s20_k200.jpg,/content/defense_results/adv_training/best_adv.pt,4,3,George_W_Bush,4,3,True,False,True,0.346162885427475,2.3914757548482157e-05,0.9999239444732666,0.010897421000208851,ok
atk_7baa0e58fa5d,jsma,targeted_jsma_multi_pixel,adv_training,"{""attack_family"": ""pgd"", ""mix_ratio"": 0.5, ""epochs"": 5}",outputs/attacks/jsma_face/images/George_W_Bush_0111_to_Gerhard_Schroeder_theta0.050_s20_k200.jpg,/content/defense_results/adv_training/best_adv.pt,4,3,George_W_Bush,4,3,True,False,True,0.3221295475959778,0.00023752955894451588,0.9992356300354004,0.011271484000189957,ok
atk_125ce7a4c2e5,jsma,targeted_jsma_multi_pixel,adv_training,"{""attack_family"": ""pgd"", ""mix_ratio"": 0.5, ""epochs"": 5}",outputs/attacks/jsma_face/images/George_W_Bush_0115_to_Gerhard_Schroeder_theta0.050_s20_k200.jpg,/content/defense_results/adv_training/best_adv.pt,4,3,George_W_Bush,4,3,True,False,True,0.3602157831192016,0.0010876352898776531,0.9956598877906799,0.011813663999873825,ok
atk_6a2bc818c12c,jsma,targeted_jsma_multi_pixel,adv_training,"{""attack_family"": ""pgd"", ""mix_ratio"": 0.5, ""epochs"": 5}",outputs/attacks/jsma_face/images/George_W_Bush_0117_to_Gerhard_Schroeder_theta0.050_s20_k200.jpg,/content/defense_results/adv_training/best_adv.pt,4,3,George_W_Bush,4,3,True,False,True,0.3422545492649078,0.001060180482454598,0.9938974976539612,0.007277002000137145,ok
atk_cddf6e09adf2,jsma,targeted_jsma_multi_pixel,adv_training,"{""attack_family"": ""pgd"", ""mix_ratio"": 0.5, ""epochs"": 5}",outputs/attacks/jsma_face/images/George_W_Bush_0120_to_Gerhard_Schroeder_theta0.050_s20_k200.jpg,/content/defense_results/adv_training/best_adv.pt,4,3,George_W_Bush,4,3,True,False,True,0.3275960385799408,0.00046836596447974443,0.9960852861404419,0.007991413999661745,ok
atk_7d69792df51d,jsma,targeted_jsma_multi_pixel,adv_training,"{""attack_family"": ""pgd"", ""mix_ratio"": 0.5, ""epochs"": 5}",outputs/attacks/jsma_face/images/George_W_Bush_0136_to_Gerhard_Schroeder_theta0.050_s20_k200.jpg,/content/defense_results/adv_training/best_adv.pt,4,3,George_W_Bush,4,3,True,False,True,0.3375158309936523,0.0002701845078263432,0.9991443157196045,0.007052993000343122,ok
atk_5f0f37b7c5f1,jsma,targeted_jsma_multi_pixel,adv_training,"{""attack_family"": ""pgd"", ""mix_ratio"": 0.5, ""epochs"": 5}",outputs/attacks/jsma_face/images/George_W_Bush_0149_to_Gerhard_Schroeder_theta0.050_s20_k200.jpg,/content/defense_results/adv_training/best_adv.pt,4,3,George_W_Bush,4,3,True,False,True,0.2652482986450195,5.461194086819887e-05,0.9997549653053284,0.007097916000020632,ok
atk_e333821e91ee,jsma,targeted_jsma_multi_pixel,adv_training,"{""attack_family"": ""pgd"", ""mix_ratio"": 0.5, ""epochs"": 5}",outputs/attacks/jsma_face/images/George_W_Bush_0151_to_Gerhard_Schroeder_theta0.050_s20_k200.jpg,/content/defense_results/adv_training/best_adv.pt,4,3,George_W_Bush,4,3,True,False,True,0.3797014653682709,0.00031785594183020294,0.9991562366485596,0.006934094999905938,ok
atk_2e2e3b85f55d,jsma,targeted_jsma_multi_pixel,adv_training,"{""attack_family"": ""pgd"", ""mix_ratio"": 0.5, ""epochs"": 5}",outputs/attacks/jsma_face/images/George_W_Bush_0173_to_Gerhard_Schroeder_theta0.050_s20_k200.jpg,/content/defense_results/adv_training/best_adv.pt,4,3,George_W_Bush,4,3,True,False,True,0.4088214933872223,2.373168354097288e-05,0.9998905658721924,0.006878587000301195,ok
atk_52ea3e2cc344,jsma,targeted_jsma_multi_pixel,adv_training,"{""attack_family"": ""pgd"", ""mix_ratio"": 0.5, ""epochs"": 5}",outputs/attacks/jsma_face/images/George_W_Bush_0175_to_Gerhard_Schroeder_theta0.050_s20_k200.jpg,/content/defense_results/adv_training/best_adv.pt,4,3,George_W_Bush,4,3,True,False,True,0.3093480467796325,0.00010536721674725413,0.9993213415145874,0.006798544000048423,ok
atk_54104b12f24a,jsma,targeted_jsma_multi_pixel,adv_training,"{""attack_family"": ""pgd"", ""mix_ratio"": 0.5, ""epochs"": 5}",outputs/attacks/jsma_face/images/George_W_Bush_0177_to_Gerhard_Schroeder_theta0.050_s20_k200.jpg,/content/defense_results/adv_training/best_adv.pt,4,3,George_W_Bush,4,3,True,False,True,0.3949254751205444,0.0001561133103678003,0.9995941519737244,0.007433245999891369,ok
atk_4735910e43ea,jsma,targeted_jsma_multi_pixel,adv_training,"{""attack_family"": ""pgd"", ""mix_ratio"": 0.5, ""epochs"": 5}",outputs/attacks/jsma_face/images/George_W_Bush_0184_to_Gerhard_Schroeder_theta0.050_s20_k200.jpg,/content/defense_results/adv_training/best_adv.pt,4,3,George_W_Bush,4,3,True,False,True,0.3365192711353302,0.00010281280265189707,0.9996265172958374,0.006990263999796298,ok
atk_7a0b54ea2287,jsma,targeted_jsma_multi_pixel,adv_training,"{""attack_family"": ""pgd"", ""mix_ratio"": 0.5, ""epochs"": 5}",outputs/attacks/jsma_face/images/George_W_Bush_0186_to_Gerhard_Schroeder_theta0.050_s20_k200.jpg,/content/defense_results/adv_training/best_adv.pt,4,3,George_W_Bush,4,3,True,False,True,0.3294324278831482,0.003871140768751502,0.9300307631492615,0.006949751000320248,ok
atk_85a8f0ea7f19,jsma,targeted_jsma_multi_pixel,adv_training,"{""attack_family"": ""pgd"", ""mix_ratio"": 0.5, ""epochs"": 5}",outputs/attacks/jsma_face/images/George_W_Bush_0194_to_Gerhard_Schroeder_theta0.050_s20_k200.jpg,/content/defense_results/adv_training/best_adv.pt,4,3,George_W_Bush,4,3,True,False,True,0.2809401750564575,0.00013476182357408106,0.9996271133422852,0.006915298999956576,ok
atk_b346bb9f83db,jsma,targeted_jsma_multi_pixel,adv_training,"{""attack_family"": ""pgd"", ""mix_ratio"": 0.5, ""epochs"": 5}",outputs/attacks/jsma_face/images/George_W_Bush_0195_to_Gerhard_Schroeder_theta0.050_s20_k200.jpg,/content/defense_results/adv_training/best_adv.pt,4,3,George_W_Bush,4,3,True,False,True,0.2705253064632416,0.00037528324173763394,0.9982855916023254,0.007249557999784884,ok
atk_6cb35df8030c,jsma,targeted_jsma_multi_pixel,adv_training,"{""attack_family"": ""pgd"", ""mix_ratio"": 0.5, ""epochs"": 5}",outputs/attacks/jsma_face/images/George_W_Bush_0204_to_Gerhard_Schroeder_theta0.050_s20_k200.jpg,/content/defense_results/adv_training/best_adv.pt,4,3,George_W_Bush,4,3,True,False,True,0.4369004666805267,0.00010082798689836636,0.9997848868370056,0.006822124000336771,ok
atk_d796b163c92b,jsma,targeted_jsma_multi_pixel,adv_training,"{""attack_family"": ""pgd"", ""mix_ratio"": 0.5, ""epochs"": 5}",outputs/attacks/jsma_face/images/George_W_Bush_0217_to_Gerhard_Schroeder_theta0.050_s20_k200.jpg,/content/defense_results/adv_training/best_adv.pt,4,3,George_W_Bush,4,3,True,False,True,0.4041996002197265,0.00018551935499999672,0.9994218349456787,0.0069085589998394425,ok
atk_cdece6c7d56e,jsma,targeted_jsma_multi_pixel,adv_training,"{""attack_family"": ""pgd"", ""mix_ratio"": 0.5, ""epochs"": 5}",outputs/attacks/jsma_face/images/George_W_Bush_0224_to_Gerhard_Schroeder_theta0.050_s20_k200.jpg,/content/defense_results/adv_training/best_adv.pt,4,3,George_W_Bush,4,3,True,False,True,0.4473399519920349,0.0002177703136112541,0.998776376247406,0.006822043999818561,ok
atk_27a139014288,jsma,targeted_jsma_multi_pixel,adv_training,"{""attack_family"": ""pgd"", ""mix_ratio"": 0.5, ""epochs"": 5}",outputs/attacks/jsma_face/images/George_W_Bush_0226_to_Gerhard_Schroeder_theta0.050_s20_k200.jpg,/content/defense_results/adv_training/best_adv.pt,4,3,George_W_Bush,4,3,True,False,True,0.3505140244960785,2.7351517928764224e-05,0.9999047517776489,0.006953289000193763,ok
atk_3dfb3d639025,jsma,targeted_jsma_multi_pixel,adv_training,"{""attack_family"": ""pgd"", ""mix_ratio"": 0.5, ""epochs"": 5}",outputs/attacks/jsma_face/images/George_W_Bush_0229_to_Gerhard_Schroeder_theta0.050_s20_k200.jpg,/content/defense_results/adv_training/best_adv.pt,4,3,George_W_Bush,4,3,True,False,True,0.3778580129146576,3.295423448435031e-05,0.9999159574508667,0.007077367999954731,ok
atk_eddc24499582,jsma,targeted_jsma_multi_pixel,adv_training,"{""attack_family"": ""pgd"", ""mix_ratio"": 0.5, ""epochs"": 5}",outputs/attacks/jsma_face/images/George_W_Bush_0233_to_Gerhard_Schroeder_theta0.050_s20_k200.jpg,/content/defense_results/adv_training/best_adv.pt,4,3,George_W_Bush,4,3,True,False,True,0.4399231970310211,0.00013944265083409846,0.9994794726371765,0.006860083999981725,ok
atk_f2feb7c90669,jsma,targeted_jsma_multi_pixel,adv_training,"{""attack_family"": ""pgd"", ""mix_ratio"": 0.5, ""epochs"": 5}",outputs/attacks/jsma_face/images/George_W_Bush_0236_to_Gerhard_Schroeder_theta0.050_s20_k200.jpg,/content/defense_results/adv_training/best_adv.pt,4,3,George_W_Bush,4,3,True,False,True,0.4085478186607361,0.00035435965401120484,0.9989113807678223,0.006897272000060184,ok
atk_7824bed07d0c,jsma,targeted_jsma_multi_pixel,adv_training,"{""attack_family"": ""pgd"", ""mix_ratio"": 0.5, ""epochs"": 5}",outputs/attacks/jsma_face/images/George_W_Bush_0239_to_Gerhard_Schroeder_theta0.050_s20_k200.jpg,/content/defense_results/adv_training/best_adv.pt,4,3,George_W_Bush,4,3,True,False,True,0.3578221201896667,0.00011702661868184805,0.9995461106300354,0.00680825100016591,ok
atk_750337b59223,jsma,targeted_jsma_multi_pixel,adv_training,"{""attack_family"": ""pgd"", ""mix_ratio"": 0.5, ""epochs"": 5}",outputs/attacks/jsma_face/images/George_W_Bush_0251_to_Gerhard_Schroeder_theta0.050_s20_k200.jpg,/content/defense_results/adv_training/best_adv.pt,4,3,George_W_Bush,4,3,True,False,True,0.4654970169067383,0.00019323841843288392,0.9993558526039124,0.006841699000233348,ok
atk_1402904236c7,jsma,targeted_jsma_multi_pixel,adv_training,"{""attack_family"": ""pgd"", ""mix_ratio"": 0.5, ""epochs"": 5}",outputs/attacks/jsma_face/images/George_W_Bush_0275_to_Gerhard_Schroeder_theta0.050_s20_k200.jpg,/content/defense_results/adv_training/best_adv.pt,4,3,George_W_Bush,4,3,True,False,True,0.3722265064716339,0.0005439333617687225,0.9992185831069946,0.010126472000138165,ok
atk_dc997431df4d,jsma,targeted_jsma_multi_pixel,adv_training,"{""attack_family"": ""pgd"", ""mix_ratio"": 0.5, ""epochs"": 5}",outputs/attacks/jsma_face/images/George_W_Bush_0282_to_Gerhard_Schroeder_theta0.050_s20_k200.jpg,/content/defense_results/adv_training/best_adv.pt,4,3,George_W_Bush,4,3,True,False,True,0.3632059693336487,0.00021090361406095326,0.999560534954071,0.01000842100029331,ok
atk_fb28c26710dc,jsma,targeted_jsma_multi_pixel,adv_training,"{""attack_family"": ""pgd"", ""mix_ratio"": 0.5, ""epochs"": 5}",outputs/attacks/jsma_face/images/George_W_Bush_0283_to_Gerhard_Schroeder_theta0.050_s20_k200.jpg,/content/defense_results/adv_training/best_adv.pt,4,3,George_W_Bush,4,3,True,False,True,0.3237101435661316,0.18941089510917664,0.38452744483947754,0.007194748000074469,ok
atk_7575f8c2c23c,jsma,targeted_jsma_multi_pixel,adv_training,"{""attack_family"": ""pgd"", ""mix_ratio"": 0.5, ""epochs"": 5}",outputs/attacks/jsma_face/images/George_W_Bush_0296_to_Gerhard_Schroeder_theta0.050_s20_k200.jpg,/content/defense_results/adv_training/best_adv.pt,4,3,George_W_Bush,4,3,True,False,True,0.3462888598442077,0.0005971391801722348,0.9973936080932617,0.0068326730001899705,ok
atk_6d180a470670,jsma,targeted_jsma_multi_pixel,adv_training,"{""attack_family"": ""pgd"", ""mix_ratio"": 0.5, ""epochs"": 5}",outputs/attacks/jsma_face/images/George_W_Bush_0302_to_Gerhard_Schroeder_theta0.050_s20_k200.jpg,/content/defense_results/adv_training/best_adv.pt,4,3,George_W_Bush,4,3,True,False,True,0.4165498316287994,5.2035007684025913e-05,0.9998552799224854,0.0069329459997788945,ok
atk_d2e10ebcbccd,jsma,targeted_jsma_multi_pixel,adv_training,"{""attack_family"": ""pgd"", ""mix_ratio"": 0.5, ""epochs"": 5}",outputs/attacks/jsma_face/images/George_W_Bush_0310_to_Gerhard_Schroeder_theta0.050_s20_k200.jpg,/content/defense_results/adv_training/best_adv.pt,4,3,George_W_Bush,4,3,True,False,True,0.3336749076843261,5.719291584682651e-05,0.9997860789299011,0.0071926730001905526,ok
atk_cad935b5afac,jsma,targeted_jsma_multi_pixel,adv_training,"{""attack_family"": ""pgd"", ""mix_ratio"": 0.5, ""epochs"": 5}",outputs/attacks/jsma_face/images/George_W_Bush_0317_to_Gerhard_Schroeder_theta0.050_s20_k200.jpg,/content/defense_results/adv_training/best_adv.pt,4,3,George_W_Bush,4,3,True,False,True,0.276738703250885,0.0013718095142394304,0.9844669103622437,0.0068254180000622,ok
atk_a0bc27176d52,jsma,targeted_jsma_multi_pixel,adv_training,"{""attack_family"": ""pgd"", ""mix_ratio"": 0.5, ""epochs"": 5}",outputs/attacks/jsma_face/images/George_W_Bush_0322_to_Gerhard_Schroeder_theta0.050_s20_k200.jpg,/content/defense_results/adv_training/best_adv.pt,4,3,George_W_Bush,4,3,True,False,True,0.2477684170007705,0.005062422249466181,0.9576895833015442,0.006801637000080518,ok
atk_33712f31be48,jsma,targeted_jsma_multi_pixel,adv_training,"{""attack_family"": ""pgd"", ""mix_ratio"": 0.5, ""epochs"": 5}",outputs/attacks/jsma_face/images/George_W_Bush_0326_to_Gerhard_Schroeder_theta0.050_s20_k200.jpg,/content/defense_results/adv_training/best_adv.pt,4,3,George_W_Bush,4,3,True,False,True,0.2743480205535888,8.168008935172111e-05,0.9997400641441345,0.0073465890000079526,ok
atk_3db9429cb282,jsma,targeted_jsma_multi_pixel,adv_training,"{""attack_family"": ""pgd"", ""mix_ratio"": 0.5, ""epochs"": 5}",outputs/attacks/jsma_face/images/George_W_Bush_0339_to_Gerhard_Schroeder_theta0.050_s20_k200.jpg,/content/defense_results/adv_training/best_adv.pt,4,3,George_W_Bush,4,3,True,False,True,0.4340516924858093,0.0001891157153295353,0.9995205402374268,0.006932241000413342,ok
atk_3ed288567fa3,jsma,targeted_jsma_multi_pixel,adv_training,"{""attack_family"": ""pgd"", ""mix_ratio"": 0.5, ""epochs"": 5}",outputs/attacks/jsma_face/images/George_W_Bush_0358_to_Gerhard_Schroeder_theta0.050_s20_k200.jpg,/content/defense_results/adv_training/best_adv.pt,4,3,George_W_Bush,4,3,True,False,True,0.3176903128623962,0.00010044727241620421,0.9993780851364136,0.006990940999912709,ok
atk_cb17efdae9e3,jsma,targeted_jsma_multi_pixel,adv_training,"{""attack_family"": ""pgd"", ""mix_ratio"": 0.5, ""epochs"": 5}",outputs/attacks/jsma_face/images/George_W_Bush_0361_to_Gerhard_Schroeder_theta0.050_s20_k200.jpg,/content/defense_results/adv_training/best_adv.pt,4,3,George_W_Bush,4,3,True,False,True,0.3462759256362915,0.00011611917580012232,0.9996095299720764,0.0106805099999292,ok
atk_9f0929319638,jsma,targeted_jsma_multi_pixel,adv_training,"{""attack_family"": ""pgd"", ""mix_ratio"": 0.5, ""epochs"": 5}",outputs/attacks/jsma_face/images/George_W_Bush_0374_to_Gerhard_Schroeder_theta0.050_s20_k200.jpg,/content/defense_results/adv_training/best_adv.pt,4,3,George_W_Bush,4,3,True,False,True,0.3923343122005462,0.0001791191316442564,0.9996234178543091,0.01116802300020936,ok
atk_9736a51dc089,jsma,targeted_jsma_multi_pixel,adv_training,"{""attack_family"": ""pgd"", ""mix_ratio"": 0.5, ""epochs"": 5}",outputs/attacks/jsma_face/images/George_W_Bush_0389_to_Gerhard_Schroeder_theta0.050_s20_k200.jpg,/content/defense_results/adv_training/best_adv.pt,4,3,George_W_Bush,4,3,True,False,True,0.4169142842292785,2.2384499970939942e-05,0.9999351501464844,0.0073093839996545285,ok
atk_9197665fac86,jsma,targeted_jsma_multi_pixel,adv_training,"{""attack_family"": ""pgd"", ""mix_ratio"": 0.5, ""epochs"": 5}",outputs/attacks/jsma_face/images/George_W_Bush_0391_to_Gerhard_Schroeder_theta0.050_s20_k200.jpg,/content/defense_results/adv_training/best_adv.pt,4,3,George_W_Bush,4,3,True,False,True,0.2905036211013794,5.114676969242282e-05,0.9998440742492676,0.007238718000280642,ok
atk_a59b5b706593,jsma,targeted_jsma_multi_pixel,adv_training,"{""attack_family"": ""pgd"", ""mix_ratio"": 0.5, ""epochs"": 5}",outputs/attacks/jsma_face/images/George_W_Bush_0396_to_Gerhard_Schroeder_theta0.050_s20_k200.jpg,/content/defense_results/adv_training/best_adv.pt,4,3,George_W_Bush,4,3,True,False,True,0.2886165678501129,0.0005655533168464899,0.9967252612113953,0.007276991999788152,ok
atk_a3f0c8d6a415,jsma,targeted_jsma_multi_pixel,adv_training,"{""attack_family"": ""pgd"", ""mix_ratio"": 0.5, ""epochs"": 5}",outputs/attacks/jsma_face/images/George_W_Bush_0413_to_Gerhard_Schroeder_theta0.050_s20_k200.jpg,/content/defense_results/adv_training/best_adv.pt,4,3,George_W_Bush,4,3,True,False,True,0.4311120212078094,2.3050622985465452e-05,0.9999165534973145,0.007126352000341285,ok
atk_208d4de52eed,jsma,targeted_jsma_multi_pixel,adv_training,"{""attack_family"": ""pgd"", ""mix_ratio"": 0.5, ""epochs"": 5}",outputs/attacks/jsma_face/images/George_W_Bush_0414_to_Gerhard_Schroeder_theta0.050_s20_k200.jpg,/content/defense_results/adv_training/best_adv.pt,4,3,George_W_Bush,4,3,True,False,True,0.3722777962684631,2.0262763428036124e-05,0.9998816251754761,0.007588134999878093,ok
atk_0914ad45b9ff,jsma,targeted_jsma_multi_pixel,adv_training,"{""attack_family"": ""pgd"", ""mix_ratio"": 0.5, ""epochs"": 5}",outputs/attacks/jsma_face/images/George_W_Bush_0415_to_Gerhard_Schroeder_theta0.050_s20_k200.jpg,/content/defense_results/adv_training/best_adv.pt,4,3,George_W_Bush,4,3,True,False,True,0.3582182228565216,1.7795327948988415e-05,0.9999221563339233,0.00783568999986528,ok
atk_7ac54d73872d,jsma,targeted_jsma_multi_pixel,adv_training,"{""attack_family"": ""pgd"", ""mix_ratio"": 0.5, ""epochs"": 5}",outputs/attacks/jsma_face/images/George_W_Bush_0425_to_Gerhard_Schroeder_theta0.050_s20_k200.jpg,/content/defense_results/adv_training/best_adv.pt,4,3,George_W_Bush,4,3,True,False,True,0.3731963634490967,0.00021354672207962722,0.9989987015724182,0.007994733000032284,ok
atk_95fde6f23cc0,jsma,targeted_jsma_multi_pixel,adv_training,"{""attack_family"": ""pgd"", ""mix_ratio"": 0.5, ""epochs"": 5}",outputs/attacks/jsma_face/images/George_W_Bush_0430_to_Gerhard_Schroeder_theta0.050_s20_k200.jpg,/content/defense_results/adv_training/best_adv.pt,4,3,George_W_Bush,4,3,True,False,True,0.3172573447227478,0.010563129559159279,0.9786185026168823,0.0078510649996133,ok
atk_6cd9d49a1365,jsma,targeted_jsma_multi_pixel,adv_training,"{""attack_family"": ""pgd"", ""mix_ratio"": 0.5, ""epochs"": 5}",outputs/attacks/jsma_face/images/George_W_Bush_0433_to_Gerhard_Schroeder_theta0.050_s20_k200.jpg,/content/defense_results/adv_training/best_adv.pt,4,3,George_W_Bush,4,3,True,False,True,0.3149344623088836,0.0005073038046248257,0.9974416494369507,0.007358033999935287,ok
atk_a6c84c782576,jsma,targeted_jsma_multi_pixel,adv_training,"{""attack_family"": ""pgd"", ""mix_ratio"": 0.5, ""epochs"": 5}",outputs/attacks/jsma_face/images/George_W_Bush_0434_to_Gerhard_Schroeder_theta0.050_s20_k200.jpg,/content/defense_results/adv_training/best_adv.pt,4,3,George_W_Bush,4,3,True,False,True,0.3697328865528106,0.00019082866492681205,0.9994413256645203,0.007059212000058324,ok
atk_04e792e15ea7,jsma,targeted_jsma_multi_pixel,adv_training,"{""attack_family"": ""pgd"", ""mix_ratio"": 0.5, ""epochs"": 5}",outputs/attacks/jsma_face/images/George_W_Bush_0438_to_Gerhard_Schroeder_theta0.050_s20_k200.jpg,/content/defense_results/adv_training/best_adv.pt,4,3,George_W_Bush,4,3,True,False,True,0.4395267069339752,0.00021580056636594236,0.9995457530021667,0.007347558999754256,ok
atk_8fc6ac362a22,jsma,targeted_jsma_multi_pixel,adv_training,"{""attack_family"": ""pgd"", ""mix_ratio"": 0.5, ""epochs"": 5}",outputs/attacks/jsma_face/images/George_W_Bush_0442_to_Gerhard_Schroeder_theta0.050_s20_k200.jpg,/content/defense_results/adv_training/best_adv.pt,4,3,George_W_Bush,4,3,True,False,True,0.2966449856758117,0.0023316508159041405,0.9946342706680298,0.007028843999705714,ok
atk_55f42501751f,jsma,targeted_jsma_multi_pixel,adv_training,"{""attack_family"": ""pgd"", ""mix_ratio"": 0.5, ""epochs"": 5}",outputs/attacks/jsma_face/images/George_W_Bush_0444_to_Gerhard_Schroeder_theta0.050_s20_k200.jpg,/content/defense_results/adv_training/best_adv.pt,4,3,George_W_Bush,4,3,True,False,True,0.3860639929771423,5.119116758578457e-05,0.9998505115509033,0.008431611000105477,ok
atk_721a5e3effd0,jsma,targeted_jsma_multi_pixel,adv_training,"{""attack_family"": ""pgd"", ""mix_ratio"": 0.5, ""epochs"": 5}",outputs/attacks/jsma_face/images/George_W_Bush_0446_to_Gerhard_Schroeder_theta0.050_s20_k200.jpg,/content/defense_results/adv_training/best_adv.pt,4,3,George_W_Bush,4,3,True,False,True,0.2523807883262634,4.328780414653011e-05,0.9998524188995361,0.007232034000026033,ok
atk_91692d8dfcc7,jsma,targeted_jsma_multi_pixel,adv_training,"{""attack_family"": ""pgd"", ""mix_ratio"": 0.5, ""epochs"": 5}",outputs/attacks/jsma_face/images/George_W_Bush_0454_to_Gerhard_Schroeder_theta0.050_s20_k200.jpg,/content/defense_results/adv_training/best_adv.pt,4,3,George_W_Bush,4,3,True,False,True,0.3191542327404022,6.479323201347142e-05,0.9997403025627136,0.007101047000105609,ok
atk_6eb5ab49119e,jsma,targeted_jsma_multi_pixel,adv_training,"{""attack_family"": ""pgd"", ""mix_ratio"": 0.5, ""epochs"": 5}",outputs/attacks/jsma_face/images/George_W_Bush_0460_to_Gerhard_Schroeder_theta0.050_s20_k200.jpg,/content/defense_results/adv_training/best_adv.pt,4,3,George_W_Bush,4,3,True,False,True,0.2486219257116317,0.0004107076383661479,0.9980120658874512,0.007617457999913313,ok
atk_09e815399fdf,jsma,targeted_jsma_multi_pixel,adv_training,"{""attack_family"": ""pgd"", ""mix_ratio"": 0.5, ""epochs"": 5}",outputs/attacks/jsma_face/images/George_W_Bush_0473_to_Gerhard_Schroeder_theta0.050_s20_k200.jpg,/content/defense_results/adv_training/best_adv.pt,4,3,George_W_Bush,4,3,True,False,True,0.2252913415431976,4.5944507292006165e-05,0.999669075012207,0.006822893999924418,ok
atk_fa0dcaeeb80a,jsma,targeted_jsma_multi_pixel,adv_training,"{""attack_family"": ""pgd"", ""mix_ratio"": 0.5, ""epochs"": 5}",outputs/attacks/jsma_face/images/George_W_Bush_0477_to_Gerhard_Schroeder_theta0.050_s20_k200.jpg,/content/defense_results/adv_training/best_adv.pt,4,3,George_W_Bush,4,3,True,False,True,0.2503287494182586,0.0020028867293149233,0.9909753203392029,0.007564140999875235,ok
atk_074879623701,jsma,targeted_jsma_multi_pixel,adv_training,"{""attack_family"": ""pgd"", ""mix_ratio"": 0.5, ""epochs"": 5}",outputs/attacks/jsma_face/images/George_W_Bush_0491_to_Gerhard_Schroeder_theta0.050_s20_k200.jpg,/content/defense_results/adv_training/best_adv.pt,4,3,George_W_Bush,4,3,True,False,True,0.3322490453720093,0.00048387053539045155,0.9982967972755432,0.00683144300001004,ok
atk_d29ba0fd3460,jsma,targeted_jsma_multi_pixel,adv_training,"{""attack_family"": ""pgd"", ""mix_ratio"": 0.5, ""epochs"": 5}",outputs/attacks/jsma_face/images/George_W_Bush_0492_to_Gerhard_Schroeder_theta0.050_s20_k200.jpg,/content/defense_results/adv_training/best_adv.pt,4,3,George_W_Bush,4,3,True,False,True,0.3149803280830383,0.0004474733432289213,0.9984014630317688,0.006931654999789316,ok
atk_644cf9bc111e,jsma,targeted_jsma_multi_pixel,adv_training,"{""attack_family"": ""pgd"", ""mix_ratio"": 0.5, ""epochs"": 5}",outputs/attacks/jsma_face/images/George_W_Bush_0500_to_Gerhard_Schroeder_theta0.050_s20_k200.jpg,/content/defense_results/adv_training/best_adv.pt,4,3,George_W_Bush,4,3,True,False,True,0.462940514087677,3.873335663229227e-05,0.9999020099639893,0.0071525739999742655,ok
atk_d15787eba11c,jsma,targeted_jsma_multi_pixel,adv_training,"{""attack_family"": ""pgd"", ""mix_ratio"": 0.5, ""epochs"": 5}",outputs/attacks/jsma_face/images/George_W_Bush_0510_to_Gerhard_Schroeder_theta0.050_s20_k200.jpg,/content/defense_results/adv_training/best_adv.pt,4,3,George_W_Bush,4,3,True,False,True,0.4484170079231262,0.0003937699948437512,0.9986633062362671,0.007273053000062646,ok
atk_81115d402ea8,jsma,targeted_jsma_multi_pixel,adv_training,"{""attack_family"": ""pgd"", ""mix_ratio"": 0.5, ""epochs"": 5}",outputs/attacks/jsma_face/images/George_W_Bush_0525_to_Gerhard_Schroeder_theta0.050_s20_k200.jpg,/content/defense_results/adv_training/best_adv.pt,4,3,George_W_Bush,4,3,True,False,True,0.3502944409847259,0.00040844749310053885,0.9990473389625549,0.007045792000099027,ok
atk_3332f6303124,jsma,targeted_jsma_multi_pixel,adv_training,"{""attack_family"": ""pgd"", ""mix_ratio"": 0.5, ""epochs"": 5}",outputs/attacks/jsma_face/images/Gerhard_Schroeder_0006_to_Hugo_Chavez_theta0.050_s20_k200.jpg,/content/defense_results/adv_training/best_adv.pt,5,4,Gerhard_Schroeder,5,4,True,False,True,0.2513213157653808,0.0007374683045782149,0.9984875917434692,0.007002658000146766,ok
atk_116c06c2a5e3,jsma,targeted_jsma_multi_pixel,adv_training,"{""attack_family"": ""pgd"", ""mix_ratio"": 0.5, ""epochs"": 5}",outputs/attacks/jsma_face/images/Gerhard_Schroeder_0012_to_Hugo_Chavez_theta0.050_s20_k200.jpg,/content/defense_results/adv_training/best_adv.pt,5,4,Gerhard_Schroeder,5,4,True,False,True,0.4305052459239959,0.0004990471643395722,0.9990653395652771,0.006901130999722227,ok
atk_c57c7ae4c6b2,jsma,targeted_jsma_multi_pixel,adv_training,"{""attack_family"": ""pgd"", ""mix_ratio"": 0.5, ""epochs"": 5}",outputs/attacks/jsma_face/images/Gerhard_Schroeder_0024_to_Hugo_Chavez_theta0.050_s20_k200.jpg,/content/defense_results/adv_training/best_adv.pt,5,4,Gerhard_Schroeder,5,4,True,False,True,0.35152068734169,0.0011493199272081256,0.9956396818161011,0.0068105479999758245,ok
atk_ae0462201717,jsma,targeted_jsma_multi_pixel,adv_training,"{""attack_family"": ""pgd"", ""mix_ratio"": 0.5, ""epochs"": 5}",outputs/attacks/jsma_face/images/Gerhard_Schroeder_0036_to_Hugo_Chavez_theta0.050_s20_k200.jpg,/content/defense_results/adv_training/best_adv.pt,5,4,Gerhard_Schroeder,5,4,True,False,True,0.2340534031391143,0.001477121957577765,0.9958682060241699,0.006737150999924779,ok
atk_0a77cac9eb23,jsma,targeted_jsma_multi_pixel,adv_training,"{""attack_family"": ""pgd"", ""mix_ratio"": 0.5, ""epochs"": 5}",outputs/attacks/jsma_face/images/Gerhard_Schroeder_0067_to_Hugo_Chavez_theta0.050_s20_k200.jpg,/content/defense_results/adv_training/best_adv.pt,5,4,Gerhard_Schroeder,5,4,True,False,True,0.3610893189907074,0.0011284510837867856,0.9984256029129028,0.010529096000027494,ok
atk_1a65fca13513,jsma,targeted_jsma_multi_pixel,adv_training,"{""attack_family"": ""pgd"", ""mix_ratio"": 0.5, ""epochs"": 5}",outputs/attacks/jsma_face/images/Gerhard_Schroeder_0082_to_Hugo_Chavez_theta0.050_s20_k200.jpg,/content/defense_results/adv_training/best_adv.pt,5,4,Gerhard_Schroeder,5,4,True,False,True,0.4480468928813934,0.012768208049237728,0.9544464349746704,0.007097920999967755,ok
atk_0cddbc49426a,jsma,targeted_jsma_multi_pixel,adv_training,"{""attack_family"": ""pgd"", ""mix_ratio"": 0.5, ""epochs"": 5}",outputs/attacks/jsma_face/images/Gerhard_Schroeder_0084_to_Hugo_Chavez_theta0.050_s20_k200.jpg,/content/defense_results/adv_training/best_adv.pt,5,4,Gerhard_Schroeder,5,4,True,False,True,0.2359907925128936,0.0005275840521790087,0.9969231486320496,0.0069534959998236445,ok
atk_8680d84f2a62,jsma,targeted_jsma_multi_pixel,adv_training,"{""attack_family"": ""pgd"", ""mix_ratio"": 0.5, ""epochs"": 5}",outputs/attacks/jsma_face/images/Hugo_Chavez_0032_to_Jean_Chretien_theta0.050_s20_k200.jpg,/content/defense_results/adv_training/best_adv.pt,6,5,Hugo_Chavez,6,5,True,False,True,0.2076581418514251,2.258109816466458e-05,0.9625863432884216,0.006861084999854938,ok
atk_43daba4d8a92,jsma,targeted_jsma_multi_pixel,adv_training,"{""attack_family"": ""pgd"", ""mix_ratio"": 0.5, ""epochs"": 5}",outputs/attacks/jsma_face/images/Hugo_Chavez_0038_to_Jean_Chretien_theta0.050_s20_k200.jpg,/content/defense_results/adv_training/best_adv.pt,6,5,Hugo_Chavez,6,5,True,False,True,0.2713814377784729,0.0005425774725154042,0.8054510951042175,0.006949768000140466,ok
atk_5312ff81896b,jsma,targeted_jsma_multi_pixel,adv_training,"{""attack_family"": ""pgd"", ""mix_ratio"": 0.5, ""epochs"": 5}",outputs/attacks/jsma_face/images/Hugo_Chavez_0048_to_Jean_Chretien_theta0.050_s20_k200.jpg,/content/defense_results/adv_training/best_adv.pt,6,5,Hugo_Chavez,6,5,True,False,True,0.2409964352846145,0.0001146044087363407,0.982384204864502,0.0069111840002733516,ok
atk_c333763f1064,jsma,targeted_jsma_multi_pixel,adv_training,"{""attack_family"": ""pgd"", ""mix_ratio"": 0.5, ""epochs"": 5}",outputs/attacks/jsma_face/images/Hugo_Chavez_0053_to_Jean_Chretien_theta0.050_s20_k200.jpg,/content/defense_results/adv_training/best_adv.pt,6,5,Hugo_Chavez,6,5,True,False,True,0.2407479137182235,1.4696147445647512e-05,0.9974709749221802,0.0072101910000128555,ok
atk_d11a55319f41,jsma,targeted_jsma_multi_pixel,adv_training,"{""attack_family"": ""pgd"", ""mix_ratio"": 0.5, ""epochs"": 5}",outputs/attacks/jsma_face/images/Hugo_Chavez_0056_to_Jean_Chretien_theta0.050_s20_k200.jpg,/content/defense_results/adv_training/best_adv.pt,6,5,Hugo_Chavez,6,5,True,False,True,0.2392229437828064,5.8778889069799334e-05,0.9912286996841431,0.0068438500002230285,ok
atk_fac11db9cdd7,jsma,targeted_jsma_multi_pixel,adv_training,"{""attack_family"": ""pgd"", ""mix_ratio"": 0.5, ""epochs"": 5}",outputs/attacks/jsma_face/images/John_Ashcroft_0026_to_Junichiro_Koizumi_theta0.050_s20_k200.jpg,/content/defense_results/adv_training/best_adv.pt,8,7,John_Ashcroft,8,7,True,False,True,0.2501894533634186,8.191954111680388e-05,0.9971182346343994,0.007083188000251539,ok
atk_a9b4ac558e2b,jsma,targeted_jsma_multi_pixel,adv_training,"{""attack_family"": ""pgd"", ""mix_ratio"": 0.5, ""epochs"": 5}",outputs/attacks/jsma_face/images/Junichiro_Koizumi_0017_to_Tony_Blair_theta0.050_s20_k200.jpg,/content/defense_results/adv_training/best_adv.pt,9,8,Junichiro_Koizumi,9,8,True,False,True,0.312000423669815,0.0004034278972540051,0.9946516752243042,0.0067892049996771675,ok
atk_bc348c9a026d,jsma,targeted_jsma_multi_pixel,adv_training,"{""attack_family"": ""pgd"", ""mix_ratio"": 0.5, ""epochs"": 5}",outputs/attacks/jsma_face/images/Junichiro_Koizumi_0040_to_Tony_Blair_theta0.050_s20_k200.jpg,/content/defense_results/adv_training/best_adv.pt,9,8,Junichiro_Koizumi,9,8,True,False,True,0.3105534315109253,0.00036454605287872255,0.9952192902565002,0.006924924000031751,ok
atk_296a6d03c875,jsma,targeted_jsma_multi_pixel,adv_training,"{""attack_family"": ""pgd"", ""mix_ratio"": 0.5, ""epochs"": 5}",outputs/attacks/jsma_face/images/Junichiro_Koizumi_0043_to_Tony_Blair_theta0.050_s20_k200.jpg,/content/defense_results/adv_training/best_adv.pt,9,8,Junichiro_Koizumi,9,8,True,False,True,0.3276679813861847,0.0011428408324718475,0.9925609230995178,0.007301820000066073,ok
atk_d231767dff2b,jsma,targeted_jsma_multi_pixel,adv_training,"{""attack_family"": ""pgd"", ""mix_ratio"": 0.5, ""epochs"": 5}",outputs/attacks/jsma_face/images/Junichiro_Koizumi_0044_to_Tony_Blair_theta0.050_s20_k200.jpg,/content/defense_results/adv_training/best_adv.pt,9,8,Junichiro_Koizumi,9,8,True,False,True,0.3185554146766662,0.0010940356878563762,0.9895706176757812,0.007020956999895134,ok
atk_8c7f79847b61,jsma,targeted_jsma_multi_pixel,adv_training,"{""attack_family"": ""pgd"", ""mix_ratio"": 0.5, ""epochs"": 5}",outputs/attacks/jsma_face/images/Junichiro_Koizumi_0047_to_Tony_Blair_theta0.050_s20_k200.jpg,/content/defense_results/adv_training/best_adv.pt,9,8,Junichiro_Koizumi,9,8,True,False,True,0.3225184082984924,0.0008139279671013355,0.9924963712692261,0.006949117999738519,ok
atk_73e58e26d42c,jsma,targeted_jsma_multi_pixel,adv_training,"{""attack_family"": ""pgd"", ""mix_ratio"": 0.5, ""epochs"": 5}",outputs/attacks/jsma_face/images/Junichiro_Koizumi_0049_to_Tony_Blair_theta0.050_s20_k200.jpg,/content/defense_results/adv_training/best_adv.pt,9,8,Junichiro_Koizumi,9,8,True,False,True,0.3505103290081024,0.00023512290499638766,0.997734546661377,0.007291517000339809,ok
atk_2a60fe0cc2fb,jsma,targeted_jsma_multi_pixel,adv_training,"{""attack_family"": ""pgd"", ""mix_ratio"": 0.5, ""epochs"": 5}",outputs/attacks/jsma_face/images/Junichiro_Koizumi_0050_to_Tony_Blair_theta0.050_s20_k200.jpg,/content/defense_results/adv_training/best_adv.pt,9,8,Junichiro_Koizumi,9,8,True,False,True,0.4312470853328705,0.0011768295662477612,0.9910310506820679,0.006852471999991394,ok
atk_aa1766cb247e,jsma,targeted_jsma_multi_pixel,adv_training,"{""attack_family"": ""pgd"", ""mix_ratio"": 0.5, ""epochs"": 5}",outputs/attacks/jsma_face/images/Tony_Blair_0007_to_Ariel_Sharon_theta0.050_s20_k200.jpg,/content/defense_results/adv_training/best_adv.pt,0,9,Tony_Blair,0,9,True,False,True,0.2635373771190643,0.0001077986162272282,0.9864761829376221,0.007209127999885823,ok
atk_aca10e522547,jsma,targeted_jsma_multi_pixel,adv_training,"{""attack_family"": ""pgd"", ""mix_ratio"": 0.5, ""epochs"": 5}",outputs/attacks/jsma_face/images/Tony_Blair_0020_to_Ariel_Sharon_theta0.050_s20_k200.jpg,/content/defense_results/adv_training/best_adv.pt,0,9,Tony_Blair,0,9,True,False,True,0.2302781343460083,0.0004780988965649158,0.9838485717773438,0.0070398240000031365,ok
atk_059002abfed1,jsma,targeted_jsma_multi_pixel,adv_training,"{""attack_family"": ""pgd"", ""mix_ratio"": 0.5, ""epochs"": 5}",outputs/attacks/jsma_face/images/Tony_Blair_0027_to_Ariel_Sharon_theta0.050_s20_k200.jpg,/content/defense_results/adv_training/best_adv.pt,0,9,Tony_Blair,0,9,True,False,True,0.3065817952156067,4.537460699793883e-05,0.9972142577171326,0.0068768380001529295,ok
atk_175d0053eeb3,jsma,targeted_jsma_multi_pixel,adv_training,"{""attack_family"": ""pgd"", ""mix_ratio"": 0.5, ""epochs"": 5}",outputs/attacks/jsma_face/images/Tony_Blair_0042_to_Ariel_Sharon_theta0.050_s20_k200.jpg,/content/defense_results/adv_training/best_adv.pt,0,9,Tony_Blair,0,9,True,False,True,0.2303888648748397,5.6431261327816173e-05,0.9976325035095215,0.007248692000302981,ok
atk_35405b4ec450,jsma,targeted_jsma_multi_pixel,adv_training,"{""attack_family"": ""pgd"", ""mix_ratio"": 0.5, ""epochs"": 5}",outputs/attacks/jsma_face/images/Tony_Blair_0043_to_Ariel_Sharon_theta0.050_s20_k200.jpg,/content/defense_results/adv_training/best_adv.pt,0,9,Tony_Blair,0,9,True,False,True,0.1882369816303253,5.198478902457282e-05,0.9972968697547913,0.007226575000004232,ok
atk_7816612bbc65,jsma,targeted_jsma_multi_pixel,adv_training,"{""attack_family"": ""pgd"", ""mix_ratio"": 0.5, ""epochs"": 5}",outputs/attacks/jsma_face/images/Tony_Blair_0078_to_Ariel_Sharon_theta0.050_s20_k200.jpg,/content/defense_results/adv_training/best_adv.pt,0,9,Tony_Blair,0,9,True,False,True,0.3712874352931976,0.0007394663407467306,0.9724324941635132,0.007053034000364278,ok
atk_5b2ab6ad17c6,jsma,targeted_jsma_multi_pixel,adv_training,"{""attack_family"": ""pgd"", ""mix_ratio"": 0.5, ""epochs"": 5}",outputs/attacks/jsma_face/images/Tony_Blair_0080_to_Ariel_Sharon_theta0.050_s20_k200.jpg,/content/defense_results/adv_training/best_adv.pt,0,9,Tony_Blair,0,9,True,False,True,0.2031476348638534,0.0006283397087827325,0.9786226749420166,0.007332706000397593,ok
atk_84ad64210fba,jsma,targeted_jsma_multi_pixel,adv_training,"{""attack_family"": ""pgd"", ""mix_ratio"": 0.5, ""epochs"": 5}",outputs/attacks/jsma_face/images/Tony_Blair_0088_to_Ariel_Sharon_theta0.050_s20_k200.jpg,/content/defense_results/adv_training/best_adv.pt,0,9,Tony_Blair,0,9,True,False,True,0.2668617963790893,3.057948197238147e-05,0.9974743723869324,0.007213355000203592,ok
atk_686c4fd1cb8e,jsma,targeted_jsma_multi_pixel,adv_training,"{""attack_family"": ""pgd"", ""mix_ratio"": 0.5, ""epochs"": 5}",outputs/attacks/jsma_face/images/Tony_Blair_0102_to_Ariel_Sharon_theta0.050_s20_k200.jpg,/content/defense_results/adv_training/best_adv.pt,0,9,Tony_Blair,0,9,True,False,True,0.273865669965744,0.00010273910447722301,0.9942994117736816,0.007102378000126919,ok
atk_9e5ca1c1809a,jsma,targeted_jsma_multi_pixel,adv_training,"{""attack_family"": ""pgd"", ""mix_ratio"": 0.5, ""epochs"": 5}",outputs/attacks/jsma_face/images/Tony_Blair_0104_to_Ariel_Sharon_theta0.050_s20_k200.jpg,/content/defense_results/adv_training/best_adv.pt,0,9,Tony_Blair,0,9,True,False,True,0.4173196256160736,9.107995720114559e-05,0.9949603080749512,0.007291381000413821,ok
atk_3945052b8a4d,jsma,targeted_jsma_multi_pixel,adv_training,"{""attack_family"": ""pgd"", ""mix_ratio"": 0.5, ""epochs"": 5}",outputs/attacks/jsma_face/images/Tony_Blair_0109_to_Ariel_Sharon_theta0.050_s20_k200.jpg,/content/defense_results/adv_training/best_adv.pt,0,9,Tony_Blair,0,9,True,False,True,0.2380500882863998,0.0007189909811131656,0.9895493984222412,0.006941320999885647,ok
atk_d969c6be6bd8,pgd,targeted_pgd,adv_training,"{""attack_family"": ""pgd"", ""mix_ratio"": 0.5, ""epochs"": 5}",outputs/attacks/pgd_face/images/Ariel_Sharon_0025_to_Colin_Powell_eps0.030_a0.003_s10.jpg,/content/defense_results/adv_training/best_adv.pt,1,0,Ariel_Sharon,1,0,True,False,True,0.9986935257911682,0.0013093078741803765,0.9823715090751648,0.007258259000082035,ok
atk_5b85b03cbad9,pgd,targeted_pgd,adv_training,"{""attack_family"": ""pgd"", ""mix_ratio"": 0.5, ""epochs"": 5}",outputs/attacks/pgd_face/images/Ariel_Sharon_0031_to_Colin_Powell_eps0.030_a0.003_s10.jpg,/content/defense_results/adv_training/best_adv.pt,1,0,Ariel_Sharon,1,0,True,False,True,0.9990424513816832,0.002411735476925969,0.9708974361419678,0.007565591000002314,ok
atk_a5e8fa803ab3,pgd,targeted_pgd,adv_training,"{""attack_family"": ""pgd"", ""mix_ratio"": 0.5, ""epochs"": 5}",outputs/attacks/pgd_face/images/Ariel_Sharon_0042_to_Colin_Powell_eps0.030_a0.003_s10.jpg,/content/defense_results/adv_training/best_adv.pt,1,0,Ariel_Sharon,1,0,True,False,True,0.9991680383682252,0.0032090316526591778,0.9767632484436035,0.006935652999800368,ok
atk_4738ff2c3952,pgd,targeted_pgd,adv_training,"{""attack_family"": ""pgd"", ""mix_ratio"": 0.5, ""epochs"": 5}",outputs/attacks/pgd_face/images/Ariel_Sharon_0043_to_Colin_Powell_eps0.030_a0.003_s10.jpg,/content/defense_results/adv_training/best_adv.pt,1,0,Ariel_Sharon,1,0,True,False,True,0.9984579086303712,0.0015311114257201552,0.9837395548820496,0.007200538999768469,ok
atk_b4a4e4fd72d1,pgd,targeted_pgd,adv_training,"{""attack_family"": ""pgd"", ""mix_ratio"": 0.5, ""epochs"": 5}",outputs/attacks/pgd_face/images/Ariel_Sharon_0049_to_Colin_Powell_eps0.030_a0.003_s10.jpg,/content/defense_results/adv_training/best_adv.pt,1,0,Ariel_Sharon,1,0,True,False,True,0.9986225366592408,0.002585014794021845,0.9873858690261841,0.006916095000178757,ok
atk_0e7b462e0a5f,pgd,targeted_pgd,adv_training,"{""attack_family"": ""pgd"", ""mix_ratio"": 0.5, ""epochs"": 5}",outputs/attacks/pgd_face/images/Ariel_Sharon_0050_to_Colin_Powell_eps0.030_a0.003_s10.jpg,/content/defense_results/adv_training/best_adv.pt,1,0,Ariel_Sharon,1,0,True,False,True,0.9964237809181212,0.0029132904019206762,0.9717341661453247,0.006891827999879752,ok
atk_a53befd0d12d,pgd,targeted_pgd,adv_training,"{""attack_family"": ""pgd"", ""mix_ratio"": 0.5, ""epochs"": 5}",outputs/attacks/pgd_face/images/Ariel_Sharon_0059_to_Colin_Powell_eps0.030_a0.003_s10.jpg,/content/defense_results/adv_training/best_adv.pt,1,0,Ariel_Sharon,1,0,True,False,True,0.9980620741844176,0.0022555035538971424,0.9884379506111145,0.0067770330001621915,ok
atk_e56ee6ced96e,pgd,targeted_pgd,adv_training,"{""attack_family"": ""pgd"", ""mix_ratio"": 0.5, ""epochs"": 5}",outputs/attacks/pgd_face/images/Ariel_Sharon_0062_to_Colin_Powell_eps0.030_a0.003_s10.jpg,/content/defense_results/adv_training/best_adv.pt,1,0,Ariel_Sharon,1,0,True,False,True,0.995641589164734,0.0017515983199700713,0.9865233302116394,0.007027397999991081,ok
atk_b206949bd9e4,pgd,targeted_pgd,adv_training,"{""attack_family"": ""pgd"", ""mix_ratio"": 0.5, ""epochs"": 5}",outputs/attacks/pgd_face/images/Ariel_Sharon_0069_to_Colin_Powell_eps0.030_a0.003_s10.jpg,/content/defense_results/adv_training/best_adv.pt,1,0,Ariel_Sharon,1,0,True,False,True,0.9396035075187684,0.0031219336669892073,0.9854823350906372,0.006982058999710716,ok
atk_217a57f6f0f0,pgd,targeted_pgd,adv_training,"{""attack_family"": ""pgd"", ""mix_ratio"": 0.5, ""epochs"": 5}",outputs/attacks/pgd_face/images/Ariel_Sharon_0070_to_Colin_Powell_eps0.030_a0.003_s10.jpg,/content/defense_results/adv_training/best_adv.pt,1,0,Ariel_Sharon,1,0,True,False,True,0.9962138533592224,0.0029070356395095587,0.9740355014801025,0.006897800999922765,ok
atk_048b0a97d676,pgd,targeted_pgd,adv_training,"{""attack_family"": ""pgd"", ""mix_ratio"": 0.5, ""epochs"": 5}",outputs/attacks/pgd_face/images/Ariel_Sharon_0071_to_Colin_Powell_eps0.030_a0.003_s10.jpg,/content/defense_results/adv_training/best_adv.pt,1,0,Ariel_Sharon,1,0,True,False,True,0.972698450088501,0.0038397761527448893,0.981635570526123,0.006850799999938317,ok
atk_fab506644553,pgd,targeted_pgd,adv_training,"{""attack_family"": ""pgd"", ""mix_ratio"": 0.5, ""epochs"": 5}",outputs/attacks/pgd_face/images/Colin_Powell_0001_to_Donald_Rumsfeld_eps0.030_a0.003_s10.jpg,/content/defense_results/adv_training/best_adv.pt,2,1,Colin_Powell,2,1,True,False,True,0.9963276982307434,0.2622690200805664,0.7015863060951233,0.00718893700013723,ok
atk_1985a2c66443,pgd,targeted_pgd,adv_training,"{""attack_family"": ""pgd"", ""mix_ratio"": 0.5, ""epochs"": 5}",outputs/attacks/pgd_face/images/Colin_Powell_0018_to_Donald_Rumsfeld_eps0.030_a0.003_s10.jpg,/content/defense_results/adv_training/best_adv.pt,2,1,Colin_Powell,2,1,True,False,True,0.999265730381012,0.0009081704192794859,0.9970369338989258,0.007094175000020186,ok
atk_491001000cd7,pgd,targeted_pgd,adv_training,"{""attack_family"": ""pgd"", ""mix_ratio"": 0.5, ""epochs"": 5}",outputs/attacks/pgd_face/images/Colin_Powell_0032_to_Donald_Rumsfeld_eps0.030_a0.003_s10.jpg,/content/defense_results/adv_training/best_adv.pt,2,1,Colin_Powell,2,1,True,False,True,0.9995025396347046,0.012539337389171124,0.9769758582115173,0.007162158000028285,ok
atk_5d8c5a1e3ee4,pgd,targeted_pgd,adv_training,"{""attack_family"": ""pgd"", ""mix_ratio"": 0.5, ""epochs"": 5}",outputs/attacks/pgd_face/images/Colin_Powell_0033_to_Donald_Rumsfeld_eps0.030_a0.003_s10.jpg,/content/defense_results/adv_training/best_adv.pt,2,1,Colin_Powell,2,1,True,False,True,0.9898897409439088,0.003343075281009078,0.9918713569641113,0.006838880000032077,ok
atk_93892e78083e,pgd,targeted_pgd,adv_training,"{""attack_family"": ""pgd"", ""mix_ratio"": 0.5, ""epochs"": 5}",outputs/attacks/pgd_face/images/Colin_Powell_0050_to_Donald_Rumsfeld_eps0.030_a0.003_s10.jpg,/content/defense_results/adv_training/best_adv.pt,2,1,Colin_Powell,2,1,True,False,True,0.9999135732650756,0.040190696716308594,0.9324595928192139,0.009051110000200424,ok
atk_16187258e486,pgd,targeted_pgd,adv_training,"{""attack_family"": ""pgd"", ""mix_ratio"": 0.5, ""epochs"": 5}",outputs/attacks/pgd_face/images/Colin_Powell_0051_to_Donald_Rumsfeld_eps0.030_a0.003_s10.jpg,/content/defense_results/adv_training/best_adv.pt,2,1,Colin_Powell,2,1,True,False,True,0.9995348453521729,0.011099829338490963,0.9794752597808838,0.007168788000399218,ok
atk_3653c82fbed1,pgd,targeted_pgd,adv_training,"{""attack_family"": ""pgd"", ""mix_ratio"": 0.5, ""epochs"": 5}",outputs/attacks/pgd_face/images/Colin_Powell_0076_to_Donald_Rumsfeld_eps0.030_a0.003_s10.jpg,/content/defense_results/adv_training/best_adv.pt,2,1,Colin_Powell,2,1,True,False,True,0.9949153661727904,0.0016080486821010709,0.9926500916481018,0.0071837430000414315,ok
atk_882254a771ee,pgd,targeted_pgd,adv_training,"{""attack_family"": ""pgd"", ""mix_ratio"": 0.5, ""epochs"": 5}",outputs/attacks/pgd_face/images/Colin_Powell_0080_to_Donald_Rumsfeld_eps0.030_a0.003_s10.jpg,/content/defense_results/adv_training/best_adv.pt,2,1,Colin_Powell,2,1,True,False,True,0.9851527214050292,0.008159413933753967,0.9828550815582275,0.0072600829998918925,ok
atk_8756f8251d70,pgd,targeted_pgd,adv_training,"{""attack_family"": ""pgd"", ""mix_ratio"": 0.5, ""epochs"": 5}",outputs/attacks/pgd_face/images/Colin_Powell_0081_to_Donald_Rumsfeld_eps0.030_a0.003_s10.jpg,/content/defense_results/adv_training/best_adv.pt,2,1,Colin_Powell,2,1,True,False,True,0.9991803765296936,0.03444809839129448,0.9478596448898315,0.007169188999796461,ok
atk_2d4ec5058809,pgd,targeted_pgd,adv_training,"{""attack_family"": ""pgd"", ""mix_ratio"": 0.5, ""epochs"": 5}",outputs/attacks/pgd_face/images/Colin_Powell_0084_to_Donald_Rumsfeld_eps0.030_a0.003_s10.jpg,/content/defense_results/adv_training/best_adv.pt,2,1,Colin_Powell,2,1,True,False,True,0.9985892176628112,0.0008496830705553293,0.994126558303833,0.007475984999928187,ok
atk_8ee9229b7b4f,pgd,targeted_pgd,adv_training,"{""attack_family"": ""pgd"", ""mix_ratio"": 0.5, ""epochs"": 5}",outputs/attacks/pgd_face/images/Colin_Powell_0085_to_Donald_Rumsfeld_eps0.030_a0.003_s10.jpg,/content/defense_results/adv_training/best_adv.pt,2,1,Colin_Powell,2,1,True,False,True,0.9971045851707458,0.049942538142204285,0.9250561594963074,0.007413243999963015,ok
atk_09d69e4f3294,pgd,targeted_pgd,adv_training,"{""attack_family"": ""pgd"", ""mix_ratio"": 0.5, ""epochs"": 5}",outputs/attacks/pgd_face/images/Colin_Powell_0094_to_Donald_Rumsfeld_eps0.030_a0.003_s10.jpg,/content/defense_results/adv_training/best_adv.pt,2,1,Colin_Powell,2,1,True,False,True,0.9977772831916808,0.05388166755437851,0.9252274632453918,0.006907561999923928,ok
atk_e30d4f64d1f2,pgd,targeted_pgd,adv_training,"{""attack_family"": ""pgd"", ""mix_ratio"": 0.5, ""epochs"": 5}",outputs/attacks/pgd_face/images/Colin_Powell_0098_to_Donald_Rumsfeld_eps0.030_a0.003_s10.jpg,/content/defense_results/adv_training/best_adv.pt,2,1,Colin_Powell,2,1,True,False,True,0.999680519104004,0.0021838974207639694,0.9920996427536011,0.007031385000118462,ok
atk_8ea8b6bb76ac,pgd,targeted_pgd,adv_training,"{""attack_family"": ""pgd"", ""mix_ratio"": 0.5, ""epochs"": 5}",outputs/attacks/pgd_face/images/Colin_Powell_0104_to_Donald_Rumsfeld_eps0.030_a0.003_s10.jpg,/content/defense_results/adv_training/best_adv.pt,2,1,Colin_Powell,2,1,True,False,True,0.9984586238861084,0.004678928758949041,0.9895053505897522,0.006824828999924648,ok
atk_d5f00cf9b498,pgd,targeted_pgd,adv_training,"{""attack_family"": ""pgd"", ""mix_ratio"": 0.5, ""epochs"": 5}",outputs/attacks/pgd_face/images/Colin_Powell_0105_to_Donald_Rumsfeld_eps0.030_a0.003_s10.jpg,/content/defense_results/adv_training/best_adv.pt,2,1,Colin_Powell,2,1,True,False,True,0.9998737573623656,0.001858177245594561,0.9938706159591675,0.007225749000099313,ok
atk_fbe60af44008,pgd,targeted_pgd,adv_training,"{""attack_family"": ""pgd"", ""mix_ratio"": 0.5, ""epochs"": 5}",outputs/attacks/pgd_face/images/Colin_Powell_0108_to_Donald_Rumsfeld_eps0.030_a0.003_s10.jpg,/content/defense_results/adv_training/best_adv.pt,2,1,Colin_Powell,2,1,True,False,True,0.9990788698196412,0.0006867557531222701,0.9952774047851562,0.006806832000165741,ok
atk_5f1621336130,pgd,targeted_pgd,adv_training,"{""attack_family"": ""pgd"", ""mix_ratio"": 0.5, ""epochs"": 5}",outputs/attacks/pgd_face/images/Colin_Powell_0111_to_Donald_Rumsfeld_eps0.030_a0.003_s10.jpg,/content/defense_results/adv_training/best_adv.pt,2,1,Colin_Powell,2,1,True,False,True,0.9995984435081482,0.003984709735959768,0.9886056780815125,0.007067814000038197,ok
atk_0e6e3d091e4e,pgd,targeted_pgd,adv_training,"{""attack_family"": ""pgd"", ""mix_ratio"": 0.5, ""epochs"": 5}",outputs/attacks/pgd_face/images/Colin_Powell_0130_to_Donald_Rumsfeld_eps0.030_a0.003_s10.jpg,/content/defense_results/adv_training/best_adv.pt,2,1,Colin_Powell,2,1,True,False,True,0.9995208978652954,0.0034988245461136103,0.9822972416877747,0.006758082000033028,ok
atk_dfe230300610,pgd,targeted_pgd,adv_training,"{""attack_family"": ""pgd"", ""mix_ratio"": 0.5, ""epochs"": 5}",outputs/attacks/pgd_face/images/Colin_Powell_0134_to_Donald_Rumsfeld_eps0.030_a0.003_s10.jpg,/content/defense_results/adv_training/best_adv.pt,2,1,Colin_Powell,2,1,True,False,True,0.9990144968032836,0.010081769898533821,0.9803449511528015,0.006984020999880158,ok
atk_fce5ec67c36b,pgd,targeted_pgd,adv_training,"{""attack_family"": ""pgd"", ""mix_ratio"": 0.5, ""epochs"": 5}",outputs/attacks/pgd_face/images/Colin_Powell_0138_to_Donald_Rumsfeld_eps0.030_a0.003_s10.jpg,/content/defense_results/adv_training/best_adv.pt,2,1,Colin_Powell,2,1,True,False,True,0.9982340335845948,0.0018531327368691564,0.9914730787277222,0.007029122999938409,ok
atk_2f3748518ee0,pgd,targeted_pgd,adv_training,"{""attack_family"": ""pgd"", ""mix_ratio"": 0.5, ""epochs"": 5}",outputs/attacks/pgd_face/images/Colin_Powell_0142_to_Donald_Rumsfeld_eps0.030_a0.003_s10.jpg,/content/defense_results/adv_training/best_adv.pt,2,1,Colin_Powell,2,1,True,False,True,0.995735764503479,0.009696788154542446,0.9768597483634949,0.0073075959999187035,ok
atk_df1259a42c5d,pgd,targeted_pgd,adv_training,"{""attack_family"": ""pgd"", ""mix_ratio"": 0.5, ""epochs"": 5}",outputs/attacks/pgd_face/images/Colin_Powell_0160_to_Donald_Rumsfeld_eps0.030_a0.003_s10.jpg,/content/defense_results/adv_training/best_adv.pt,2,1,Colin_Powell,2,1,True,False,True,0.9992343187332152,0.0008552350918762386,0.9918631315231323,0.006968643999698543,ok
atk_cb0dd4567858,pgd,targeted_pgd,adv_training,"{""attack_family"": ""pgd"", ""mix_ratio"": 0.5, ""epochs"": 5}",outputs/attacks/pgd_face/images/Colin_Powell_0170_to_Donald_Rumsfeld_eps0.030_a0.003_s10.jpg,/content/defense_results/adv_training/best_adv.pt,2,1,Colin_Powell,2,1,True,False,True,0.9998621940612792,0.006518576759845018,0.987920880317688,0.006978301999879477,ok
atk_b555cd9ffc5c,pgd,targeted_pgd,adv_training,"{""attack_family"": ""pgd"", ""mix_ratio"": 0.5, ""epochs"": 5}",outputs/attacks/pgd_face/images/Colin_Powell_0171_to_Donald_Rumsfeld_eps0.030_a0.003_s10.jpg,/content/defense_results/adv_training/best_adv.pt,2,1,Colin_Powell,2,1,True,False,True,0.9917171597480774,0.0007745338371023536,0.9840987324714661,0.007096121000358835,ok
atk_e9ba32ab193a,pgd,targeted_pgd,adv_training,"{""attack_family"": ""pgd"", ""mix_ratio"": 0.5, ""epochs"": 5}",outputs/attacks/pgd_face/images/Colin_Powell_0172_to_Donald_Rumsfeld_eps0.030_a0.003_s10.jpg,/content/defense_results/adv_training/best_adv.pt,2,1,Colin_Powell,2,1,True,False,True,0.999273955821991,0.001571847009472549,0.9923669695854187,0.006989181999870198,ok
atk_624afd98c655,pgd,targeted_pgd,adv_training,"{""attack_family"": ""pgd"", ""mix_ratio"": 0.5, ""epochs"": 5}",outputs/attacks/pgd_face/images/Colin_Powell_0176_to_Donald_Rumsfeld_eps0.030_a0.003_s10.jpg,/content/defense_results/adv_training/best_adv.pt,2,1,Colin_Powell,2,1,True,False,True,0.9967288970947266,0.0009318515076301992,0.9924575090408325,0.0069095759999981965,ok
atk_3216ecd62ca6,pgd,targeted_pgd,adv_training,"{""attack_family"": ""pgd"", ""mix_ratio"": 0.5, ""epochs"": 5}",outputs/attacks/pgd_face/images/Colin_Powell_0179_to_Donald_Rumsfeld_eps0.030_a0.003_s10.jpg,/content/defense_results/adv_training/best_adv.pt,2,1,Colin_Powell,2,1,True,False,True,0.993309736251831,0.002359396545216441,0.9925036430358887,0.006934305999948265,ok
atk_bf4f5538e926,pgd,targeted_pgd,adv_training,"{""attack_family"": ""pgd"", ""mix_ratio"": 0.5, ""epochs"": 5}",outputs/attacks/pgd_face/images/Colin_Powell_0185_to_Donald_Rumsfeld_eps0.030_a0.003_s10.jpg,/content/defense_results/adv_training/best_adv.pt,2,1,Colin_Powell,2,1,True,False,True,0.9961920976638794,0.011687511578202248,0.9697876572608948,0.007198769999831711,ok
atk_ced510231a3e,pgd,targeted_pgd,adv_training,"{""attack_family"": ""pgd"", ""mix_ratio"": 0.5, ""epochs"": 5}",outputs/attacks/pgd_face/images/Colin_Powell_0189_to_Donald_Rumsfeld_eps0.030_a0.003_s10.jpg,/content/defense_results/adv_training/best_adv.pt,2,1,Colin_Powell,2,1,True,False,True,0.9994851350784302,0.003227780107408762,0.9906609654426575,0.006991296999785845,ok
atk_de04ba6ab7c7,pgd,targeted_pgd,adv_training,"{""attack_family"": ""pgd"", ""mix_ratio"": 0.5, ""epochs"": 5}",outputs/attacks/pgd_face/images/Colin_Powell_0190_to_Donald_Rumsfeld_eps0.030_a0.003_s10.jpg,/content/defense_results/adv_training/best_adv.pt,2,1,Colin_Powell,2,1,True,False,True,0.9986488223075868,0.027170099318027496,0.9587687253952026,0.006880654000269715,ok
atk_95728d59d81f,pgd,targeted_pgd,adv_training,"{""attack_family"": ""pgd"", ""mix_ratio"": 0.5, ""epochs"": 5}",outputs/attacks/pgd_face/images/Colin_Powell_0207_to_Donald_Rumsfeld_eps0.030_a0.003_s10.jpg,/content/defense_results/adv_training/best_adv.pt,2,1,Colin_Powell,2,1,True,False,True,0.9896780252456664,0.002361665014177561,0.9942943453788757,0.006913072999850556,ok
atk_7747ddc13d85,pgd,targeted_pgd,adv_training,"{""attack_family"": ""pgd"", ""mix_ratio"": 0.5, ""epochs"": 5}",outputs/attacks/pgd_face/images/Colin_Powell_0218_to_Donald_Rumsfeld_eps0.030_a0.003_s10.jpg,/content/defense_results/adv_training/best_adv.pt,2,1,Colin_Powell,2,1,True,False,True,0.9999645948410034,0.006933010648936033,0.9690240621566772,0.00680968100004975,ok
atk_ab5cab0e8dbf,pgd,targeted_pgd,adv_training,"{""attack_family"": ""pgd"", ""mix_ratio"": 0.5, ""epochs"": 5}",outputs/attacks/pgd_face/images/Colin_Powell_0223_to_Donald_Rumsfeld_eps0.030_a0.003_s10.jpg,/content/defense_results/adv_training/best_adv.pt,2,1,Colin_Powell,2,1,True,False,True,0.9994333386421204,0.0027851269114762545,0.9894819259643555,0.00715374499986865,ok
atk_2486d26ec75b,pgd,targeted_pgd,adv_training,"{""attack_family"": ""pgd"", ""mix_ratio"": 0.5, ""epochs"": 5}",outputs/attacks/pgd_face/images/Colin_Powell_0231_to_Donald_Rumsfeld_eps0.030_a0.003_s10.jpg,/content/defense_results/adv_training/best_adv.pt,2,1,Colin_Powell,2,1,True,False,True,0.9996262788772584,0.00110024050809443,0.9952936768531799,0.00676303199998074,ok
atk_0ca9e5d87616,pgd,targeted_pgd,adv_training,"{""attack_family"": ""pgd"", ""mix_ratio"": 0.5, ""epochs"": 5}",outputs/attacks/pgd_face/images/Donald_Rumsfeld_0002_to_George_W_Bush_eps0.030_a0.003_s10.jpg,/content/defense_results/adv_training/best_adv.pt,3,2,Donald_Rumsfeld,3,2,True,False,True,0.9998229146003724,0.001981502864509821,0.9961227774620056,0.010819940999681421,ok
atk_db395bd4ecdf,pgd,targeted_pgd,adv_training,"{""attack_family"": ""pgd"", ""mix_ratio"": 0.5, ""epochs"": 5}",outputs/attacks/pgd_face/images/Donald_Rumsfeld_0006_to_George_W_Bush_eps0.030_a0.003_s10.jpg,/content/defense_results/adv_training/best_adv.pt,3,2,Donald_Rumsfeld,3,2,True,False,True,0.999946355819702,0.0033107472117990255,0.9917575716972351,0.011896564999915427,ok
atk_179cc8538355,pgd,targeted_pgd,adv_training,"{""attack_family"": ""pgd"", ""mix_ratio"": 0.5, ""epochs"": 5}",outputs/attacks/pgd_face/images/Donald_Rumsfeld_0014_to_George_W_Bush_eps0.030_a0.003_s10.jpg,/content/defense_results/adv_training/best_adv.pt,3,2,Donald_Rumsfeld,3,2,True,False,True,0.9999939203262328,0.008564473129808903,0.9809356927871704,0.01196437299995523,ok
atk_8ca9f2fb2771,pgd,targeted_pgd,adv_training,"{""attack_family"": ""pgd"", ""mix_ratio"": 0.5, ""epochs"": 5}",outputs/attacks/pgd_face/images/Donald_Rumsfeld_0017_to_George_W_Bush_eps0.030_a0.003_s10.jpg,/content/defense_results/adv_training/best_adv.pt,3,2,Donald_Rumsfeld,3,2,True,False,True,0.9997344613075256,0.0015711277956143022,0.9954894185066223,0.009013393999794062,ok
atk_ceef7eca36a2,pgd,targeted_pgd,adv_training,"{""attack_family"": ""pgd"", ""mix_ratio"": 0.5, ""epochs"": 5}",outputs/attacks/pgd_face/images/Donald_Rumsfeld_0038_to_George_W_Bush_eps0.030_a0.003_s10.jpg,/content/defense_results/adv_training/best_adv.pt,3,2,Donald_Rumsfeld,3,2,True,False,True,0.9999995231628418,0.002730273874476552,0.9930219054222107,0.007183886000348139,ok
atk_62427759bbad,pgd,targeted_pgd,adv_training,"{""attack_family"": ""pgd"", ""mix_ratio"": 0.5, ""epochs"": 5}",outputs/attacks/pgd_face/images/Donald_Rumsfeld_0061_to_George_W_Bush_eps0.030_a0.003_s10.jpg,/content/defense_results/adv_training/best_adv.pt,3,2,Donald_Rumsfeld,3,2,True,False,True,0.9999531507492064,0.0010954478057101369,0.997261643409729,0.006848176999938005,ok
atk_4c8a7e10b519,pgd,targeted_pgd,adv_training,"{""attack_family"": ""pgd"", ""mix_ratio"": 0.5, ""epochs"": 5}",outputs/attacks/pgd_face/images/Donald_Rumsfeld_0062_to_George_W_Bush_eps0.030_a0.003_s10.jpg,/content/defense_results/adv_training/best_adv.pt,3,2,Donald_Rumsfeld,3,2,True,False,True,0.9999648332595824,0.0052366070449352264,0.9889271259307861,0.006803474000207643,ok
atk_945627116073,pgd,targeted_pgd,adv_training,"{""attack_family"": ""pgd"", ""mix_ratio"": 0.5, ""epochs"": 5}",outputs/attacks/pgd_face/images/Donald_Rumsfeld_0063_to_George_W_Bush_eps0.030_a0.003_s10.jpg,/content/defense_results/adv_training/best_adv.pt,3,2,Donald_Rumsfeld,3,2,True,False,True,0.999891757965088,0.0038299276493489742,0.9887089133262634,0.006657213999915257,ok
atk_78675e001019,pgd,targeted_pgd,adv_training,"{""attack_family"": ""pgd"", ""mix_ratio"": 0.5, ""epochs"": 5}",outputs/attacks/pgd_face/images/Donald_Rumsfeld_0071_to_George_W_Bush_eps0.030_a0.003_s10.jpg,/content/defense_results/adv_training/best_adv.pt,3,2,Donald_Rumsfeld,3,2,True,False,True,0.9999024868011476,0.001769968424923718,0.995220959186554,0.006732585999998264,ok
atk_b1542c65092a,pgd,targeted_pgd,adv_training,"{""attack_family"": ""pgd"", ""mix_ratio"": 0.5, ""epochs"": 5}",outputs/attacks/pgd_face/images/Donald_Rumsfeld_0074_to_George_W_Bush_eps0.030_a0.003_s10.jpg,/content/defense_results/adv_training/best_adv.pt,3,2,Donald_Rumsfeld,3,2,True,False,True,0.999977707862854,0.002797522582113743,0.9921332597732544,0.006719013000292762,ok
atk_68c52f09dd4f,pgd,targeted_pgd,adv_training,"{""attack_family"": ""pgd"", ""mix_ratio"": 0.5, ""epochs"": 5}",outputs/attacks/pgd_face/images/Donald_Rumsfeld_0082_to_George_W_Bush_eps0.030_a0.003_s10.jpg,/content/defense_results/adv_training/best_adv.pt,3,2,Donald_Rumsfeld,3,2,True,False,True,0.9998810291290284,0.005834795068949461,0.9804301261901855,0.006907962999775918,ok
atk_6da36d501e47,pgd,targeted_pgd,adv_training,"{""attack_family"": ""pgd"", ""mix_ratio"": 0.5, ""epochs"": 5}",outputs/attacks/pgd_face/images/Donald_Rumsfeld_0090_to_George_W_Bush_eps0.030_a0.003_s10.jpg,/content/defense_results/adv_training/best_adv.pt,3,2,Donald_Rumsfeld,3,2,True,False,True,0.9999350309371948,0.005334075074642897,0.9865198135375977,0.006912013999681221,ok
atk_c25544769092,pgd,targeted_pgd,adv_training,"{""attack_family"": ""pgd"", ""mix_ratio"": 0.5, ""epochs"": 5}",outputs/attacks/pgd_face/images/Donald_Rumsfeld_0091_to_George_W_Bush_eps0.030_a0.003_s10.jpg,/content/defense_results/adv_training/best_adv.pt,3,2,Donald_Rumsfeld,3,2,True,False,True,0.9999632835388184,0.005625505466014147,0.9856588244438171,0.007101073999820073,ok
atk_0f6885dd9a6f,pgd,targeted_pgd,adv_training,"{""attack_family"": ""pgd"", ""mix_ratio"": 0.5, ""epochs"": 5}",outputs/attacks/pgd_face/images/Donald_Rumsfeld_0097_to_George_W_Bush_eps0.030_a0.003_s10.jpg,/content/defense_results/adv_training/best_adv.pt,3,2,Donald_Rumsfeld,3,2,True,False,True,0.9994076490402222,0.0030074927490204573,0.9919730424880981,0.006773812999654183,ok
atk_12d50313dc92,pgd,targeted_pgd,adv_training,"{""attack_family"": ""pgd"", ""mix_ratio"": 0.5, ""epochs"": 5}",outputs/attacks/pgd_face/images/George_W_Bush_0004_to_Gerhard_Schroeder_eps0.030_a0.003_s10.jpg,/content/defense_results/adv_training/best_adv.pt,4,3,George_W_Bush,4,3,True,False,True,0.9967441558837892,0.000475861452287063,0.9985625147819519,0.0076249999997344275,ok
atk_e193b8e4331b,pgd,targeted_pgd,adv_training,"{""attack_family"": ""pgd"", ""mix_ratio"": 0.5, ""epochs"": 5}",outputs/attacks/pgd_face/images/George_W_Bush_0023_to_Gerhard_Schroeder_eps0.030_a0.003_s10.jpg,/content/defense_results/adv_training/best_adv.pt,4,3,George_W_Bush,4,3,True,False,True,0.913657546043396,0.0024589698296040297,0.9895143508911133,0.007299621999663941,ok
atk_24fc8e14e260,pgd,targeted_pgd,adv_training,"{""attack_family"": ""pgd"", ""mix_ratio"": 0.5, ""epochs"": 5}",outputs/attacks/pgd_face/images/George_W_Bush_0024_to_Gerhard_Schroeder_eps0.030_a0.003_s10.jpg,/content/defense_results/adv_training/best_adv.pt,4,3,George_W_Bush,4,3,True,False,True,0.9944581985473632,0.0014757654862478375,0.9959964752197266,0.007513169000048947,ok
atk_04d3fbc7d0ad,pgd,targeted_pgd,adv_training,"{""attack_family"": ""pgd"", ""mix_ratio"": 0.5, ""epochs"": 5}",outputs/attacks/pgd_face/images/George_W_Bush_0026_to_Gerhard_Schroeder_eps0.030_a0.003_s10.jpg,/content/defense_results/adv_training/best_adv.pt,4,3,George_W_Bush,4,3,True,False,True,0.9976525902748108,0.0003896531125064939,0.9990386962890625,0.007249413999943499,ok
atk_e38be097d990,pgd,targeted_pgd,adv_training,"{""attack_family"": ""pgd"", ""mix_ratio"": 0.5, ""epochs"": 5}",outputs/attacks/pgd_face/images/George_W_Bush_0028_to_Gerhard_Schroeder_eps0.030_a0.003_s10.jpg,/content/defense_results/adv_training/best_adv.pt,4,3,George_W_Bush,4,3,True,False,True,0.9804538488388062,0.00043635637848638,0.9966118931770325,0.007045410000046104,ok
atk_34d3d9633b9a,pgd,targeted_pgd,adv_training,"{""attack_family"": ""pgd"", ""mix_ratio"": 0.5, ""epochs"": 5}",outputs/attacks/pgd_face/images/George_W_Bush_0031_to_Gerhard_Schroeder_eps0.030_a0.003_s10.jpg,/content/defense_results/adv_training/best_adv.pt,4,3,George_W_Bush,4,3,True,False,True,0.9997666478157043,0.0004504723474383354,0.9993541836738586,0.006937466000181303,ok
atk_663dc1710ee3,pgd,targeted_pgd,adv_training,"{""attack_family"": ""pgd"", ""mix_ratio"": 0.5, ""epochs"": 5}",outputs/attacks/pgd_face/images/George_W_Bush_0033_to_Gerhard_Schroeder_eps0.030_a0.003_s10.jpg,/content/defense_results/adv_training/best_adv.pt,4,3,George_W_Bush,4,3,True,False,True,0.9467048645019532,3.655944601632655e-05,0.999873161315918,0.007533002999934979,ok
atk_350481cb0d52,pgd,targeted_pgd,adv_training,"{""attack_family"": ""pgd"", ""mix_ratio"": 0.5, ""epochs"": 5}",outputs/attacks/pgd_face/images/George_W_Bush_0036_to_Gerhard_Schroeder_eps0.030_a0.003_s10.jpg,/content/defense_results/adv_training/best_adv.pt,4,3,George_W_Bush,4,3,True,False,True,0.9821248054504396,0.00016632003826089203,0.9993999004364014,0.007468587999937881,ok
atk_c87dbf5187a1,pgd,targeted_pgd,adv_training,"{""attack_family"": ""pgd"", ""mix_ratio"": 0.5, ""epochs"": 5}",outputs/attacks/pgd_face/images/George_W_Bush_0041_to_Gerhard_Schroeder_eps0.030_a0.003_s10.jpg,/content/defense_results/adv_training/best_adv.pt,4,3,George_W_Bush,4,3,True,False,True,0.9631735682487488,0.002327022375538945,0.992874264717102,0.00705582399996274,ok
atk_77a6bb3450f7,pgd,targeted_pgd,adv_training,"{""attack_family"": ""pgd"", ""mix_ratio"": 0.5, ""epochs"": 5}",outputs/attacks/pgd_face/images/George_W_Bush_0048_to_Gerhard_Schroeder_eps0.030_a0.003_s10.jpg,/content/defense_results/adv_training/best_adv.pt,4,3,George_W_Bush,4,3,True,False,True,0.9754315614700316,0.009805640205740929,0.9317085146903992,0.006923626000116201,ok
atk_2c834f4ddd63,pgd,targeted_pgd,adv_training,"{""attack_family"": ""pgd"", ""mix_ratio"": 0.5, ""epochs"": 5}",outputs/attacks/pgd_face/images/George_W_Bush_0050_to_Gerhard_Schroeder_eps0.030_a0.003_s10.jpg,/content/defense_results/adv_training/best_adv.pt,4,3,George_W_Bush,4,3,True,False,True,0.9832127690315248,0.0034410329535603523,0.9941380023956299,0.007408521999877848,ok
atk_2f1eb1ece305,pgd,targeted_pgd,adv_training,"{""attack_family"": ""pgd"", ""mix_ratio"": 0.5, ""epochs"": 5}",outputs/attacks/pgd_face/images/George_W_Bush_0052_to_Gerhard_Schroeder_eps0.030_a0.003_s10.jpg,/content/defense_results/adv_training/best_adv.pt,4,3,George_W_Bush,4,3,True,False,True,0.9479165077209472,0.00192588334903121,0.990019679069519,0.007339877000049455,ok
atk_b2c83730a320,pgd,targeted_pgd,adv_training,"{""attack_family"": ""pgd"", ""mix_ratio"": 0.5, ""epochs"": 5}",outputs/attacks/pgd_face/images/George_W_Bush_0053_to_Gerhard_Schroeder_eps0.030_a0.003_s10.jpg,/content/defense_results/adv_training/best_adv.pt,4,3,George_W_Bush,4,3,True,False,True,0.997752606868744,3.1454972486244515e-05,0.9998334646224976,0.007279461000052834,ok
atk_63d92729c306,pgd,targeted_pgd,adv_training,"{""attack_family"": ""pgd"", ""mix_ratio"": 0.5, ""epochs"": 5}",outputs/attacks/pgd_face/images/George_W_Bush_0064_to_Gerhard_Schroeder_eps0.030_a0.003_s10.jpg,/content/defense_results/adv_training/best_adv.pt,4,3,George_W_Bush,4,3,True,False,True,0.985267162322998,4.22956763941329e-05,0.9998682737350464,0.007249628999943525,ok
atk_69ce92af2c3a,pgd,targeted_pgd,adv_training,"{""attack_family"": ""pgd"", ""mix_ratio"": 0.5, ""epochs"": 5}",outputs/attacks/pgd_face/images/George_W_Bush_0080_to_Gerhard_Schroeder_eps0.030_a0.003_s10.jpg,/content/defense_results/adv_training/best_adv.pt,4,3,George_W_Bush,4,3,True,False,True,0.9879214763641356,6.872644007671624e-05,0.999769389629364,0.01016022499970859,ok
atk_1b067aee8af0,pgd,targeted_pgd,adv_training,"{""attack_family"": ""pgd"", ""mix_ratio"": 0.5, ""epochs"": 5}",outputs/attacks/pgd_face/images/George_W_Bush_0082_to_Gerhard_Schroeder_eps0.030_a0.003_s10.jpg,/content/defense_results/adv_training/best_adv.pt,4,3,George_W_Bush,4,3,True,False,True,0.9907061457633972,0.000528619741089642,0.9991722106933594,0.009745275999648584,ok
atk_02f4fdd38a1f,pgd,targeted_pgd,adv_training,"{""attack_family"": ""pgd"", ""mix_ratio"": 0.5, ""epochs"": 5}",outputs/attacks/pgd_face/images/George_W_Bush_0090_to_Gerhard_Schroeder_eps0.030_a0.003_s10.jpg,/content/defense_results/adv_training/best_adv.pt,4,3,George_W_Bush,4,3,True,False,True,0.9941726326942444,0.007897531613707542,0.9855839014053345,0.007098620999840932,ok
atk_baa764a51eca,pgd,targeted_pgd,adv_training,"{""attack_family"": ""pgd"", ""mix_ratio"": 0.5, ""epochs"": 5}",outputs/attacks/pgd_face/images/George_W_Bush_0096_to_Gerhard_Schroeder_eps0.030_a0.003_s10.jpg,/content/defense_results/adv_training/best_adv.pt,4,3,George_W_Bush,4,3,True,False,True,0.9942071437835692,0.0025429867673665285,0.9571566581726074,0.006782103999739775,ok
atk_07ec2aca1d47,pgd,targeted_pgd,adv_training,"{""attack_family"": ""pgd"", ""mix_ratio"": 0.5, ""epochs"": 5}",outputs/attacks/pgd_face/images/George_W_Bush_0099_to_Gerhard_Schroeder_eps0.030_a0.003_s10.jpg,/content/defense_results/adv_training/best_adv.pt,4,3,George_W_Bush,4,3,True,False,True,0.9918013215065002,5.809666618006304e-05,0.9998564720153809,0.0067441689998304355,ok
atk_c01cc801c82f,pgd,targeted_pgd,adv_training,"{""attack_family"": ""pgd"", ""mix_ratio"": 0.5, ""epochs"": 5}",outputs/attacks/pgd_face/images/George_W_Bush_0105_to_Gerhard_Schroeder_eps0.030_a0.003_s10.jpg,/content/defense_results/adv_training/best_adv.pt,4,3,George_W_Bush,4,3,True,False,True,0.991685390472412,5.8898447605315596e-05,0.9998251795768738,0.006997541000146157,ok
atk_ce9c7543faa8,pgd,targeted_pgd,adv_training,"{""attack_family"": ""pgd"", ""mix_ratio"": 0.5, ""epochs"": 5}",outputs/attacks/pgd_face/images/George_W_Bush_0111_to_Gerhard_Schroeder_eps0.030_a0.003_s10.jpg,/content/defense_results/adv_training/best_adv.pt,4,3,George_W_Bush,4,3,True,False,True,0.9835988283157348,0.00026308532687835395,0.9993434548377991,0.006888290000006236,ok
atk_b7aa1a6d441d,pgd,targeted_pgd,adv_training,"{""attack_family"": ""pgd"", ""mix_ratio"": 0.5, ""epochs"": 5}",outputs/attacks/pgd_face/images/George_W_Bush_0115_to_Gerhard_Schroeder_eps0.030_a0.003_s10.jpg,/content/defense_results/adv_training/best_adv.pt,4,3,George_W_Bush,4,3,True,False,True,0.9745513796806335,8.629247167846188e-05,0.9996365308761597,0.006762291000086407,ok
atk_196a0203dac1,pgd,targeted_pgd,adv_training,"{""attack_family"": ""pgd"", ""mix_ratio"": 0.5, ""epochs"": 5}",outputs/attacks/pgd_face/images/George_W_Bush_0117_to_Gerhard_Schroeder_eps0.030_a0.003_s10.jpg,/content/defense_results/adv_training/best_adv.pt,4,3,George_W_Bush,4,3,True,False,True,0.931881308555603,0.0010232093045488,0.9910785555839539,0.006929771000159235,ok
atk_e3928f713a8e,pgd,targeted_pgd,adv_training,"{""attack_family"": ""pgd"", ""mix_ratio"": 0.5, ""epochs"": 5}",outputs/attacks/pgd_face/images/George_W_Bush_0120_to_Gerhard_Schroeder_eps0.030_a0.003_s10.jpg,/content/defense_results/adv_training/best_adv.pt,4,3,George_W_Bush,4,3,True,False,True,0.9886431097984314,0.0007139321533031762,0.9959709048271179,0.006894844999806082,ok
atk_aed05fc944b1,pgd,targeted_pgd,adv_training,"{""attack_family"": ""pgd"", ""mix_ratio"": 0.5, ""epochs"": 5}",outputs/attacks/pgd_face/images/George_W_Bush_0136_to_Gerhard_Schroeder_eps0.030_a0.003_s10.jpg,/content/defense_results/adv_training/best_adv.pt,4,3,George_W_Bush,4,3,True,False,True,0.9574482440948486,0.0002452838234603405,0.9992340803146362,0.006872744999782299,ok
atk_82e7d7b17a20,pgd,targeted_pgd,adv_training,"{""attack_family"": ""pgd"", ""mix_ratio"": 0.5, ""epochs"": 5}",outputs/attacks/pgd_face/images/George_W_Bush_0149_to_Gerhard_Schroeder_eps0.030_a0.003_s10.jpg,/content/defense_results/adv_training/best_adv.pt,4,3,George_W_Bush,4,3,True,False,True,0.986586093902588,3.1367657356895506e-05,0.9999041557312012,0.008014236999770219,ok
atk_177929280e93,pgd,targeted_pgd,adv_training,"{""attack_family"": ""pgd"", ""mix_ratio"": 0.5, ""epochs"": 5}",outputs/attacks/pgd_face/images/George_W_Bush_0151_to_Gerhard_Schroeder_eps0.030_a0.003_s10.jpg,/content/defense_results/adv_training/best_adv.pt,4,3,George_W_Bush,4,3,True,False,True,0.999702513217926,0.0005375887849368155,0.9985756874084473,0.007427488999837806,ok
atk_a4b62f5d9c70,pgd,targeted_pgd,adv_training,"{""attack_family"": ""pgd"", ""mix_ratio"": 0.5, ""epochs"": 5}",outputs/attacks/pgd_face/images/George_W_Bush_0173_to_Gerhard_Schroeder_eps0.030_a0.003_s10.jpg,/content/defense_results/adv_training/best_adv.pt,4,3,George_W_Bush,4,3,True,False,True,0.9610711932182312,6.674160249531269e-05,0.999769389629364,0.007604936000007001,ok
atk_025404d8e69e,pgd,targeted_pgd,adv_training,"{""attack_family"": ""pgd"", ""mix_ratio"": 0.5, ""epochs"": 5}",outputs/attacks/pgd_face/images/George_W_Bush_0175_to_Gerhard_Schroeder_eps0.030_a0.003_s10.jpg,/content/defense_results/adv_training/best_adv.pt,4,3,George_W_Bush,4,3,True,False,True,0.9772570133209229,0.0002112912043230608,0.9991738200187683,0.007213463999960368,ok
atk_8313fe74e922,pgd,targeted_pgd,adv_training,"{""attack_family"": ""pgd"", ""mix_ratio"": 0.5, ""epochs"": 5}",outputs/attacks/pgd_face/images/George_W_Bush_0177_to_Gerhard_Schroeder_eps0.030_a0.003_s10.jpg,/content/defense_results/adv_training/best_adv.pt,4,3,George_W_Bush,4,3,True,False,True,0.9978825449943542,0.00013151339953765273,0.9997239708900452,0.0070914950001679244,ok
atk_17f2bdf1ddba,pgd,targeted_pgd,adv_training,"{""attack_family"": ""pgd"", ""mix_ratio"": 0.5, ""epochs"": 5}",outputs/attacks/pgd_face/images/George_W_Bush_0184_to_Gerhard_Schroeder_eps0.030_a0.003_s10.jpg,/content/defense_results/adv_training/best_adv.pt,4,3,George_W_Bush,4,3,True,False,True,0.9873091578483582,0.0003311414329800755,0.9990955591201782,0.006946940000034374,ok
atk_fd2ebbc583d6,pgd,targeted_pgd,adv_training,"{""attack_family"": ""pgd"", ""mix_ratio"": 0.5, ""epochs"": 5}",outputs/attacks/pgd_face/images/George_W_Bush_0186_to_Gerhard_Schroeder_eps0.030_a0.003_s10.jpg,/content/defense_results/adv_training/best_adv.pt,4,3,George_W_Bush,4,3,True,False,True,0.9877194166183472,0.0022562050726264715,0.9788249135017395,0.007663400999717851,ok
atk_841cbd6a5718,pgd,targeted_pgd,adv_training,"{""attack_family"": ""pgd"", ""mix_ratio"": 0.5, ""epochs"": 5}",outputs/attacks/pgd_face/images/George_W_Bush_0194_to_Gerhard_Schroeder_eps0.030_a0.003_s10.jpg,/content/defense_results/adv_training/best_adv.pt,4,3,George_W_Bush,4,3,True,False,True,0.992683470249176,7.494181772926822e-05,0.9998177886009216,0.00872618599987618,ok
atk_7e6330cdce82,pgd,targeted_pgd,adv_training,"{""attack_family"": ""pgd"", ""mix_ratio"": 0.5, ""epochs"": 5}",outputs/attacks/pgd_face/images/George_W_Bush_0195_to_Gerhard_Schroeder_eps0.030_a0.003_s10.jpg,/content/defense_results/adv_training/best_adv.pt,4,3,George_W_Bush,4,3,True,False,True,0.9908661246299744,0.0005184439942240715,0.9982025623321533,0.007200791000286699,ok
atk_d057483967b7,pgd,targeted_pgd,adv_training,"{""attack_family"": ""pgd"", ""mix_ratio"": 0.5, ""epochs"": 5}",outputs/attacks/pgd_face/images/George_W_Bush_0204_to_Gerhard_Schroeder_eps0.030_a0.003_s10.jpg,/content/defense_results/adv_training/best_adv.pt,4,3,George_W_Bush,4,3,True,False,True,0.9849350452423096,0.0012939362786710262,0.9974902868270874,0.007041918000140868,ok
atk_fc0a3569b62c,pgd,targeted_pgd,adv_training,"{""attack_family"": ""pgd"", ""mix_ratio"": 0.5, ""epochs"": 5}",outputs/attacks/pgd_face/images/George_W_Bush_0217_to_Gerhard_Schroeder_eps0.030_a0.003_s10.jpg,/content/defense_results/adv_training/best_adv.pt,4,3,George_W_Bush,4,3,True,False,True,0.951756238937378,0.00014887136057950556,0.9996563196182251,0.0070041460003267275,ok
atk_223ce6c824e5,pgd,targeted_pgd,adv_training,"{""attack_family"": ""pgd"", ""mix_ratio"": 0.5, ""epochs"": 5}",outputs/attacks/pgd_face/images/George_W_Bush_0224_to_Gerhard_Schroeder_eps0.030_a0.003_s10.jpg,/content/defense_results/adv_training/best_adv.pt,4,3,George_W_Bush,4,3,True,False,True,0.9846641421318054,0.00015387681196443737,0.9991683959960938,0.007086255000103847,ok
atk_15b410a8df7e,pgd,targeted_pgd,adv_training,"{""attack_family"": ""pgd"", ""mix_ratio"": 0.5, ""epochs"": 5}",outputs/attacks/pgd_face/images/George_W_Bush_0226_to_Gerhard_Schroeder_eps0.030_a0.003_s10.jpg,/content/defense_results/adv_training/best_adv.pt,4,3,George_W_Bush,4,3,True,False,True,0.9945618510246276,4.5995995606062934e-05,0.9998658895492554,0.0068853239999953075,ok
atk_d25acf3ecdc4,pgd,targeted_pgd,adv_training,"{""attack_family"": ""pgd"", ""mix_ratio"": 0.5, ""epochs"": 5}",outputs/attacks/pgd_face/images/George_W_Bush_0229_to_Gerhard_Schroeder_eps0.030_a0.003_s10.jpg,/content/defense_results/adv_training/best_adv.pt,4,3,George_W_Bush,4,3,True,False,True,0.9844565987586976,9.76882001850754e-05,0.9997602105140686,0.0069477479996749025,ok
atk_380c99020cfe,pgd,targeted_pgd,adv_training,"{""attack_family"": ""pgd"", ""mix_ratio"": 0.5, ""epochs"": 5}",outputs/attacks/pgd_face/images/George_W_Bush_0233_to_Gerhard_Schroeder_eps0.030_a0.003_s10.jpg,/content/defense_results/adv_training/best_adv.pt,4,3,George_W_Bush,4,3,True,False,True,0.9980740547180176,0.00011703312338795513,0.999268114566803,0.007164291999743,ok
atk_0b875e4fe21c,pgd,targeted_pgd,adv_training,"{""attack_family"": ""pgd"", ""mix_ratio"": 0.5, ""epochs"": 5}",outputs/attacks/pgd_face/images/George_W_Bush_0236_to_Gerhard_Schroeder_eps0.030_a0.003_s10.jpg,/content/defense_results/adv_training/best_adv.pt,4,3,George_W_Bush,4,3,True,False,True,0.988493025302887,0.00023842343944124877,0.9993925094604492,0.010413451000204077,ok
atk_6b6e81779434,pgd,targeted_pgd,adv_training,"{""attack_family"": ""pgd"", ""mix_ratio"": 0.5, ""epochs"": 5}",outputs/attacks/pgd_face/images/George_W_Bush_0239_to_Gerhard_Schroeder_eps0.030_a0.003_s10.jpg,/content/defense_results/adv_training/best_adv.pt,4,3,George_W_Bush,4,3,True,False,True,0.986311137676239,0.000129997031763196,0.9995680451393127,0.0070929040002738475,ok
atk_565d56a37ce2,pgd,targeted_pgd,adv_training,"{""attack_family"": ""pgd"", ""mix_ratio"": 0.5, ""epochs"": 5}",outputs/attacks/pgd_face/images/George_W_Bush_0251_to_Gerhard_Schroeder_eps0.030_a0.003_s10.jpg,/content/defense_results/adv_training/best_adv.pt,4,3,George_W_Bush,4,3,True,False,True,0.9872042536735536,0.00037568245898000896,0.9991393089294434,0.006888916999741923,ok
atk_ed51445ff15f,pgd,targeted_pgd,adv_training,"{""attack_family"": ""pgd"", ""mix_ratio"": 0.5, ""epochs"": 5}",outputs/attacks/pgd_face/images/George_W_Bush_0275_to_Gerhard_Schroeder_eps0.030_a0.003_s10.jpg,/content/defense_results/adv_training/best_adv.pt,4,3,George_W_Bush,4,3,True,False,True,0.993345022201538,8.842394163366407e-05,0.9998574256896973,0.006839808999757224,ok
atk_ca22c9283442,pgd,targeted_pgd,adv_training,"{""attack_family"": ""pgd"", ""mix_ratio"": 0.5, ""epochs"": 5}",outputs/attacks/pgd_face/images/George_W_Bush_0282_to_Gerhard_Schroeder_eps0.030_a0.003_s10.jpg,/content/defense_results/adv_training/best_adv.pt,4,3,George_W_Bush,4,3,True,False,True,0.994667649269104,0.0004230432095937431,0.9991740584373474,0.006823815000188915,ok
atk_387dae48ed81,pgd,targeted_pgd,adv_training,"{""attack_family"": ""pgd"", ""mix_ratio"": 0.5, ""epochs"": 5}",outputs/attacks/pgd_face/images/George_W_Bush_0283_to_Gerhard_Schroeder_eps0.030_a0.003_s10.jpg,/content/defense_results/adv_training/best_adv.pt,4,4,Gerhard_Schroeder,4,3,True,True,False,0.9926665425300598,0.42306989431381226,0.2443627566099167,0.0070544860000154586,ok
atk_cfecc0d09938,pgd,targeted_pgd,adv_training,"{""attack_family"": ""pgd"", ""mix_ratio"": 0.5, ""epochs"": 5}",outputs/attacks/pgd_face/images/George_W_Bush_0296_to_Gerhard_Schroeder_eps0.030_a0.003_s10.jpg,/content/defense_results/adv_training/best_adv.pt,4,3,George_W_Bush,4,3,True,False,True,0.983250081539154,0.0005814347532577813,0.9979263544082642,0.007165210000039224,ok
atk_1bfaa85b530f,pgd,targeted_pgd,adv_training,"{""attack_family"": ""pgd"", ""mix_ratio"": 0.5, ""epochs"": 5}",outputs/attacks/pgd_face/images/George_W_Bush_0302_to_Gerhard_Schroeder_eps0.030_a0.003_s10.jpg,/content/defense_results/adv_training/best_adv.pt,4,3,George_W_Bush,4,3,True,False,True,0.9971296191215516,0.00019710259221028537,0.9994334578514099,0.006854543999907037,ok
atk_b065ae5bb8a6,pgd,targeted_pgd,adv_training,"{""attack_family"": ""pgd"", ""mix_ratio"": 0.5, ""epochs"": 5}",outputs/attacks/pgd_face/images/George_W_Bush_0310_to_Gerhard_Schroeder_eps0.030_a0.003_s10.jpg,/content/defense_results/adv_training/best_adv.pt,4,3,George_W_Bush,4,3,True,False,True,0.9067563414573668,6.71657471684739e-05,0.9997804760932922,0.006876047000332619,ok
atk_676a7d36461b,pgd,targeted_pgd,adv_training,"{""attack_family"": ""pgd"", ""mix_ratio"": 0.5, ""epochs"": 5}",outputs/attacks/pgd_face/images/George_W_Bush_0317_to_Gerhard_Schroeder_eps0.030_a0.003_s10.jpg,/content/defense_results/adv_training/best_adv.pt,4,3,George_W_Bush,4,3,True,False,True,0.9862261414527892,0.00047198220272548497,0.9980641007423401,0.006990630999553105,ok
atk_c090e3052831,pgd,targeted_pgd,adv_training,"{""attack_family"": ""pgd"", ""mix_ratio"": 0.5, ""epochs"": 5}",outputs/attacks/pgd_face/images/George_W_Bush_0322_to_Gerhard_Schroeder_eps0.030_a0.003_s10.jpg,/content/defense_results/adv_training/best_adv.pt,4,3,George_W_Bush,4,3,True,False,True,0.930555522441864,0.010014669969677925,0.9652066230773926,0.007137679000152275,ok
atk_7dde8d5b2efe,pgd,targeted_pgd,adv_training,"{""attack_family"": ""pgd"", ""mix_ratio"": 0.5, ""epochs"": 5}",outputs/attacks/pgd_face/images/George_W_Bush_0326_to_Gerhard_Schroeder_eps0.030_a0.003_s10.jpg,/content/defense_results/adv_training/best_adv.pt,4,3,George_W_Bush,4,3,True,False,True,0.9921633005142212,0.00042028474854305387,0.9986238479614258,0.006713150999985373,ok
atk_fadb9ecf241b,pgd,targeted_pgd,adv_training,"{""attack_family"": ""pgd"", ""mix_ratio"": 0.5, ""epochs"": 5}",outputs/attacks/pgd_face/images/George_W_Bush_0339_to_Gerhard_Schroeder_eps0.030_a0.003_s10.jpg,/content/defense_results/adv_training/best_adv.pt,4,3,George_W_Bush,4,3,True,False,True,0.994442880153656,0.00040303770219907165,0.9988678693771362,0.006832700999893859,ok
atk_cc009d888920,pgd,targeted_pgd,adv_training,"{""attack_family"": ""pgd"", ""mix_ratio"": 0.5, ""epochs"": 5}",outputs/attacks/pgd_face/images/George_W_Bush_0358_to_Gerhard_Schroeder_eps0.030_a0.003_s10.jpg,/content/defense_results/adv_training/best_adv.pt,4,3,George_W_Bush,4,3,True,False,True,0.996302843093872,0.0004983693361282349,0.9969973564147949,0.006715612999869336,ok
atk_8aa5b32c5c87,pgd,targeted_pgd,adv_training,"{""attack_family"": ""pgd"", ""mix_ratio"": 0.5, ""epochs"": 5}",outputs/attacks/pgd_face/images/George_W_Bush_0361_to_Gerhard_Schroeder_eps0.030_a0.003_s10.jpg,/content/defense_results/adv_training/best_adv.pt,4,3,George_W_Bush,4,3,True,False,True,0.979790985584259,0.0002701195771805942,0.9991481304168701,0.007015635999778169,ok
atk_215a3fc91cbc,pgd,targeted_pgd,adv_training,"{""attack_family"": ""pgd"", ""mix_ratio"": 0.5, ""epochs"": 5}",outputs/attacks/pgd_face/images/George_W_Bush_0374_to_Gerhard_Schroeder_eps0.030_a0.003_s10.jpg,/content/defense_results/adv_training/best_adv.pt,4,3,George_W_Bush,4,3,True,False,True,0.9574283361434937,4.798695590579882e-05,0.9998346567153931,0.006888971000080346,ok
atk_9180e7bc7e55,pgd,targeted_pgd,adv_training,"{""attack_family"": ""pgd"", ""mix_ratio"": 0.5, ""epochs"": 5}",outputs/attacks/pgd_face/images/George_W_Bush_0389_to_Gerhard_Schroeder_eps0.030_a0.003_s10.jpg,/content/defense_results/adv_training/best_adv.pt,4,3,George_W_Bush,4,3,True,False,True,0.9261922240257264,3.294026100775227e-05,0.9998428821563721,0.006817343999955483,ok
atk_56bf1a6d517c,pgd,targeted_pgd,adv_training,"{""attack_family"": ""pgd"", ""mix_ratio"": 0.5, ""epochs"": 5}",outputs/attacks/pgd_face/images/George_W_Bush_0391_to_Gerhard_Schroeder_eps0.030_a0.003_s10.jpg,/content/defense_results/adv_training/best_adv.pt,4,3,George_W_Bush,4,3,True,False,True,0.976509928703308,0.0001114344340749085,0.9997171759605408,0.006730810000135534,ok
atk_02b536c8c278,pgd,targeted_pgd,adv_training,"{""attack_family"": ""pgd"", ""mix_ratio"": 0.5, ""epochs"": 5}",outputs/attacks/pgd_face/images/George_W_Bush_0396_to_Gerhard_Schroeder_eps0.030_a0.003_s10.jpg,/content/defense_results/adv_training/best_adv.pt,4,3,George_W_Bush,4,3,True,False,True,0.9529622197151184,0.0006502899923361838,0.9978209733963013,0.006880747000195697,ok
atk_859d46b9c73c,pgd,targeted_pgd,adv_training,"{""attack_family"": ""pgd"", ""mix_ratio"": 0.5, ""epochs"": 5}",outputs/attacks/pgd_face/images/George_W_Bush_0413_to_Gerhard_Schroeder_eps0.030_a0.003_s10.jpg,/content/defense_results/adv_training/best_adv.pt,4,3,George_W_Bush,4,3,True,False,True,0.9937435984611512,3.375185406184755e-05,0.999920129776001,0.006863054999939777,ok
atk_17924e5adfda,pgd,targeted_pgd,adv_training,"{""attack_family"": ""pgd"", ""mix_ratio"": 0.5, ""epochs"": 5}",outputs/attacks/pgd_face/images/George_W_Bush_0414_to_Gerhard_Schroeder_eps0.030_a0.003_s10.jpg,/content/defense_results/adv_training/best_adv.pt,4,3,George_W_Bush,4,3,True,False,True,0.9469414949417114,0.00015868907212279737,0.9991611242294312,0.006962427999951615,ok
atk_4ae7bd8ab81e,pgd,targeted_pgd,adv_training,"{""attack_family"": ""pgd"", ""mix_ratio"": 0.5, ""epochs"": 5}",outputs/attacks/pgd_face/images/George_W_Bush_0415_to_Gerhard_Schroeder_eps0.030_a0.003_s10.jpg,/content/defense_results/adv_training/best_adv.pt,4,3,George_W_Bush,4,3,True,False,True,0.868151068687439,4.346053538029082e-05,0.9998712539672852,0.006846567999673425,ok
atk_ce37c6c3f974,pgd,targeted_pgd,adv_training,"{""attack_family"": ""pgd"", ""mix_ratio"": 0.5, ""epochs"": 5}",outputs/attacks/pgd_face/images/George_W_Bush_0425_to_Gerhard_Schroeder_eps0.030_a0.003_s10.jpg,/content/defense_results/adv_training/best_adv.pt,4,3,George_W_Bush,4,3,True,False,True,0.9939508438110352,0.00039070771890692413,0.9983910322189331,0.006734433000019635,ok
atk_dc6a42c08d4b,pgd,targeted_pgd,adv_training,"{""attack_family"": ""pgd"", ""mix_ratio"": 0.5, ""epochs"": 5}",outputs/attacks/pgd_face/images/George_W_Bush_0430_to_Gerhard_Schroeder_eps0.030_a0.003_s10.jpg,/content/defense_results/adv_training/best_adv.pt,4,3,George_W_Bush,4,3,True,False,True,0.9959203004837036,0.012429320253431797,0.9828014969825745,0.006822213999839732,ok
atk_5e0251c31e52,pgd,targeted_pgd,adv_training,"{""attack_family"": ""pgd"", ""mix_ratio"": 0.5, ""epochs"": 5}",outputs/attacks/pgd_face/images/George_W_Bush_0433_to_Gerhard_Schroeder_eps0.030_a0.003_s10.jpg,/content/defense_results/adv_training/best_adv.pt,4,3,George_W_Bush,4,3,True,False,True,0.97303706407547,0.0009626081446185708,0.9964016675949097,0.006746358999862423,ok
atk_c42447f9a94b,pgd,targeted_pgd,adv_training,"{""attack_family"": ""pgd"", ""mix_ratio"": 0.5, ""epochs"": 5}",outputs/attacks/pgd_face/images/George_W_Bush_0434_to_Gerhard_Schroeder_eps0.030_a0.003_s10.jpg,/content/defense_results/adv_training/best_adv.pt,4,3,George_W_Bush,4,3,True,False,True,0.9965586066246032,0.0016660640249028802,0.9957877993583679,0.0067013289999522385,ok
atk_c97fec4d9472,pgd,targeted_pgd,adv_training,"{""attack_family"": ""pgd"", ""mix_ratio"": 0.5, ""epochs"": 5}",outputs/attacks/pgd_face/images/George_W_Bush_0438_to_Gerhard_Schroeder_eps0.030_a0.003_s10.jpg,/content/defense_results/adv_training/best_adv.pt,4,3,George_W_Bush,4,3,True,False,True,0.9706642031669616,0.00021290771837811917,0.9995567202568054,0.006822257999829162,ok
atk_41833692e160,pgd,targeted_pgd,adv_training,"{""attack_family"": ""pgd"", ""mix_ratio"": 0.5, ""epochs"": 5}",outputs/attacks/pgd_face/images/George_W_Bush_0442_to_Gerhard_Schroeder_eps0.030_a0.003_s10.jpg,/content/defense_results/adv_training/best_adv.pt,4,3,George_W_Bush,4,3,True,False,True,0.9941434264183044,0.00629537645727396,0.9911733269691467,0.006926222000402049,ok
atk_813bd0c264f2,pgd,targeted_pgd,adv_training,"{""attack_family"": ""pgd"", ""mix_ratio"": 0.5, ""epochs"": 5}",outputs/attacks/pgd_face/images/George_W_Bush_0444_to_Gerhard_Schroeder_eps0.030_a0.003_s10.jpg,/content/defense_results/adv_training/best_adv.pt,4,3,George_W_Bush,4,3,True,False,True,0.9835139513015748,0.0003522550978232175,0.9991784691810608,0.006833894999999757,ok
atk_25a00fffc049,pgd,targeted_pgd,adv_training,"{""attack_family"": ""pgd"", ""mix_ratio"": 0.5, ""epochs"": 5}",outputs/attacks/pgd_face/images/George_W_Bush_0446_to_Gerhard_Schroeder_eps0.030_a0.003_s10.jpg,/content/defense_results/adv_training/best_adv.pt,4,3,George_W_Bush,4,3,True,False,True,0.9951202273368835,8.635479025542736e-05,0.9997147917747498,0.007602549999774055,ok
atk_c139b9fab806,pgd,targeted_pgd,adv_training,"{""attack_family"": ""pgd"", ""mix_ratio"": 0.5, ""epochs"": 5}",outputs/attacks/pgd_face/images/George_W_Bush_0454_to_Gerhard_Schroeder_eps0.030_a0.003_s10.jpg,/content/defense_results/adv_training/best_adv.pt,4,3,George_W_Bush,4,3,True,False,True,0.993889570236206,0.00014038977678865194,0.9995824694633484,0.0069437340002878045,ok
atk_f3743ad9048d,pgd,targeted_pgd,adv_training,"{""attack_family"": ""pgd"", ""mix_ratio"": 0.5, ""epochs"": 5}",outputs/attacks/pgd_face/images/George_W_Bush_0460_to_Gerhard_Schroeder_eps0.030_a0.003_s10.jpg,/content/defense_results/adv_training/best_adv.pt,4,3,George_W_Bush,4,3,True,False,True,0.992723286151886,0.00023789862461853772,0.9994262456893921,0.006909058000019286,ok
atk_5430341fc470,pgd,targeted_pgd,adv_training,"{""attack_family"": ""pgd"", ""mix_ratio"": 0.5, ""epochs"": 5}",outputs/attacks/pgd_face/images/George_W_Bush_0473_to_Gerhard_Schroeder_eps0.030_a0.003_s10.jpg,/content/defense_results/adv_training/best_adv.pt,4,3,George_W_Bush,4,3,True,False,True,0.9705014824867249,3.398238914087415e-05,0.999819815158844,0.006844901000022219,ok
atk_0febaa9b9d9e,pgd,targeted_pgd,adv_training,"{""attack_family"": ""pgd"", ""mix_ratio"": 0.5, ""epochs"": 5}",outputs/attacks/pgd_face/images/George_W_Bush_0477_to_Gerhard_Schroeder_eps0.030_a0.003_s10.jpg,/content/defense_results/adv_training/best_adv.pt,4,3,George_W_Bush,4,3,True,False,True,0.975060224533081,0.0020114846993237734,0.992298424243927,0.006916244999956689,ok
atk_d1fc423bab09,pgd,targeted_pgd,adv_training,"{""attack_family"": ""pgd"", ""mix_ratio"": 0.5, ""epochs"": 5}",outputs/attacks/pgd_face/images/George_W_Bush_0491_to_Gerhard_Schroeder_eps0.030_a0.003_s10.jpg,/content/defense_results/adv_training/best_adv.pt,4,3,George_W_Bush,4,3,True,False,True,0.9642407298088074,0.0006888590287417173,0.9974400997161865,0.007232120000026043,ok
atk_d83607085324,pgd,targeted_pgd,adv_training,"{""attack_family"": ""pgd"", ""mix_ratio"": 0.5, ""epochs"": 5}",outputs/attacks/pgd_face/images/George_W_Bush_0492_to_Gerhard_Schroeder_eps0.030_a0.003_s10.jpg,/content/defense_results/adv_training/best_adv.pt,4,3,George_W_Bush,4,3,True,False,True,0.995001256465912,0.0005970682832412422,0.9982414245605469,0.006812614999944344,ok
atk_e821f7cf32f2,pgd,targeted_pgd,adv_training,"{""attack_family"": ""pgd"", ""mix_ratio"": 0.5, ""epochs"": 5}",outputs/attacks/pgd_face/images/George_W_Bush_0500_to_Gerhard_Schroeder_eps0.030_a0.003_s10.jpg,/content/defense_results/adv_training/best_adv.pt,4,3,George_W_Bush,4,3,True,False,True,0.9946331977844238,5.5712680477881804e-05,0.9998480081558228,0.006973028000174963,ok
atk_1bffe30af805,pgd,targeted_pgd,adv_training,"{""attack_family"": ""pgd"", ""mix_ratio"": 0.5, ""epochs"": 5}",outputs/attacks/pgd_face/images/George_W_Bush_0510_to_Gerhard_Schroeder_eps0.030_a0.003_s10.jpg,/content/defense_results/adv_training/best_adv.pt,4,3,George_W_Bush,4,3,True,False,True,0.9775999188423156,0.0015811417251825333,0.9945046305656433,0.007128969999939727,ok
atk_cab6ff6f529d,pgd,targeted_pgd,adv_training,"{""attack_family"": ""pgd"", ""mix_ratio"": 0.5, ""epochs"": 5}",outputs/attacks/pgd_face/images/George_W_Bush_0525_to_Gerhard_Schroeder_eps0.030_a0.003_s10.jpg,/content/defense_results/adv_training/best_adv.pt,4,3,George_W_Bush,4,3,True,False,True,0.9878923892974854,0.00048096987302415073,0.9987908005714417,0.007007952999629197,ok
atk_69c60a5f0b27,pgd,targeted_pgd,adv_training,"{""attack_family"": ""pgd"", ""mix_ratio"": 0.5, ""epochs"": 5}",outputs/attacks/pgd_face/images/Gerhard_Schroeder_0006_to_Hugo_Chavez_eps0.030_a0.003_s10.jpg,/content/defense_results/adv_training/best_adv.pt,5,4,Gerhard_Schroeder,5,4,True,False,True,0.9784260392189026,0.0006955172284506261,0.9986477494239807,0.007070871999985684,ok
atk_921da291be88,pgd,targeted_pgd,adv_training,"{""attack_family"": ""pgd"", ""mix_ratio"": 0.5, ""epochs"": 5}",outputs/attacks/pgd_face/images/Gerhard_Schroeder_0012_to_Hugo_Chavez_eps0.030_a0.003_s10.jpg,/content/defense_results/adv_training/best_adv.pt,5,4,Gerhard_Schroeder,5,4,True,False,True,0.9893559813499452,0.0017547844909131527,0.9972425699234009,0.00683320600001025,ok
atk_b5e4f837651f,pgd,targeted_pgd,adv_training,"{""attack_family"": ""pgd"", ""mix_ratio"": 0.5, ""epochs"": 5}",outputs/attacks/pgd_face/images/Gerhard_Schroeder_0024_to_Hugo_Chavez_eps0.030_a0.003_s10.jpg,/content/defense_results/adv_training/best_adv.pt,5,4,Gerhard_Schroeder,5,4,True,False,True,0.9988849759101868,0.002206164412200451,0.996222972869873,0.00705192099985652,ok
atk_5df393ff671a,pgd,targeted_pgd,adv_training,"{""attack_family"": ""pgd"", ""mix_ratio"": 0.5, ""epochs"": 5}",outputs/attacks/pgd_face/images/Gerhard_Schroeder_0036_to_Hugo_Chavez_eps0.030_a0.003_s10.jpg,/content/defense_results/adv_training/best_adv.pt,5,4,Gerhard_Schroeder,5,4,True,False,True,0.9735032916069032,0.001493356772698462,0.9953030347824097,0.006860764999601088,ok
atk_fc829f4cd54b,pgd,targeted_pgd,adv_training,"{""attack_family"": ""pgd"", ""mix_ratio"": 0.5, ""epochs"": 5}",outputs/attacks/pgd_face/images/Gerhard_Schroeder_0067_to_Hugo_Chavez_eps0.030_a0.003_s10.jpg,/content/defense_results/adv_training/best_adv.pt,5,4,Gerhard_Schroeder,5,4,True,False,True,0.997996747493744,0.001752396347001195,0.9963034391403198,0.008670153000366554,ok
atk_6d13194d70de,pgd,targeted_pgd,adv_training,"{""attack_family"": ""pgd"", ""mix_ratio"": 0.5, ""epochs"": 5}",outputs/attacks/pgd_face/images/Gerhard_Schroeder_0082_to_Hugo_Chavez_eps0.030_a0.003_s10.jpg,/content/defense_results/adv_training/best_adv.pt,5,4,Gerhard_Schroeder,5,4,True,False,True,0.9825024604797364,0.0017454000189900398,0.9954735636711121,0.007021251999958622,ok
atk_1d8c6662a70b,pgd,targeted_pgd,adv_training,"{""attack_family"": ""pgd"", ""mix_ratio"": 0.5, ""epochs"": 5}",outputs/attacks/pgd_face/images/Gerhard_Schroeder_0084_to_Hugo_Chavez_eps0.030_a0.003_s10.jpg,/content/defense_results/adv_training/best_adv.pt,5,4,Gerhard_Schroeder,5,4,True,False,True,0.9991705417633056,0.0014155532699078321,0.9945770502090454,0.006838666000021476,ok
atk_9ac31dc7f412,pgd,targeted_pgd,adv_training,"{""attack_family"": ""pgd"", ""mix_ratio"": 0.5, ""epochs"": 5}",outputs/attacks/pgd_face/images/Hugo_Chavez_0032_to_Jean_Chretien_eps0.030_a0.003_s10.jpg,/content/defense_results/adv_training/best_adv.pt,6,5,Hugo_Chavez,6,5,True,False,True,0.8876472115516663,0.00020059815142303705,0.9653910398483276,0.006859895000161487,ok
atk_0a78d5b2bdca,pgd,targeted_pgd,adv_training,"{""attack_family"": ""pgd"", ""mix_ratio"": 0.5, ""epochs"": 5}",outputs/attacks/pgd_face/images/Hugo_Chavez_0038_to_Jean_Chretien_eps0.030_a0.003_s10.jpg,/content/defense_results/adv_training/best_adv.pt,6,5,Hugo_Chavez,6,5,True,False,True,0.8533873558044434,0.0015659749042242765,0.7862619161605835,0.006725222999648395,ok
atk_abd408e96527,pgd,targeted_pgd,adv_training,"{""attack_family"": ""pgd"", ""mix_ratio"": 0.5, ""epochs"": 5}",outputs/attacks/pgd_face/images/Hugo_Chavez_0048_to_Jean_Chretien_eps0.030_a0.003_s10.jpg,/content/defense_results/adv_training/best_adv.pt,6,5,Hugo_Chavez,6,5,True,False,True,0.9197269678115844,0.00021225446835160255,0.9786596894264221,0.007003922999956558,ok
atk_6cff78b32bf6,pgd,targeted_pgd,adv_training,"{""attack_family"": ""pgd"", ""mix_ratio"": 0.5, ""epochs"": 5}",outputs/attacks/pgd_face/images/Hugo_Chavez_0051_to_Jean_Chretien_eps0.030_a0.003_s10.jpg,/content/defense_results/adv_training/best_adv.pt,6,5,Hugo_Chavez,6,5,True,False,True,0.8714951276779175,0.0006497526192106307,0.8955259323120117,0.006829049999851122,ok
atk_9e900fc2f388,pgd,targeted_pgd,adv_training,"{""attack_family"": ""pgd"", ""mix_ratio"": 0.5, ""epochs"": 5}",outputs/attacks/pgd_face/images/Hugo_Chavez_0053_to_Jean_Chretien_eps0.030_a0.003_s10.jpg,/content/defense_results/adv_training/best_adv.pt,6,5,Hugo_Chavez,6,5,True,False,True,0.8745464086532593,1.6600926755927503e-05,0.9966903924942017,0.006982031999996252,ok
atk_99be98c38a5c,pgd,targeted_pgd,adv_training,"{""attack_family"": ""pgd"", ""mix_ratio"": 0.5, ""epochs"": 5}",outputs/attacks/pgd_face/images/Hugo_Chavez_0056_to_Jean_Chretien_eps0.030_a0.003_s10.jpg,/content/defense_results/adv_training/best_adv.pt,6,5,Hugo_Chavez,6,5,True,False,True,0.9721808433532716,0.00015985063510015607,0.9870378971099854,0.006720218999817007,ok
atk_6c117e45747b,pgd,targeted_pgd,adv_training,"{""attack_family"": ""pgd"", ""mix_ratio"": 0.5, ""epochs"": 5}",outputs/attacks/pgd_face/images/John_Ashcroft_0026_to_Junichiro_Koizumi_eps0.030_a0.003_s10.jpg,/content/defense_results/adv_training/best_adv.pt,8,7,John_Ashcroft,8,7,True,False,True,0.992278218269348,0.00012091903772670776,0.996174693107605,0.006741871000031097,ok
atk_c1c9660972b6,pgd,targeted_pgd,adv_training,"{""attack_family"": ""pgd"", ""mix_ratio"": 0.5, ""epochs"": 5}",outputs/attacks/pgd_face/images/Junichiro_Koizumi_0017_to_Tony_Blair_eps0.030_a0.003_s10.jpg,/content/defense_results/adv_training/best_adv.pt,9,8,Junichiro_Koizumi,9,8,True,False,True,0.9992973804473876,0.0006938118021935225,0.9906954765319824,0.006963962000099855,ok
atk_37358a0ed5ec,pgd,targeted_pgd,adv_training,"{""attack_family"": ""pgd"", ""mix_ratio"": 0.5, ""epochs"": 5}",outputs/attacks/pgd_face/images/Junichiro_Koizumi_0040_to_Tony_Blair_eps0.030_a0.003_s10.jpg,/content/defense_results/adv_training/best_adv.pt,9,8,Junichiro_Koizumi,9,8,True,False,True,0.9955138564109802,0.0005044761346653104,0.9958069324493408,0.007056291000026249,ok
atk_8f52df9b5101,pgd,targeted_pgd,adv_training,"{""attack_family"": ""pgd"", ""mix_ratio"": 0.5, ""epochs"": 5}",outputs/attacks/pgd_face/images/Junichiro_Koizumi_0043_to_Tony_Blair_eps0.030_a0.003_s10.jpg,/content/defense_results/adv_training/best_adv.pt,9,8,Junichiro_Koizumi,9,8,True,False,True,0.9978014826774596,0.0008337978506460786,0.996142566204071,0.006747119999999995,ok
atk_42391aa32fc5,pgd,targeted_pgd,adv_training,"{""attack_family"": ""pgd"", ""mix_ratio"": 0.5, ""epochs"": 5}",outputs/attacks/pgd_face/images/Junichiro_Koizumi_0044_to_Tony_Blair_eps0.030_a0.003_s10.jpg,/content/defense_results/adv_training/best_adv.pt,9,8,Junichiro_Koizumi,9,8,True,False,True,0.9897164702415466,0.000822586240246892,0.9935792684555054,0.007438166000156343,ok
atk_9224963586a4,pgd,targeted_pgd,adv_training,"{""attack_family"": ""pgd"", ""mix_ratio"": 0.5, ""epochs"": 5}",outputs/attacks/pgd_face/images/Junichiro_Koizumi_0047_to_Tony_Blair_eps0.030_a0.003_s10.jpg,/content/defense_results/adv_training/best_adv.pt,9,8,Junichiro_Koizumi,9,8,True,False,True,0.9995214939117432,0.0014031787868589163,0.9890927076339722,0.007458081000095262,ok
atk_4446ff6c71cf,pgd,targeted_pgd,adv_training,"{""attack_family"": ""pgd"", ""mix_ratio"": 0.5, ""epochs"": 5}",outputs/attacks/pgd_face/images/Junichiro_Koizumi_0049_to_Tony_Blair_eps0.030_a0.003_s10.jpg,/content/defense_results/adv_training/best_adv.pt,9,8,Junichiro_Koizumi,9,8,True,False,True,0.9988517761230468,0.00032581310370005667,0.9978856444358826,0.007161546000133967,ok
atk_b501ee80c896,pgd,targeted_pgd,adv_training,"{""attack_family"": ""pgd"", ""mix_ratio"": 0.5, ""epochs"": 5}",outputs/attacks/pgd_face/images/Junichiro_Koizumi_0050_to_Tony_Blair_eps0.030_a0.003_s10.jpg,/content/defense_results/adv_training/best_adv.pt,9,8,Junichiro_Koizumi,9,8,True,False,True,0.9996612071990968,0.0011621213052421808,0.9922870397567749,0.0070939199999884295,ok
atk_4ecaba060829,pgd,targeted_pgd,adv_training,"{""attack_family"": ""pgd"", ""mix_ratio"": 0.5, ""epochs"": 5}",outputs/attacks/pgd_face/images/Tony_Blair_0007_to_Ariel_Sharon_eps0.030_a0.003_s10.jpg,/content/defense_results/adv_training/best_adv.pt,0,9,Tony_Blair,0,9,True,False,True,0.9990140199661256,0.00013105347170494497,0.9906615614891052,0.007061667000016314,ok
atk_5378955a47fe,pgd,targeted_pgd,adv_training,"{""attack_family"": ""pgd"", ""mix_ratio"": 0.5, ""epochs"": 5}",outputs/attacks/pgd_face/images/Tony_Blair_0020_to_Ariel_Sharon_eps0.030_a0.003_s10.jpg,/content/defense_results/adv_training/best_adv.pt,0,9,Tony_Blair,0,9,True,False,True,0.9976805448532104,0.0005661324830725789,0.9868867993354797,0.0072357120002379816,ok
atk_ae01ebad7c89,pgd,targeted_pgd,adv_training,"{""attack_family"": ""pgd"", ""mix_ratio"": 0.5, ""epochs"": 5}",outputs/attacks/pgd_face/images/Tony_Blair_0027_to_Ariel_Sharon_eps0.030_a0.003_s10.jpg,/content/defense_results/adv_training/best_adv.pt,0,9,Tony_Blair,0,9,True,False,True,0.9989445805549622,0.00011624180478975177,0.9948493838310242,0.007272112999999081,ok
atk_b28c6864b770,pgd,targeted_pgd,adv_training,"{""attack_family"": ""pgd"", ""mix_ratio"": 0.5, ""epochs"": 5}",outputs/attacks/pgd_face/images/Tony_Blair_0042_to_Ariel_Sharon_eps0.030_a0.003_s10.jpg,/content/defense_results/adv_training/best_adv.pt,0,9,Tony_Blair,0,9,True,False,True,0.9963904023170472,8.8287859398406e-05,0.9972320199012756,0.007423712999752752,ok
atk_3787e2b88ae5,pgd,targeted_pgd,adv_training,"{""attack_family"": ""pgd"", ""mix_ratio"": 0.5, ""epochs"": 5}",outputs/attacks/pgd_face/images/Tony_Blair_0043_to_Ariel_Sharon_eps0.030_a0.003_s10.jpg,/content/defense_results/adv_training/best_adv.pt,0,9,Tony_Blair,0,9,True,False,True,0.9952658414840698,0.0001155516438302584,0.9963380098342896,0.007200724999620434,ok
atk_86c0ecdccbaf,pgd,targeted_pgd,adv_training,"{""attack_family"": ""pgd"", ""mix_ratio"": 0.5, ""epochs"": 5}",outputs/attacks/pgd_face/images/Tony_Blair_0078_to_Ariel_Sharon_eps0.030_a0.003_s10.jpg,/content/defense_results/adv_training/best_adv.pt,0,9,Tony_Blair,0,9,True,False,True,0.9997045397758484,0.0003450766089372337,0.9897252321243286,0.00693561000025511,ok
atk_4a839b044c2b,pgd,targeted_pgd,adv_training,"{""attack_family"": ""pgd"", ""mix_ratio"": 0.5, ""epochs"": 5}",outputs/attacks/pgd_face/images/Tony_Blair_0080_to_Ariel_Sharon_eps0.030_a0.003_s10.jpg,/content/defense_results/adv_training/best_adv.pt,0,9,Tony_Blair,0,9,True,False,True,0.9997739195823668,0.0014854278415441513,0.9787476062774658,0.009623361000194564,ok
atk_7d5ba33dd592,pgd,targeted_pgd,adv_training,"{""attack_family"": ""pgd"", ""mix_ratio"": 0.5, ""epochs"": 5}",outputs/attacks/pgd_face/images/Tony_Blair_0088_to_Ariel_Sharon_eps0.030_a0.003_s10.jpg,/content/defense_results/adv_training/best_adv.pt,0,9,Tony_Blair,0,9,True,False,True,0.9988144636154176,6.321124601527117e-06,0.9992234706878662,0.00872038000034081,ok
atk_c20515062477,pgd,targeted_pgd,adv_training,"{""attack_family"": ""pgd"", ""mix_ratio"": 0.5, ""epochs"": 5}",outputs/attacks/pgd_face/images/Tony_Blair_0102_to_Ariel_Sharon_eps0.030_a0.003_s10.jpg,/content/defense_results/adv_training/best_adv.pt,0,9,Tony_Blair,0,9,True,False,True,0.999488115310669,4.0261915273731574e-05,0.9986364245414734,0.010014311000304588,ok
atk_339ea4c8c250,pgd,targeted_pgd,adv_training,"{""attack_family"": ""pgd"", ""mix_ratio"": 0.5, ""epochs"": 5}",outputs/attacks/pgd_face/images/Tony_Blair_0104_to_Ariel_Sharon_eps0.030_a0.003_s10.jpg,/content/defense_results/adv_training/best_adv.pt,0,9,Tony_Blair,0,9,True,False,True,0.9947733283042908,0.0007135060732252896,0.9801838994026184,0.011032617999717331,ok
atk_881ca7078e74,pgd,targeted_pgd,adv_training,"{""attack_family"": ""pgd"", ""mix_ratio"": 0.5, ""epochs"": 5}",outputs/attacks/pgd_face/images/Tony_Blair_0109_to_Ariel_Sharon_eps0.030_a0.003_s10.jpg,/content/defense_results/adv_training/best_adv.pt,0,9,Tony_Blair,0,9,True,False,True,0.9976394176483154,0.0005087285535410047,0.9933746457099915,0.010067406999951345,ok
atk_55b1c9e9a975,square,targeted_square,adv_training,"{""attack_family"": ""pgd"", ""mix_ratio"": 0.5, ""epochs"": 5}",outputs/attacks/square_face/images/Ariel_Sharon_0025_to_Colin_Powell_eps0.050_q300.jpg,/content/defense_results/adv_training/best_adv.pt,1,0,Ariel_Sharon,1,0,True,False,True,0.246735081076622,0.008192974142730236,0.9169887900352478,0.01059526700009883,ok
atk_d6ac1a3ac527,square,targeted_square,adv_training,"{""attack_family"": ""pgd"", ""mix_ratio"": 0.5, ""epochs"": 5}",outputs/attacks/square_face/images/Ariel_Sharon_0031_to_Colin_Powell_eps0.050_q300.jpg,/content/defense_results/adv_training/best_adv.pt,1,0,Ariel_Sharon,1,0,True,False,True,0.4343316256999969,0.026903348043560982,0.6721517443656921,0.007902006000222173,ok
atk_a86bbe2cbbf4,square,targeted_square,adv_training,"{""attack_family"": ""pgd"", ""mix_ratio"": 0.5, ""epochs"": 5}",outputs/attacks/square_face/images/Ariel_Sharon_0042_to_Colin_Powell_eps0.050_q300.jpg,/content/defense_results/adv_training/best_adv.pt,1,0,Ariel_Sharon,1,0,True,False,True,0.4528311192989349,0.0040285177528858185,0.970664381980896,0.0076863929998580716,ok
atk_dcccce6a3cc6,square,targeted_square,adv_training,"{""attack_family"": ""pgd"", ""mix_ratio"": 0.5, ""epochs"": 5}",outputs/attacks/square_face/images/Ariel_Sharon_0043_to_Colin_Powell_eps0.050_q300.jpg,/content/defense_results/adv_training/best_adv.pt,1,0,Ariel_Sharon,1,0,True,False,True,0.2477927953004837,0.0019243855495005846,0.9833976626396179,0.007566058000065823,ok
atk_e1c890d6291f,square,targeted_square,adv_training,"{""attack_family"": ""pgd"", ""mix_ratio"": 0.5, ""epochs"": 5}",outputs/attacks/square_face/images/Ariel_Sharon_0049_to_Colin_Powell_eps0.050_q300.jpg,/content/defense_results/adv_training/best_adv.pt,1,0,Ariel_Sharon,1,0,True,False,True,0.2794390916824341,0.004262268077582121,0.9726301431655884,0.007599564999964059,ok
atk_8451a6ea8fef,square,targeted_square,adv_training,"{""attack_family"": ""pgd"", ""mix_ratio"": 0.5, ""epochs"": 5}",outputs/attacks/square_face/images/Ariel_Sharon_0050_to_Colin_Powell_eps0.050_q300.jpg,/content/defense_results/adv_training/best_adv.pt,1,0,Ariel_Sharon,1,0,True,False,True,0.3115643858909607,0.002663562074303627,0.977689802646637,0.007595740999931877,ok
atk_009014b432c7,square,targeted_square,adv_training,"{""attack_family"": ""pgd"", ""mix_ratio"": 0.5, ""epochs"": 5}",outputs/attacks/square_face/images/Ariel_Sharon_0059_to_Colin_Powell_eps0.050_q300.jpg,/content/defense_results/adv_training/best_adv.pt,1,0,Ariel_Sharon,1,0,True,False,True,0.3850883245468139,0.006740947719663382,0.9554080963134766,0.00704845199970805,ok
atk_f8c0a3febcde,square,targeted_square,adv_training,"{""attack_family"": ""pgd"", ""mix_ratio"": 0.5, ""epochs"": 5}",outputs/attacks/square_face/images/Ariel_Sharon_0062_to_Colin_Powell_eps0.050_q300.jpg,/content/defense_results/adv_training/best_adv.pt,1,0,Ariel_Sharon,1,0,True,False,True,0.4186153411865234,0.005986463278532028,0.9773691296577454,0.008884388999831572,ok
atk_f28ed5da9575,square,targeted_square,adv_training,"{""attack_family"": ""pgd"", ""mix_ratio"": 0.5, ""epochs"": 5}",outputs/attacks/square_face/images/Ariel_Sharon_0069_to_Colin_Powell_eps0.050_q300.jpg,/content/defense_results/adv_training/best_adv.pt,1,0,Ariel_Sharon,1,0,True,False,True,0.3266673386096954,0.00973101519048214,0.959517776966095,0.007471593999980541,ok
atk_7273aad46a76,square,targeted_square,adv_training,"{""attack_family"": ""pgd"", ""mix_ratio"": 0.5, ""epochs"": 5}",outputs/attacks/square_face/images/Ariel_Sharon_0070_to_Colin_Powell_eps0.050_q300.jpg,/content/defense_results/adv_training/best_adv.pt,1,0,Ariel_Sharon,1,0,True,False,True,0.3564938306808471,0.004222478251904249,0.9573575258255005,0.011370446999990236,ok
atk_99cbf9050bb1,square,targeted_square,adv_training,"{""attack_family"": ""pgd"", ""mix_ratio"": 0.5, ""epochs"": 5}",outputs/attacks/square_face/images/Ariel_Sharon_0071_to_Colin_Powell_eps0.050_q300.jpg,/content/defense_results/adv_training/best_adv.pt,1,0,Ariel_Sharon,1,0,True,False,True,0.2379085272550583,0.0038800309412181377,0.9740806221961975,0.01209813400009807,ok
atk_05b84348811a,square,targeted_square,adv_training,"{""attack_family"": ""pgd"", ""mix_ratio"": 0.5, ""epochs"": 5}",outputs/attacks/square_face/images/Colin_Powell_0001_to_Donald_Rumsfeld_eps0.050_q300.jpg,/content/defense_results/adv_training/best_adv.pt,2,1,Colin_Powell,2,1,True,False,True,0.3562532961368561,0.02313341200351715,0.9459556341171265,0.013403013999777613,ok
atk_a52fa2d31e33,square,targeted_square,adv_training,"{""attack_family"": ""pgd"", ""mix_ratio"": 0.5, ""epochs"": 5}",outputs/attacks/square_face/images/Colin_Powell_0032_to_Donald_Rumsfeld_eps0.050_q300.jpg,/content/defense_results/adv_training/best_adv.pt,2,1,Colin_Powell,2,1,True,False,True,0.2371334731578827,0.10217832028865814,0.8742051124572754,0.008563825000237557,ok
atk_2a5df436a064,square,targeted_square,adv_training,"{""attack_family"": ""pgd"", ""mix_ratio"": 0.5, ""epochs"": 5}",outputs/attacks/square_face/images/Colin_Powell_0033_to_Donald_Rumsfeld_eps0.050_q300.jpg,/content/defense_results/adv_training/best_adv.pt,2,1,Colin_Powell,2,1,True,False,True,0.3950272798538208,0.0019192814361304045,0.9922705888748169,0.007267996999871684,ok
atk_b053d8a5f353,square,targeted_square,adv_training,"{""attack_family"": ""pgd"", ""mix_ratio"": 0.5, ""epochs"": 5}",outputs/attacks/square_face/images/Colin_Powell_0050_to_Donald_Rumsfeld_eps0.050_q300.jpg,/content/defense_results/adv_training/best_adv.pt,2,1,Colin_Powell,2,1,True,False,True,0.2279632687568664,0.010443723760545254,0.9276512265205383,0.007519398000113142,ok
atk_f6b215f36656,square,targeted_square,adv_training,"{""attack_family"": ""pgd"", ""mix_ratio"": 0.5, ""epochs"": 5}",outputs/attacks/square_face/images/Colin_Powell_0051_to_Donald_Rumsfeld_eps0.050_q300.jpg,/content/defense_results/adv_training/best_adv.pt,2,1,Colin_Powell,2,1,True,False,True,0.3259181976318359,0.0060815815813839436,0.9778308868408203,0.0072629880000931735,ok
atk_a32e3b915a9d,square,targeted_square,adv_training,"{""attack_family"": ""pgd"", ""mix_ratio"": 0.5, ""epochs"": 5}",outputs/attacks/square_face/images/Colin_Powell_0076_to_Donald_Rumsfeld_eps0.050_q300.jpg,/content/defense_results/adv_training/best_adv.pt,2,1,Colin_Powell,2,1,True,False,True,0.385069340467453,0.008667638525366783,0.9622319340705872,0.007339395000144577,ok
atk_8fbe8f798561,square,targeted_square,adv_training,"{""attack_family"": ""pgd"", ""mix_ratio"": 0.5, ""epochs"": 5}",outputs/attacks/square_face/images/Colin_Powell_0081_to_Donald_Rumsfeld_eps0.050_q300.jpg,/content/defense_results/adv_training/best_adv.pt,2,1,Colin_Powell,2,1,True,False,True,0.2480518668889999,0.002496762666851282,0.9914582371711731,0.007220906000384275,ok
atk_40f2d92d7b41,square,targeted_square,adv_training,"{""attack_family"": ""pgd"", ""mix_ratio"": 0.5, ""epochs"": 5}",outputs/attacks/square_face/images/Colin_Powell_0084_to_Donald_Rumsfeld_eps0.050_q300.jpg,/content/defense_results/adv_training/best_adv.pt,2,1,Colin_Powell,2,1,True,False,True,0.3576569557189941,0.0018613454885780811,0.9848546981811523,0.006935014000191586,ok
atk_93de78dffa84,square,targeted_square,adv_training,"{""attack_family"": ""pgd"", ""mix_ratio"": 0.5, ""epochs"": 5}",outputs/attacks/square_face/images/Colin_Powell_0085_to_Donald_Rumsfeld_eps0.050_q300.jpg,/content/defense_results/adv_training/best_adv.pt,2,1,Colin_Powell,2,1,True,False,True,0.373272955417633,0.010753990150988102,0.9695802927017212,0.007850514999972802,ok
atk_0aea8fed0ba9,square,targeted_square,adv_training,"{""attack_family"": ""pgd"", ""mix_ratio"": 0.5, ""epochs"": 5}",outputs/attacks/square_face/images/Colin_Powell_0094_to_Donald_Rumsfeld_eps0.050_q300.jpg,/content/defense_results/adv_training/best_adv.pt,2,1,Colin_Powell,2,1,True,False,True,0.2613609135150909,0.0011331606656312943,0.9957265853881836,0.007274770999629254,ok
atk_6d8696cb7862,square,targeted_square,adv_training,"{""attack_family"": ""pgd"", ""mix_ratio"": 0.5, ""epochs"": 5}",outputs/attacks/square_face/images/Colin_Powell_0098_to_Donald_Rumsfeld_eps0.050_q300.jpg,/content/defense_results/adv_training/best_adv.pt,2,1,Colin_Powell,2,1,True,False,True,0.2766410410404205,0.0024688912089914083,0.9898350834846497,0.007481008000013389,ok
atk_84765a97fa1a,square,targeted_square,adv_training,"{""attack_family"": ""pgd"", ""mix_ratio"": 0.5, ""epochs"": 5}",outputs/attacks/square_face/images/Colin_Powell_0104_to_Donald_Rumsfeld_eps0.050_q300.jpg,/content/defense_results/adv_training/best_adv.pt,2,1,Colin_Powell,2,1,True,False,True,0.2915611863136291,0.017971381545066833,0.9001961946487427,0.007275090999883105,ok
atk_3be462a4de5d,square,targeted_square,adv_training,"{""attack_family"": ""pgd"", ""mix_ratio"": 0.5, ""epochs"": 5}",outputs/attacks/square_face/images/Colin_Powell_0105_to_Donald_Rumsfeld_eps0.050_q300.jpg,/content/defense_results/adv_training/best_adv.pt,2,1,Colin_Powell,2,1,True,False,True,0.2827353775501251,0.001745676388964057,0.990392804145813,0.007015533999947365,ok
atk_bec693166e82,square,targeted_square,adv_training,"{""attack_family"": ""pgd"", ""mix_ratio"": 0.5, ""epochs"": 5}",outputs/attacks/square_face/images/Colin_Powell_0108_to_Donald_Rumsfeld_eps0.050_q300.jpg,/content/defense_results/adv_training/best_adv.pt,2,1,Colin_Powell,2,1,True,False,True,0.3376714289188385,0.00283113494515419,0.9809891581535339,0.007486166000035155,ok
atk_8d7292623dee,square,targeted_square,adv_training,"{""attack_family"": ""pgd"", ""mix_ratio"": 0.5, ""epochs"": 5}",outputs/attacks/square_face/images/Colin_Powell_0111_to_Donald_Rumsfeld_eps0.050_q300.jpg,/content/defense_results/adv_training/best_adv.pt,2,1,Colin_Powell,2,1,True,False,True,0.264351338148117,0.004286008421331644,0.9873752593994141,0.007490667000183748,ok
atk_84a66f8b74dd,square,targeted_square,adv_training,"{""attack_family"": ""pgd"", ""mix_ratio"": 0.5, ""epochs"": 5}",outputs/attacks/square_face/images/Colin_Powell_0134_to_Donald_Rumsfeld_eps0.050_q300.jpg,/content/defense_results/adv_training/best_adv.pt,2,1,Colin_Powell,2,1,True,False,True,0.3099027276039123,0.00415640976279974,0.9878630638122559,0.007514792999700148,ok
atk_cc5ed42f0683,square,targeted_square,adv_training,"{""attack_family"": ""pgd"", ""mix_ratio"": 0.5, ""epochs"": 5}",outputs/attacks/square_face/images/Colin_Powell_0138_to_Donald_Rumsfeld_eps0.050_q300.jpg,/content/defense_results/adv_training/best_adv.pt,2,1,Colin_Powell,2,1,True,False,True,0.3466953933238983,0.005344906356185675,0.9720996022224426,0.0073133539999616914,ok
atk_ea94f75391d1,square,targeted_square,adv_training,"{""attack_family"": ""pgd"", ""mix_ratio"": 0.5, ""epochs"": 5}",outputs/attacks/square_face/images/Colin_Powell_0142_to_Donald_Rumsfeld_eps0.050_q300.jpg,/content/defense_results/adv_training/best_adv.pt,2,1,Colin_Powell,2,1,True,False,True,0.2254959940910339,0.01764058694243431,0.9399953484535217,0.007733120000011695,ok
atk_12cd60738f54,square,targeted_square,adv_training,"{""attack_family"": ""pgd"", ""mix_ratio"": 0.5, ""epochs"": 5}",outputs/attacks/square_face/images/Colin_Powell_0160_to_Donald_Rumsfeld_eps0.050_q300.jpg,/content/defense_results/adv_training/best_adv.pt,2,1,Colin_Powell,2,1,True,False,True,0.3178580403327942,0.0005590296350419521,0.9939077496528625,0.007360296000115341,ok
atk_4ace889e89ea,square,targeted_square,adv_training,"{""attack_family"": ""pgd"", ""mix_ratio"": 0.5, ""epochs"": 5}",outputs/attacks/square_face/images/Colin_Powell_0170_to_Donald_Rumsfeld_eps0.050_q300.jpg,/content/defense_results/adv_training/best_adv.pt,2,1,Colin_Powell,2,1,True,False,True,0.3235138952732086,0.007812490686774254,0.9823579788208008,0.007303404999674967,ok
atk_b069f5c190d2,square,targeted_square,adv_training,"{""attack_family"": ""pgd"", ""mix_ratio"": 0.5, ""epochs"": 5}",outputs/attacks/square_face/images/Colin_Powell_0171_to_Donald_Rumsfeld_eps0.050_q300.jpg,/content/defense_results/adv_training/best_adv.pt,2,1,Colin_Powell,2,1,True,False,True,0.3018369674682617,0.00325197447091341,0.9524708390235901,0.007673309999972844,ok
atk_ee81dda690fb,square,targeted_square,adv_training,"{""attack_family"": ""pgd"", ""mix_ratio"": 0.5, ""epochs"": 5}",outputs/attacks/square_face/images/Colin_Powell_0172_to_Donald_Rumsfeld_eps0.050_q300.jpg,/content/defense_results/adv_training/best_adv.pt,2,1,Colin_Powell,2,1,True,False,True,0.2761874496936798,0.0024427284952253103,0.9859417080879211,0.010515968000163411,ok
atk_a853ce1b7e5f,square,targeted_square,adv_training,"{""attack_family"": ""pgd"", ""mix_ratio"": 0.5, ""epochs"": 5}",outputs/attacks/square_face/images/Colin_Powell_0176_to_Donald_Rumsfeld_eps0.050_q300.jpg,/content/defense_results/adv_training/best_adv.pt,2,1,Colin_Powell,2,1,True,False,True,0.2604622542858124,0.002932291943579912,0.7962461709976196,0.011013372999968851,ok
atk_fbee2dee8c5d,square,targeted_square,adv_training,"{""attack_family"": ""pgd"", ""mix_ratio"": 0.5, ""epochs"": 5}",outputs/attacks/square_face/images/Colin_Powell_0179_to_Donald_Rumsfeld_eps0.050_q300.jpg,/content/defense_results/adv_training/best_adv.pt,2,1,Colin_Powell,2,1,True,False,True,0.301999032497406,0.0030914153903722763,0.9886946082115173,0.007881528999860166,ok
atk_a25f1ae3eda7,square,targeted_square,adv_training,"{""attack_family"": ""pgd"", ""mix_ratio"": 0.5, ""epochs"": 5}",outputs/attacks/square_face/images/Colin_Powell_0185_to_Donald_Rumsfeld_eps0.050_q300.jpg,/content/defense_results/adv_training/best_adv.pt,2,1,Colin_Powell,2,1,True,False,True,0.3750391900539398,0.004174800589680672,0.9882709383964539,0.007773098999678041,ok
atk_9db6fac46032,square,targeted_square,adv_training,"{""attack_family"": ""pgd"", ""mix_ratio"": 0.5, ""epochs"": 5}",outputs/attacks/square_face/images/Colin_Powell_0189_to_Donald_Rumsfeld_eps0.050_q300.jpg,/content/defense_results/adv_training/best_adv.pt,2,1,Colin_Powell,2,1,True,False,True,0.516059398651123,0.005531568545848131,0.9800916314125061,0.007465581999895221,ok
atk_695cca78a501,square,targeted_square,adv_training,"{""attack_family"": ""pgd"", ""mix_ratio"": 0.5, ""epochs"": 5}",outputs/attacks/square_face/images/Colin_Powell_0207_to_Donald_Rumsfeld_eps0.050_q300.jpg,/content/defense_results/adv_training/best_adv.pt,2,1,Colin_Powell,2,1,True,False,True,0.2814169526100158,0.021936513483524323,0.9593365788459778,0.0076341799999681825,ok
atk_95f120978299,square,targeted_square,adv_training,"{""attack_family"": ""pgd"", ""mix_ratio"": 0.5, ""epochs"": 5}",outputs/attacks/square_face/images/Colin_Powell_0218_to_Donald_Rumsfeld_eps0.050_q300.jpg,/content/defense_results/adv_training/best_adv.pt,2,1,Colin_Powell,2,1,True,False,True,0.3132972419261932,0.005613379180431366,0.9399512410163879,0.007193644999915705,ok
atk_27c95704f2ee,square,targeted_square,adv_training,"{""attack_family"": ""pgd"", ""mix_ratio"": 0.5, ""epochs"": 5}",outputs/attacks/square_face/images/Colin_Powell_0223_to_Donald_Rumsfeld_eps0.050_q300.jpg,/content/defense_results/adv_training/best_adv.pt,2,1,Colin_Powell,2,1,True,False,True,0.3639653623104095,0.0027330622542649508,0.9851188063621521,0.0077708230001007905,ok
atk_2c59733bc23f,square,targeted_square,adv_training,"{""attack_family"": ""pgd"", ""mix_ratio"": 0.5, ""epochs"": 5}",outputs/attacks/square_face/images/Colin_Powell_0231_to_Donald_Rumsfeld_eps0.050_q300.jpg,/content/defense_results/adv_training/best_adv.pt,2,1,Colin_Powell,2,1,True,False,True,0.3045457601547241,0.005450419150292873,0.9721428751945496,0.009426430000075925,ok
atk_0d19040efec2,square,targeted_square,adv_training,"{""attack_family"": ""pgd"", ""mix_ratio"": 0.5, ""epochs"": 5}",outputs/attacks/square_face/images/Donald_Rumsfeld_0002_to_George_W_Bush_eps0.050_q300.jpg,/content/defense_results/adv_training/best_adv.pt,3,2,Donald_Rumsfeld,3,2,True,False,True,0.1981028914451599,0.010095731355249882,0.9534857273101807,0.009410568000021158,ok
atk_279fa388f19b,square,targeted_square,adv_training,"{""attack_family"": ""pgd"", ""mix_ratio"": 0.5, ""epochs"": 5}",outputs/attacks/square_face/images/Donald_Rumsfeld_0006_to_George_W_Bush_eps0.050_q300.jpg,/content/defense_results/adv_training/best_adv.pt,3,2,Donald_Rumsfeld,3,2,True,False,True,0.3771339356899261,0.004345835652202368,0.984006941318512,0.008379121999951167,ok
atk_64b7b1a82da2,square,targeted_square,adv_training,"{""attack_family"": ""pgd"", ""mix_ratio"": 0.5, ""epochs"": 5}",outputs/attacks/square_face/images/Donald_Rumsfeld_0014_to_George_W_Bush_eps0.050_q300.jpg,/content/defense_results/adv_training/best_adv.pt,3,2,Donald_Rumsfeld,3,2,True,False,True,0.4514484405517578,0.00830303505063057,0.9766362309455872,0.007630914999936067,ok
atk_e1fed213ef7f,square,targeted_square,adv_training,"{""attack_family"": ""pgd"", ""mix_ratio"": 0.5, ""epochs"": 5}",outputs/attacks/square_face/images/Donald_Rumsfeld_0017_to_George_W_Bush_eps0.050_q300.jpg,/content/defense_results/adv_training/best_adv.pt,3,2,Donald_Rumsfeld,3,2,True,False,True,0.325035035610199,0.007477410603314638,0.9727238416671753,0.007680424000227504,ok
atk_274e5288bb3d,square,targeted_square,adv_training,"{""attack_family"": ""pgd"", ""mix_ratio"": 0.5, ""epochs"": 5}",outputs/attacks/square_face/images/Donald_Rumsfeld_0038_to_George_W_Bush_eps0.050_q300.jpg,/content/defense_results/adv_training/best_adv.pt,3,2,Donald_Rumsfeld,3,2,True,False,True,0.3134468793869018,0.0044745816849172115,0.9872201681137085,0.008156816999871808,ok
atk_d0791c3350bd,square,targeted_square,adv_training,"{""attack_family"": ""pgd"", ""mix_ratio"": 0.5, ""epochs"": 5}",outputs/attacks/square_face/images/Donald_Rumsfeld_0061_to_George_W_Bush_eps0.050_q300.jpg,/content/defense_results/adv_training/best_adv.pt,3,2,Donald_Rumsfeld,3,2,True,False,True,0.3651342391967773,0.004116147290915251,0.9854111671447754,0.007699243000388378,ok
atk_ea68ad4f5577,square,targeted_square,adv_training,"{""attack_family"": ""pgd"", ""mix_ratio"": 0.5, ""epochs"": 5}",outputs/attacks/square_face/images/Donald_Rumsfeld_0062_to_George_W_Bush_eps0.050_q300.jpg,/content/defense_results/adv_training/best_adv.pt,3,2,Donald_Rumsfeld,3,2,True,False,True,0.3618774712085724,0.0062218718230724335,0.982894778251648,0.007572588000130054,ok
atk_507d7c3302c7,square,targeted_square,adv_training,"{""attack_family"": ""pgd"", ""mix_ratio"": 0.5, ""epochs"": 5}",outputs/attacks/square_face/images/Donald_Rumsfeld_0063_to_George_W_Bush_eps0.050_q300.jpg,/content/defense_results/adv_training/best_adv.pt,3,2,Donald_Rumsfeld,3,2,True,False,True,0.3525235056877136,0.00791279785335064,0.9667523503303528,0.009484449999945355,ok
atk_e80cebda1f9a,square,targeted_square,adv_training,"{""attack_family"": ""pgd"", ""mix_ratio"": 0.5, ""epochs"": 5}",outputs/attacks/square_face/images/Donald_Rumsfeld_0071_to_George_W_Bush_eps0.050_q300.jpg,/content/defense_results/adv_training/best_adv.pt,3,2,Donald_Rumsfeld,3,2,True,False,True,0.3380313217639923,0.0014700343599542975,0.9956588745117188,0.00807117600015772,ok
atk_b13be1279483,square,targeted_square,adv_training,"{""attack_family"": ""pgd"", ""mix_ratio"": 0.5, ""epochs"": 5}",outputs/attacks/square_face/images/Donald_Rumsfeld_0074_to_George_W_Bush_eps0.050_q300.jpg,/content/defense_results/adv_training/best_adv.pt,3,2,Donald_Rumsfeld,3,2,True,False,True,0.3002067506313324,0.004174741916358471,0.9873823523521423,0.007756106000215368,ok
atk_50017fe35c14,square,targeted_square,adv_training,"{""attack_family"": ""pgd"", ""mix_ratio"": 0.5, ""epochs"": 5}",outputs/attacks/square_face/images/Donald_Rumsfeld_0082_to_George_W_Bush_eps0.050_q300.jpg,/content/defense_results/adv_training/best_adv.pt,3,2,Donald_Rumsfeld,3,2,True,False,True,0.227684661746025,0.024100271984934807,0.900763213634491,0.007879251000304066,ok
atk_f1b1b69ed84d,square,targeted_square,adv_training,"{""attack_family"": ""pgd"", ""mix_ratio"": 0.5, ""epochs"": 5}",outputs/attacks/square_face/images/Donald_Rumsfeld_0090_to_George_W_Bush_eps0.050_q300.jpg,/content/defense_results/adv_training/best_adv.pt,3,2,Donald_Rumsfeld,3,2,True,False,True,0.3181300461292267,0.002790335100144148,0.9927380681037903,0.00763946200004284,ok
atk_3d5b8933d3ae,square,targeted_square,adv_training,"{""attack_family"": ""pgd"", ""mix_ratio"": 0.5, ""epochs"": 5}",outputs/attacks/square_face/images/Donald_Rumsfeld_0091_to_George_W_Bush_eps0.050_q300.jpg,/content/defense_results/adv_training/best_adv.pt,3,2,Donald_Rumsfeld,3,2,True,False,True,0.2724395096302032,0.005350763909518719,0.9867881536483765,0.007690426999943156,ok
atk_3adce223011b,square,targeted_square,adv_training,"{""attack_family"": ""pgd"", ""mix_ratio"": 0.5, ""epochs"": 5}",outputs/attacks/square_face/images/Donald_Rumsfeld_0097_to_George_W_Bush_eps0.050_q300.jpg,/content/defense_results/adv_training/best_adv.pt,3,2,Donald_Rumsfeld,3,2,True,False,True,0.3845957219600677,0.00984085164964199,0.9567018747329712,0.009848411999882956,ok
atk_366e2adf3ae5,square,targeted_square,adv_training,"{""attack_family"": ""pgd"", ""mix_ratio"": 0.5, ""epochs"": 5}",outputs/attacks/square_face/images/George_W_Bush_0004_to_Gerhard_Schroeder_eps0.050_q300.jpg,/content/defense_results/adv_training/best_adv.pt,4,3,George_W_Bush,4,3,True,False,True,0.239171952009201,0.0011190129444003105,0.9970558881759644,0.007459829999788781,ok
atk_cbfc7d58986a,square,targeted_square,adv_training,"{""attack_family"": ""pgd"", ""mix_ratio"": 0.5, ""epochs"": 5}",outputs/attacks/square_face/images/George_W_Bush_0024_to_Gerhard_Schroeder_eps0.050_q300.jpg,/content/defense_results/adv_training/best_adv.pt,4,3,George_W_Bush,4,3,True,False,True,0.2010730803012848,0.000944911502301693,0.9951518774032593,0.007442830999934813,ok
atk_1a5d34228504,square,targeted_square,adv_training,"{""attack_family"": ""pgd"", ""mix_ratio"": 0.5, ""epochs"": 5}",outputs/attacks/square_face/images/George_W_Bush_0031_to_Gerhard_Schroeder_eps0.050_q300.jpg,/content/defense_results/adv_training/best_adv.pt,4,3,George_W_Bush,4,3,True,False,True,0.3989461064338684,0.0008502858690917492,0.9981085062026978,0.007431016999817075,ok
atk_1016d4291359,square,targeted_square,adv_training,"{""attack_family"": ""pgd"", ""mix_ratio"": 0.5, ""epochs"": 5}",outputs/attacks/square_face/images/George_W_Bush_0048_to_Gerhard_Schroeder_eps0.050_q300.jpg,/content/defense_results/adv_training/best_adv.pt,4,3,George_W_Bush,4,3,True,False,True,0.2583200931549072,0.010269970633089542,0.8665077686309814,0.007390276000023732,ok
atk_98e68a189422,square,targeted_square,adv_training,"{""attack_family"": ""pgd"", ""mix_ratio"": 0.5, ""epochs"": 5}",outputs/attacks/square_face/images/George_W_Bush_0050_to_Gerhard_Schroeder_eps0.050_q300.jpg,/content/defense_results/adv_training/best_adv.pt,4,3,George_W_Bush,4,3,True,False,True,0.3155986368656158,0.009467401541769505,0.9601898193359375,0.007586221000110527,ok
atk_040b7298dd6d,square,targeted_square,adv_training,"{""attack_family"": ""pgd"", ""mix_ratio"": 0.5, ""epochs"": 5}",outputs/attacks/square_face/images/George_W_Bush_0090_to_Gerhard_Schroeder_eps0.050_q300.jpg,/content/defense_results/adv_training/best_adv.pt,4,3,George_W_Bush,4,3,True,False,True,0.2042735964059829,0.019617315381765366,0.9566912055015564,0.007393197000055807,ok
atk_c230431ee2eb,square,targeted_square,adv_training,"{""attack_family"": ""pgd"", ""mix_ratio"": 0.5, ""epochs"": 5}",outputs/attacks/square_face/images/George_W_Bush_0099_to_Gerhard_Schroeder_eps0.050_q300.jpg,/content/defense_results/adv_training/best_adv.pt,4,3,George_W_Bush,4,3,True,False,True,0.3459425270557403,0.0007181752007454634,0.9957320094108582,0.007898025000031339,ok
atk_11db78adb446,square,targeted_square,adv_training,"{""attack_family"": ""pgd"", ""mix_ratio"": 0.5, ""epochs"": 5}",outputs/attacks/square_face/images/George_W_Bush_0111_to_Gerhard_Schroeder_eps0.050_q300.jpg,/content/defense_results/adv_training/best_adv.pt,4,3,George_W_Bush,4,3,True,False,True,0.2905364632606506,0.0006830430938862264,0.9970020651817322,0.007482229000288498,ok
atk_a177789b7a8a,square,targeted_square,adv_training,"{""attack_family"": ""pgd"", ""mix_ratio"": 0.5, ""epochs"": 5}",outputs/attacks/square_face/images/George_W_Bush_0120_to_Gerhard_Schroeder_eps0.050_q300.jpg,/content/defense_results/adv_training/best_adv.pt,4,3,George_W_Bush,4,3,True,False,True,0.2964993715286255,0.0023403193335980177,0.94315505027771,0.007561880999674031,ok
atk_1d4b3d92f69f,square,targeted_square,adv_training,"{""attack_family"": ""pgd"", ""mix_ratio"": 0.5, ""epochs"": 5}",outputs/attacks/square_face/images/George_W_Bush_0136_to_Gerhard_Schroeder_eps0.050_q300.jpg,/content/defense_results/adv_training/best_adv.pt,4,3,George_W_Bush,4,3,True,False,True,0.2501555979251861,0.0009378938702866435,0.9970560073852539,0.0074230109999007254,ok
atk_02120f191a0c,square,targeted_square,adv_training,"{""attack_family"": ""pgd"", ""mix_ratio"": 0.5, ""epochs"": 5}",outputs/attacks/square_face/images/George_W_Bush_0149_to_Gerhard_Schroeder_eps0.050_q300.jpg,/content/defense_results/adv_training/best_adv.pt,4,3,George_W_Bush,4,3,True,False,True,0.3124036490917206,0.0002661281614564359,0.9975544810295105,0.007875929999954678,ok
atk_126141cdd565,square,targeted_square,adv_training,"{""attack_family"": ""pgd"", ""mix_ratio"": 0.5, ""epochs"": 5}",outputs/attacks/square_face/images/George_W_Bush_0151_to_Gerhard_Schroeder_eps0.050_q300.jpg,/content/defense_results/adv_training/best_adv.pt,4,3,George_W_Bush,4,3,True,False,True,0.3437667787075043,0.0012596946908161044,0.9955255389213562,0.007336398999996163,ok
atk_d5f1b398c91f,square,targeted_square,adv_training,"{""attack_family"": ""pgd"", ""mix_ratio"": 0.5, ""epochs"": 5}",outputs/attacks/square_face/images/George_W_Bush_0184_to_Gerhard_Schroeder_eps0.050_q300.jpg,/content/defense_results/adv_training/best_adv.pt,4,3,George_W_Bush,4,3,True,False,True,0.2444476336240768,8.824060932965949e-05,0.9995577931404114,0.007800908000263007,ok
atk_4882ec883aff,square,targeted_square,adv_training,"{""attack_family"": ""pgd"", ""mix_ratio"": 0.5, ""epochs"": 5}",outputs/attacks/square_face/images/George_W_Bush_0194_to_Gerhard_Schroeder_eps0.050_q300.jpg,/content/defense_results/adv_training/best_adv.pt,4,3,George_W_Bush,4,3,True,False,True,0.2905121743679046,6.749027670593932e-05,0.9997521042823792,0.007346060000145371,ok
atk_201c3d0c6e68,square,targeted_square,adv_training,"{""attack_family"": ""pgd"", ""mix_ratio"": 0.5, ""epochs"": 5}",outputs/attacks/square_face/images/George_W_Bush_0229_to_Gerhard_Schroeder_eps0.050_q300.jpg,/content/defense_results/adv_training/best_adv.pt,4,3,George_W_Bush,4,3,True,False,True,0.3169298470020294,1.436684306099778e-05,0.9999499320983887,0.007806797999819537,ok
atk_6b2f2c19ed67,square,targeted_square,adv_training,"{""attack_family"": ""pgd"", ""mix_ratio"": 0.5, ""epochs"": 5}",outputs/attacks/square_face/images/George_W_Bush_0233_to_Gerhard_Schroeder_eps0.050_q300.jpg,/content/defense_results/adv_training/best_adv.pt,4,3,George_W_Bush,4,3,True,False,True,0.300880879163742,0.007559477351605892,0.9740696549415588,0.007558649000202422,ok
atk_b525f522bdc8,square,targeted_square,adv_training,"{""attack_family"": ""pgd"", ""mix_ratio"": 0.5, ""epochs"": 5}",outputs/attacks/square_face/images/George_W_Bush_0236_to_Gerhard_Schroeder_eps0.050_q300.jpg,/content/defense_results/adv_training/best_adv.pt,4,3,George_W_Bush,4,3,True,False,True,0.3922640383243561,0.0008079417166300118,0.9974656105041504,0.007419486999879155,ok
atk_9f2fccca124d,square,targeted_square,adv_training,"{""attack_family"": ""pgd"", ""mix_ratio"": 0.5, ""epochs"": 5}",outputs/attacks/square_face/images/George_W_Bush_0239_to_Gerhard_Schroeder_eps0.050_q300.jpg,/content/defense_results/adv_training/best_adv.pt,4,3,George_W_Bush,4,3,True,False,True,0.233652263879776,2.3253256586031057e-05,0.9998237490653992,0.0072399019995827985,ok
atk_399a7ce34cfd,square,targeted_square,adv_training,"{""attack_family"": ""pgd"", ""mix_ratio"": 0.5, ""epochs"": 5}",outputs/attacks/square_face/images/George_W_Bush_0275_to_Gerhard_Schroeder_eps0.050_q300.jpg,/content/defense_results/adv_training/best_adv.pt,4,3,George_W_Bush,4,3,True,False,True,0.3557658791542053,0.0005560819408856332,0.9988998174667358,0.0078059279999251885,ok
atk_41219936332b,square,targeted_square,adv_training,"{""attack_family"": ""pgd"", ""mix_ratio"": 0.5, ""epochs"": 5}",outputs/attacks/square_face/images/George_W_Bush_0282_to_Gerhard_Schroeder_eps0.050_q300.jpg,/content/defense_results/adv_training/best_adv.pt,4,3,George_W_Bush,4,3,True,False,True,0.3333577215671539,0.0012952616671100259,0.9961584210395813,0.007701941000050283,ok
atk_4fca48d404bb,square,targeted_square,adv_training,"{""attack_family"": ""pgd"", ""mix_ratio"": 0.5, ""epochs"": 5}",outputs/attacks/square_face/images/George_W_Bush_0283_to_Gerhard_Schroeder_eps0.050_q300.jpg,/content/defense_results/adv_training/best_adv.pt,4,3,George_W_Bush,4,3,True,False,True,0.365025132894516,0.25843921303749084,0.367713987827301,0.007335498000429652,ok
atk_934da8882ae8,square,targeted_square,adv_training,"{""attack_family"": ""pgd"", ""mix_ratio"": 0.5, ""epochs"": 5}",outputs/attacks/square_face/images/George_W_Bush_0322_to_Gerhard_Schroeder_eps0.050_q300.jpg,/content/defense_results/adv_training/best_adv.pt,4,3,George_W_Bush,4,3,True,False,True,0.2285105288028717,0.0006427828338928521,0.9930222630500793,0.007091131999914069,ok
atk_dc184a3e2bed,square,targeted_square,adv_training,"{""attack_family"": ""pgd"", ""mix_ratio"": 0.5, ""epochs"": 5}",outputs/attacks/square_face/images/George_W_Bush_0391_to_Gerhard_Schroeder_eps0.050_q300.jpg,/content/defense_results/adv_training/best_adv.pt,4,3,George_W_Bush,4,3,True,False,True,0.2547607123851776,0.00012734763731714338,0.9994182586669922,0.007297425000160729,ok
atk_f11c0844aae5,square,targeted_square,adv_training,"{""attack_family"": ""pgd"", ""mix_ratio"": 0.5, ""epochs"": 5}",outputs/attacks/square_face/images/George_W_Bush_0414_to_Gerhard_Schroeder_eps0.050_q300.jpg,/content/defense_results/adv_training/best_adv.pt,4,3,George_W_Bush,4,3,True,False,True,0.2547018826007843,0.0005378976929932833,0.9950534701347351,0.00698136200026056,ok
atk_26d876b31919,square,targeted_square,adv_training,"{""attack_family"": ""pgd"", ""mix_ratio"": 0.5, ""epochs"": 5}",outputs/attacks/square_face/images/George_W_Bush_0425_to_Gerhard_Schroeder_eps0.050_q300.jpg,/content/defense_results/adv_training/best_adv.pt,4,3,George_W_Bush,4,3,True,False,True,0.2600163221359253,0.0004028094990644604,0.9964698553085327,0.007286091999958444,ok
atk_61d098d38923,square,targeted_square,adv_training,"{""attack_family"": ""pgd"", ""mix_ratio"": 0.5, ""epochs"": 5}",outputs/attacks/square_face/images/George_W_Bush_0430_to_Gerhard_Schroeder_eps0.050_q300.jpg,/content/defense_results/adv_training/best_adv.pt,4,3,George_W_Bush,4,3,True,False,True,0.2812367677688598,0.020729392766952515,0.9242148399353027,0.007957587000419153,ok
atk_083096f7dc40,square,targeted_square,adv_training,"{""attack_family"": ""pgd"", ""mix_ratio"": 0.5, ""epochs"": 5}",outputs/attacks/square_face/images/George_W_Bush_0433_to_Gerhard_Schroeder_eps0.050_q300.jpg,/content/defense_results/adv_training/best_adv.pt,4,3,George_W_Bush,4,3,True,False,True,0.2973358035087585,0.0020815161988139153,0.992874026298523,0.0073847090002345794,ok
atk_f5def4cf3088,square,targeted_square,adv_training,"{""attack_family"": ""pgd"", ""mix_ratio"": 0.5, ""epochs"": 5}",outputs/attacks/square_face/images/George_W_Bush_0434_to_Gerhard_Schroeder_eps0.050_q300.jpg,/content/defense_results/adv_training/best_adv.pt,4,3,George_W_Bush,4,3,True,False,True,0.2522421479225158,0.0002289897674927488,0.9992571473121643,0.007427759000165679,ok
atk_2f3c5c268115,square,targeted_square,adv_training,"{""attack_family"": ""pgd"", ""mix_ratio"": 0.5, ""epochs"": 5}",outputs/attacks/square_face/images/George_W_Bush_0442_to_Gerhard_Schroeder_eps0.050_q300.jpg,/content/defense_results/adv_training/best_adv.pt,4,3,George_W_Bush,4,3,True,False,True,0.2559935450553894,0.010976780205965042,0.961287796497345,0.007574458999897615,ok
atk_7d6c7d55f1aa,square,targeted_square,adv_training,"{""attack_family"": ""pgd"", ""mix_ratio"": 0.5, ""epochs"": 5}",outputs/attacks/square_face/images/George_W_Bush_0454_to_Gerhard_Schroeder_eps0.050_q300.jpg,/content/defense_results/adv_training/best_adv.pt,4,3,George_W_Bush,4,3,True,False,True,0.2681528031826019,4.8521676944801584e-05,0.9996370077133179,0.007475727999917581,ok
atk_95178c070ecc,square,targeted_square,adv_training,"{""attack_family"": ""pgd"", ""mix_ratio"": 0.5, ""epochs"": 5}",outputs/attacks/square_face/images/George_W_Bush_0460_to_Gerhard_Schroeder_eps0.050_q300.jpg,/content/defense_results/adv_training/best_adv.pt,4,3,George_W_Bush,4,3,True,False,True,0.3009009659290313,0.00010034410661319271,0.9993957281112671,0.007851321999623906,ok
atk_800b25743a31,square,targeted_square,adv_training,"{""attack_family"": ""pgd"", ""mix_ratio"": 0.5, ""epochs"": 5}",outputs/attacks/square_face/images/George_W_Bush_0477_to_Gerhard_Schroeder_eps0.050_q300.jpg,/content/defense_results/adv_training/best_adv.pt,4,3,George_W_Bush,4,3,True,False,True,0.2348660677671432,0.0030198805034160614,0.967829167842865,0.007639593000021705,ok
atk_6478fe590dfd,square,targeted_square,adv_training,"{""attack_family"": ""pgd"", ""mix_ratio"": 0.5, ""epochs"": 5}",outputs/attacks/square_face/images/George_W_Bush_0491_to_Gerhard_Schroeder_eps0.050_q300.jpg,/content/defense_results/adv_training/best_adv.pt,4,3,George_W_Bush,4,3,True,False,True,0.2816340327262878,0.0005148729542270303,0.9945926070213318,0.007325113000206329,ok
atk_1aa84df8910f,square,targeted_square,adv_training,"{""attack_family"": ""pgd"", ""mix_ratio"": 0.5, ""epochs"": 5}",outputs/attacks/square_face/images/Gerhard_Schroeder_0006_to_Hugo_Chavez_eps0.050_q300.jpg,/content/defense_results/adv_training/best_adv.pt,5,4,Gerhard_Schroeder,5,4,True,False,True,0.2847348749637604,0.0012328731827437878,0.9974756836891174,0.007386305000181892,ok
atk_a9c70f33ffc4,square,targeted_square,adv_training,"{""attack_family"": ""pgd"", ""mix_ratio"": 0.5, ""epochs"": 5}",outputs/attacks/square_face/images/Gerhard_Schroeder_0012_to_Hugo_Chavez_eps0.050_q300.jpg,/content/defense_results/adv_training/best_adv.pt,5,4,Gerhard_Schroeder,5,4,True,False,True,0.3703404366970062,0.0038276324048638344,0.9947590231895447,0.007252506999975594,ok
atk_ffed17dbed86,square,targeted_square,adv_training,"{""attack_family"": ""pgd"", ""mix_ratio"": 0.5, ""epochs"": 5}",outputs/attacks/square_face/images/Gerhard_Schroeder_0024_to_Hugo_Chavez_eps0.050_q300.jpg,/content/defense_results/adv_training/best_adv.pt,5,4,Gerhard_Schroeder,5,4,True,False,True,0.3632070422172546,0.018635643646121025,0.9565688967704773,0.007255009999880713,ok
atk_a8954b14f336,square,targeted_square,adv_training,"{""attack_family"": ""pgd"", ""mix_ratio"": 0.5, ""epochs"": 5}",outputs/attacks/square_face/images/Gerhard_Schroeder_0067_to_Hugo_Chavez_eps0.050_q300.jpg,/content/defense_results/adv_training/best_adv.pt,5,4,Gerhard_Schroeder,5,4,True,False,True,0.2453763335943222,0.0009588398970663548,0.9983855485916138,0.007374656000138202,ok
atk_ae7bf6d8c01f,square,targeted_square,adv_training,"{""attack_family"": ""pgd"", ""mix_ratio"": 0.5, ""epochs"": 5}",outputs/attacks/square_face/images/Junichiro_Koizumi_0047_to_Tony_Blair_eps0.050_q300.jpg,/content/defense_results/adv_training/best_adv.pt,9,8,Junichiro_Koizumi,9,8,True,False,True,0.4022964835166931,0.0035947260912507772,0.9592329263687134,0.007082550999712112,ok
atk_ac9b55c8a23d,square,targeted_square,adv_training,"{""attack_family"": ""pgd"", ""mix_ratio"": 0.5, ""epochs"": 5}",outputs/attacks/square_face/images/Junichiro_Koizumi_0049_to_Tony_Blair_eps0.050_q300.jpg,/content/defense_results/adv_training/best_adv.pt,9,8,Junichiro_Koizumi,9,8,True,False,True,0.2786450982093811,0.0010251470375806093,0.992559552192688,0.009644999999636639,ok
atk_1fb2303b5454,square,targeted_square,adv_training,"{""attack_family"": ""pgd"", ""mix_ratio"": 0.5, ""epochs"": 5}",outputs/attacks/square_face/images/Junichiro_Koizumi_0050_to_Tony_Blair_eps0.050_q300.jpg,/content/defense_results/adv_training/best_adv.pt,9,8,Junichiro_Koizumi,9,8,True,False,True,0.2907218933105469,0.001363273011520505,0.9856953024864197,0.007653598000160855,ok
atk_0a724cfdeef8,square,targeted_square,adv_training,"{""attack_family"": ""pgd"", ""mix_ratio"": 0.5, ""epochs"": 5}",outputs/attacks/square_face/images/Tony_Blair_0007_to_Ariel_Sharon_eps0.050_q300.jpg,/content/defense_results/adv_training/best_adv.pt,0,9,Tony_Blair,0,9,True,False,True,0.2467289268970489,0.00028426601784303784,0.744091272354126,0.007705651999913243,ok
atk_485a2a9a45fe,square,targeted_square,adv_training,"{""attack_family"": ""pgd"", ""mix_ratio"": 0.5, ""epochs"": 5}",outputs/attacks/square_face/images/Tony_Blair_0020_to_Ariel_Sharon_eps0.050_q300.jpg,/content/defense_results/adv_training/best_adv.pt,0,9,Tony_Blair,0,9,True,False,True,0.2096017152070999,0.00028144646785221994,0.9873287677764893,0.007642651999958616,ok
atk_eb106973fa2f,square,targeted_square,adv_training,"{""attack_family"": ""pgd"", ""mix_ratio"": 0.5, ""epochs"": 5}",outputs/attacks/square_face/images/Tony_Blair_0043_to_Ariel_Sharon_eps0.050_q300.jpg,/content/defense_results/adv_training/best_adv.pt,0,9,Tony_Blair,0,9,True,False,True,0.1763211786746978,7.87393146310933e-05,0.9903210997581482,0.007571028000256774,ok
atk_97c391bf9586,square,targeted_square,adv_training,"{""attack_family"": ""pgd"", ""mix_ratio"": 0.5, ""epochs"": 5}",outputs/attacks/square_face/images/Tony_Blair_0078_to_Ariel_Sharon_eps0.050_q300.jpg,/content/defense_results/adv_training/best_adv.pt,0,9,Tony_Blair,0,9,True,False,True,0.281405508518219,0.001192896394059062,0.9690197110176086,0.00759426100012206,ok
atk_8e2ae1fb84b7,square,targeted_square,adv_training,"{""attack_family"": ""pgd"", ""mix_ratio"": 0.5, ""epochs"": 5}",outputs/attacks/square_face/images/Tony_Blair_0080_to_Ariel_Sharon_eps0.050_q300.jpg,/content/defense_results/adv_training/best_adv.pt,0,9,Tony_Blair,0,9,True,False,True,0.2564910352230072,0.01815660111606121,0.8359139561653137,0.0073376390000703395,ok
atk_9ed171f413a2,square,targeted_square,adv_training,"{""attack_family"": ""pgd"", ""mix_ratio"": 0.5, ""epochs"": 5}",outputs/attacks/square_face/images/Tony_Blair_0102_to_Ariel_Sharon_eps0.050_q300.jpg,/content/defense_results/adv_training/best_adv.pt,0,9,Tony_Blair,0,9,True,False,True,0.2545357644557953,7.204219582490623e-05,0.9932118654251099,0.007365122999999585,ok
atk_44d4fd7ece18,zoo,targeted_zoo,adv_training,"{""attack_family"": ""pgd"", ""mix_ratio"": 0.5, ""epochs"": 5}",outputs/attacks/zoo_face/images/Ariel_Sharon_0031_to_Colin_Powell_eps0.050_q2000.jpg,/content/defense_results/adv_training/best_adv.pt,1,0,Ariel_Sharon,1,0,True,False,True,0.3053723573684692,0.0014710732502862811,0.9517626166343689,0.0073104040002363035,ok
atk_e60fb8e0281d,zoo,targeted_zoo,adv_training,"{""attack_family"": ""pgd"", ""mix_ratio"": 0.5, ""epochs"": 5}",outputs/attacks/zoo_face/images/Ariel_Sharon_0042_to_Colin_Powell_eps0.050_q2000.jpg,/content/defense_results/adv_training/best_adv.pt,1,0,Ariel_Sharon,1,0,True,False,True,0.421077162027359,0.0022702980786561966,0.9790325164794922,0.007626784999956726,ok
atk_ea6316fbe494,zoo,targeted_zoo,adv_training,"{""attack_family"": ""pgd"", ""mix_ratio"": 0.5, ""epochs"": 5}",outputs/attacks/zoo_face/images/Ariel_Sharon_0062_to_Colin_Powell_eps0.050_q2000.jpg,/content/defense_results/adv_training/best_adv.pt,1,0,Ariel_Sharon,1,0,True,False,True,0.3032368719577789,0.0007446595700457692,0.9927228093147278,0.007766133000131958,ok
atk_4372e82e77d7,zoo,targeted_zoo,adv_training,"{""attack_family"": ""pgd"", ""mix_ratio"": 0.5, ""epochs"": 5}",outputs/attacks/zoo_face/images/Colin_Powell_0076_to_Donald_Rumsfeld_eps0.050_q2000.jpg,/content/defense_results/adv_training/best_adv.pt,2,1,Colin_Powell,2,1,True,False,True,0.2575553953647613,0.0006882835878059268,0.9861996173858643,0.007447504000083427,ok
atk_579ab60bb4b0,zoo,targeted_zoo,adv_training,"{""attack_family"": ""pgd"", ""mix_ratio"": 0.5, ""epochs"": 5}",outputs/attacks/zoo_face/images/Colin_Powell_0085_to_Donald_Rumsfeld_eps0.050_q2000.jpg,/content/defense_results/adv_training/best_adv.pt,2,1,Colin_Powell,2,1,True,False,True,0.3341167569160461,0.0034859622828662395,0.9908961653709412,0.007560400999864214,ok
atk_f21876f562dd,zoo,targeted_zoo,adv_training,"{""attack_family"": ""pgd"", ""mix_ratio"": 0.5, ""epochs"": 5}",outputs/attacks/zoo_face/images/Donald_Rumsfeld_0002_to_George_W_Bush_eps0.050_q2000.jpg,/content/defense_results/adv_training/best_adv.pt,3,2,Donald_Rumsfeld,3,2,True,False,True,0.3309113681316376,0.0013972021406516433,0.9966588020324707,0.007905511999979353,ok
atk_e0d1c814b3e1,zoo,targeted_zoo,adv_training,"{""attack_family"": ""pgd"", ""mix_ratio"": 0.5, ""epochs"": 5}",outputs/attacks/zoo_face/images/Donald_Rumsfeld_0038_to_George_W_Bush_eps0.050_q2000.jpg,/content/defense_results/adv_training/best_adv.pt,3,2,Donald_Rumsfeld,3,2,True,False,True,0.2422925531864166,0.0015668642008677125,0.9944831728935242,0.007215684000129841,ok
atk_8b7e6137022f,zoo,targeted_zoo,adv_training,"{""attack_family"": ""pgd"", ""mix_ratio"": 0.5, ""epochs"": 5}",outputs/attacks/zoo_face/images/Donald_Rumsfeld_0061_to_George_W_Bush_eps0.050_q2000.jpg,/content/defense_results/adv_training/best_adv.pt,3,2,Donald_Rumsfeld,3,2,True,False,True,0.3033278882503509,0.0009349543834105134,0.9970269799232483,0.007145842999761953,ok
atk_112c0876f2ca,zoo,targeted_zoo,adv_training,"{""attack_family"": ""pgd"", ""mix_ratio"": 0.5, ""epochs"": 5}",outputs/attacks/zoo_face/images/Donald_Rumsfeld_0062_to_George_W_Bush_eps0.050_q2000.jpg,/content/defense_results/adv_training/best_adv.pt,3,2,Donald_Rumsfeld,3,2,True,False,True,0.3199376463890075,0.0050101070664823055,0.9848875999450684,0.007357964000220818,ok
atk_6b7c4b6b9ffe,zoo,targeted_zoo,adv_training,"{""attack_family"": ""pgd"", ""mix_ratio"": 0.5, ""epochs"": 5}",outputs/attacks/zoo_face/images/Donald_Rumsfeld_0063_to_George_W_Bush_eps0.050_q2000.jpg,/content/defense_results/adv_training/best_adv.pt,3,2,Donald_Rumsfeld,3,2,True,False,True,0.276005357503891,0.003914243075996637,0.9863726496696472,0.007346325000071374,ok
atk_0b57f9f077b3,zoo,targeted_zoo,adv_training,"{""attack_family"": ""pgd"", ""mix_ratio"": 0.5, ""epochs"": 5}",outputs/attacks/zoo_face/images/Donald_Rumsfeld_0082_to_George_W_Bush_eps0.050_q2000.jpg,/content/defense_results/adv_training/best_adv.pt,3,2,Donald_Rumsfeld,3,2,True,False,True,0.2549098432064056,0.004959410522133112,0.9793611168861389,0.007138348999887967,ok
atk_849cc90cb964,zoo,targeted_zoo,adv_training,"{""attack_family"": ""pgd"", ""mix_ratio"": 0.5, ""epochs"": 5}",outputs/attacks/zoo_face/images/George_W_Bush_0082_to_Gerhard_Schroeder_eps0.050_q2000.jpg,/content/defense_results/adv_training/best_adv.pt,4,3,George_W_Bush,4,3,True,False,True,0.2475890517234802,0.0002775097091216594,0.999477207660675,0.007177920000231097,ok
